timestamp,machine_id,synthetic,latitude_deg,longitude_deg,gnss_fix,gnss_horizontal_accuracy_m,ground_speed_kmh,heading_deg,roll_deg,pitch_deg,yaw_rate_deg_s,engine_rpm,engine_load_pct,coolant_temp_c,oil_pressure_kpa,fuel_rate_l_h,battery_voltage_v,ambient_temp_c,relative_humidity_pct,brake_pressed,pto_engaged,coolant_warning_active,inclination_warning_active
2026-09-11T10:00:00.000Z,COLH-DEMO-01,true,-22.66738640,-47.80540265,3d,1.5,6.000,90.00,5.146,0.841,0.000,1850,62.00,86.00,420.00,18.000,14.20,27.00,58.00,false,true,false,false
2026-09-11T10:00:00.100Z,COLH-DEMO-01,true,-22.66738640,-47.80540102,3d,1.5,6.000,90.00,5.152,0.849,0.000,1850,62.02,86.00,420.01,18.002,14.20,27.00,58.00,false,true,false,false
2026-09-11T10:00:00.200Z,COLH-DEMO-01,true,-22.66738640,-47.80539940,3d,1.5,6.000,90.00,5.157,0.856,0.000,1850,62.04,86.00,420.02,18.005,14.20,27.00,58.00,false,true,false,false
2026-09-11T10:00:00.300Z,COLH-DEMO-01,true,-22.66738640,-47.80539778,3d,1.5,6.000,90.00,5.163,0.864,0.000,1851,62.06,86.00,420.03,18.007,14.20,27.00,58.00,false,true,false,false
2026-09-11T10:00:00.400Z,COLH-DEMO-01,true,-22.66738640,-47.80539616,3d,1.5,6.000,90.00,4.882,0.871,0.000,1851,62.08,86.00,420.04,18.009,14.20,27.00,58.00,false,true,false,false
2026-09-11T10:00:00.500Z,COLH-DEMO-01,true,-22.66738640,-47.80539453,3d,1.5,6.000,90.00,5.174,0.877,0.000,1851,62.10,86.01,420.05,18.012,14.20,27.00,58.01,false,true,false,false
2026-09-11T10:00:00.600Z,COLH-DEMO-01,true,-22.66738640,-47.80539291,3d,1.5,6.000,90.00,5.180,0.884,0.000,1851,62.11,86.01,420.06,18.014,14.20,27.00,58.01,false,true,false,false
2026-09-11T10:00:00.700Z,COLH-DEMO-01,true,-22.66738640,-47.80539129,3d,1.5,6.000,90.00,5.186,0.891,0.000,1852,62.13,86.01,420.07,18.016,14.20,27.00,58.01,false,true,false,false
2026-09-11T10:00:00.800Z,COLH-DEMO-01,true,-22.66738640,-47.80538967,3d,1.5,6.000,90.00,5.191,0.897,0.000,1852,62.15,86.01,420.08,18.018,14.20,27.00,58.01,false,true,false,false
2026-09-11T10:00:00.900Z,COLH-DEMO-01,true,-22.66738640,-47.80538804,3d,1.5,6.000,90.00,4.910,0.903,0.000,1852,62.17,86.01,420.09,18.021,14.20,27.00,58.01,false,true,false,false
2026-09-11T10:00:01.000Z,COLH-DEMO-01,true,-22.66738640,-47.80538642,3d,1.5,6.000,90.00,5.202,0.909,0.000,1852,62.19,86.01,420.10,18.023,14.20,27.00,58.01,false,true,false,false
2026-09-11T10:00:01.100Z,COLH-DEMO-01,true,-22.66738640,-47.80538480,3d,1.5,6.000,90.00,5.208,0.915,0.000,1853,62.21,86.01,420.11,18.025,14.20,27.00,58.01,false,true,false,false
2026-09-11T10:00:01.200Z,COLH-DEMO-01,true,-22.66738640,-47.80538318,3d,1.5,6.000,90.00,5.213,0.920,0.000,1853,62.23,86.01,420.12,18.028,14.20,27.00,58.01,false,true,false,false
2026-09-11T10:00:01.300Z,COLH-DEMO-01,true,-22.66738640,-47.80538155,3d,1.5,6.000,90.00,5.219,0.926,0.000,1853,62.25,86.02,420.13,18.030,14.20,27.00,58.01,false,true,false,false
2026-09-11T10:00:01.400Z,COLH-DEMO-01,true,-22.66738640,-47.80537993,3d,1.5,6.000,90.00,5.224,0.931,0.000,1853,62.27,86.02,420.14,18.032,14.20,27.00,58.02,false,true,false,false
2026-09-11T10:00:01.500Z,COLH-DEMO-01,true,-22.66738640,-47.80537831,3d,1.5,6.000,90.00,4.943,0.936,0.000,1853,62.29,86.02,420.15,18.035,14.20,27.00,58.02,false,true,false,false
2026-09-11T10:00:01.600Z,COLH-DEMO-01,true,-22.66738640,-47.80537669,3d,1.5,6.000,90.00,5.235,0.941,0.000,1854,62.30,86.02,420.16,18.037,14.20,27.01,58.02,false,true,false,false
2026-09-11T10:00:01.700Z,COLH-DEMO-01,true,-22.66738640,-47.80537506,3d,1.5,6.000,90.00,5.241,0.946,0.000,1854,62.32,86.02,420.17,18.039,14.20,27.01,58.02,false,true,false,false
2026-09-11T10:00:01.800Z,COLH-DEMO-01,true,-22.66738640,-47.80537344,3d,1.5,6.000,90.00,5.246,0.950,0.000,1854,62.34,86.02,420.18,18.042,14.20,27.01,58.02,false,true,false,false
2026-09-11T10:00:01.900Z,COLH-DEMO-01,true,-22.66738640,-47.80537182,3d,1.5,6.000,90.00,5.251,0.954,0.000,1854,62.36,86.02,420.19,18.044,14.20,27.01,58.02,false,true,false,false
2026-09-11T10:00:02.000Z,COLH-DEMO-01,true,-22.66738640,-47.80537020,3d,1.5,6.000,90.00,5.257,0.958,0.000,1855,62.38,86.02,420.20,18.046,14.20,27.01,58.02,false,true,false,false
2026-09-11T10:00:02.100Z,COLH-DEMO-01,true,-22.66738640,-47.80536857,3d,1.5,6.000,90.00,4.975,0.962,0.000,1855,62.40,86.03,420.21,18.048,14.20,27.01,58.02,false,true,false,false
2026-09-11T10:00:02.200Z,COLH-DEMO-01,true,-22.66738640,-47.80536695,3d,1.5,6.000,90.00,5.267,0.966,0.000,1855,62.42,86.03,420.22,18.051,14.20,27.01,58.02,false,true,false,false
2026-09-11T10:00:02.300Z,COLH-DEMO-01,true,-22.66738640,-47.80536533,3d,1.5,6.000,90.00,5.272,0.970,0.000,1855,62.44,86.03,420.23,18.053,14.20,27.01,58.03,false,true,false,false
2026-09-11T10:00:02.400Z,COLH-DEMO-01,true,-22.66738640,-47.80536370,3d,1.5,6.000,90.00,5.277,0.973,0.000,1856,62.46,86.03,420.24,18.055,14.20,27.01,58.03,false,true,false,false
2026-09-11T10:00:02.500Z,COLH-DEMO-01,true,-22.66738640,-47.80536208,3d,1.5,6.000,90.00,5.282,0.976,0.000,1856,62.48,86.03,420.25,18.058,14.20,27.01,58.03,false,true,false,false
2026-09-11T10:00:02.600Z,COLH-DEMO-01,true,-22.66738640,-47.80536046,3d,1.5,6.000,90.00,5.287,0.979,0.000,1856,62.49,86.03,420.26,18.060,14.20,27.01,58.03,false,true,false,false
2026-09-11T10:00:02.700Z,COLH-DEMO-01,true,-22.66738640,-47.80535884,3d,1.5,6.000,90.00,5.005,0.982,0.000,1856,62.51,86.03,420.27,18.062,14.20,27.01,58.03,false,true,false,false
2026-09-11T10:00:02.800Z,COLH-DEMO-01,true,-22.66738640,-47.80535721,3d,1.5,6.000,90.00,5.297,0.984,0.000,1856,62.53,86.03,420.28,18.064,14.20,27.01,58.03,false,true,false,false
2026-09-11T10:00:02.900Z,COLH-DEMO-01,true,-22.66738640,-47.80535559,3d,1.5,6.000,90.00,5.302,0.987,0.000,1857,62.55,86.04,420.29,18.067,14.20,27.01,58.03,false,true,false,false
2026-09-11T10:00:03.000Z,COLH-DEMO-01,true,-22.66738640,-47.80535397,3d,1.5,6.000,90.00,5.307,0.989,0.000,1857,62.57,86.04,420.30,18.069,14.20,27.01,58.03,false,true,false,false
2026-09-11T10:00:03.100Z,COLH-DEMO-01,true,-22.66738640,-47.80535235,3d,1.5,6.000,90.00,5.312,0.991,0.000,1857,62.59,86.04,420.31,18.071,14.20,27.01,58.03,false,true,false,false
2026-09-11T10:00:03.200Z,COLH-DEMO-01,true,-22.66738640,-47.80535072,3d,1.5,6.000,90.00,5.316,0.993,0.000,1857,62.61,86.04,420.32,18.074,14.20,27.01,58.04,false,true,false,false
2026-09-11T10:00:03.300Z,COLH-DEMO-01,true,-22.66738640,-47.80534910,3d,1.5,6.000,90.00,5.321,0.994,0.000,1858,62.63,86.04,420.33,18.076,14.20,27.01,58.04,false,true,false,false
2026-09-11T10:00:03.400Z,COLH-DEMO-01,true,-22.66738640,-47.80534748,3d,1.5,6.000,90.00,5.326,0.996,0.000,1858,62.64,86.04,420.34,18.078,14.20,27.01,58.04,false,true,false,false
2026-09-11T10:00:03.500Z,COLH-DEMO-01,true,-22.66738640,-47.80534586,3d,1.5,6.000,90.00,5.330,0.997,0.000,1858,62.66,86.04,420.35,18.081,14.20,27.01,58.04,false,true,false,false
2026-09-11T10:00:03.600Z,COLH-DEMO-01,true,-22.66738640,-47.80534423,3d,1.5,6.000,90.00,5.334,0.998,0.000,1858,62.68,86.04,420.36,18.083,14.20,27.01,58.04,false,true,false,false
2026-09-11T10:00:03.700Z,COLH-DEMO-01,true,-22.66738640,-47.80534261,3d,1.5,6.000,90.00,5.339,0.999,0.000,1858,62.70,86.05,420.37,18.085,14.20,27.01,58.04,false,true,false,false
2026-09-11T10:00:03.800Z,COLH-DEMO-01,true,-22.66738640,-47.80534099,3d,1.5,6.000,90.00,5.343,0.999,0.000,1859,62.72,86.05,420.38,18.087,14.20,27.01,58.04,false,true,false,false
2026-09-11T10:00:03.900Z,COLH-DEMO-01,true,-22.66738640,-47.80533937,3d,1.5,6.000,90.00,5.347,1.000,0.000,1859,62.74,86.05,420.39,18.090,14.20,27.01,58.04,false,true,false,false
2026-09-11T10:00:04.000Z,COLH-DEMO-01,true,-22.66738640,-47.80533774,3d,1.5,6.000,90.00,5.352,1.000,0.000,1859,62.76,86.05,420.40,18.092,14.20,27.01,58.04,false,true,false,false
2026-09-11T10:00:04.100Z,COLH-DEMO-01,true,-22.66738640,-47.80533612,3d,1.5,6.000,90.00,5.356,1.000,0.000,1859,62.78,86.05,420.41,18.094,14.20,27.01,58.05,false,true,false,false
2026-09-11T10:00:04.200Z,COLH-DEMO-01,true,-22.66738640,-47.80533450,3d,1.5,6.000,90.00,5.360,1.000,0.000,1860,62.79,86.05,420.42,18.097,14.20,27.01,58.05,false,true,false,false
2026-09-11T10:00:04.300Z,COLH-DEMO-01,true,-22.66738640,-47.80533288,3d,1.5,6.000,90.00,5.364,0.999,0.000,1860,62.81,86.05,420.43,18.099,14.20,27.01,58.05,false,true,false,false
2026-09-11T10:00:04.400Z,COLH-DEMO-01,true,-22.66738640,-47.80533125,3d,1.5,6.000,90.00,5.367,0.999,0.000,1860,62.83,86.05,420.44,18.101,14.20,27.01,58.05,false,true,false,false
2026-09-11T10:00:04.500Z,COLH-DEMO-01,true,-22.66738640,-47.80532963,3d,1.5,6.000,90.00,5.371,0.998,0.000,1860,62.85,86.06,420.45,18.103,14.20,27.01,58.05,false,true,false,false
2026-09-11T10:00:04.600Z,COLH-DEMO-01,true,-22.66738640,-47.80532801,3d,1.5,6.000,90.00,5.375,0.997,0.000,1860,62.87,86.06,420.46,18.106,14.20,27.02,58.05,false,true,false,false
2026-09-11T10:00:04.700Z,COLH-DEMO-01,true,-22.66738640,-47.80532639,3d,1.5,6.000,90.00,5.379,0.996,0.000,1861,62.89,86.06,420.47,18.108,14.20,27.02,58.05,false,true,false,false
2026-09-11T10:00:04.800Z,COLH-DEMO-01,true,-22.66738640,-47.80532476,3d,1.5,6.000,90.00,5.382,0.994,0.000,1861,62.91,86.06,420.48,18.110,14.20,27.02,58.05,false,true,false,false
2026-09-11T10:00:04.900Z,COLH-DEMO-01,true,-22.66738640,-47.80532314,3d,1.5,6.000,90.00,5.386,0.993,0.000,1861,62.92,86.06,420.49,18.112,14.20,27.02,58.05,false,true,false,false
2026-09-11T10:00:05.000Z,COLH-DEMO-01,true,-22.66738640,-47.80532152,3d,1.5,6.000,90.00,5.389,0.991,0.000,1861,62.94,86.06,420.50,18.115,14.20,27.02,58.06,false,true,false,false
2026-09-11T10:00:05.100Z,COLH-DEMO-01,true,-22.66738640,-47.80531990,3d,1.5,6.000,90.00,5.392,0.989,0.000,1861,62.96,86.06,420.51,18.117,14.20,27.02,58.06,false,true,false,false
2026-09-11T10:00:05.200Z,COLH-DEMO-01,true,-22.66738640,-47.80531827,3d,1.5,6.000,90.00,5.395,0.987,0.000,1862,62.98,86.06,420.52,18.119,14.20,27.02,58.06,false,true,false,false
2026-09-11T10:00:05.300Z,COLH-DEMO-01,true,-22.66738640,-47.80531665,3d,1.5,6.000,90.00,5.684,0.985,0.000,1862,63.00,86.07,420.53,18.121,14.20,27.02,58.06,false,true,false,false
2026-09-11T10:00:05.400Z,COLH-DEMO-01,true,-22.66738640,-47.80531503,3d,1.5,6.000,90.00,5.401,0.982,0.000,1862,63.02,86.07,420.54,18.124,14.20,27.02,58.06,false,true,false,false
2026-09-11T10:00:05.500Z,COLH-DEMO-01,true,-22.66738640,-47.80531341,3d,1.5,6.000,90.00,5.404,0.979,0.000,1862,63.04,86.07,420.55,18.126,14.20,27.02,58.06,false,true,false,false
2026-09-11T10:00:05.600Z,COLH-DEMO-01,true,-22.66738640,-47.80531178,3d,1.5,6.000,90.00,5.407,0.976,0.000,1863,63.05,86.07,420.56,18.128,14.20,27.02,58.06,false,true,false,false
2026-09-11T10:00:05.700Z,COLH-DEMO-01,true,-22.66738640,-47.80531016,3d,1.5,6.000,90.00,5.410,0.973,0.000,1863,63.07,86.07,420.57,18.130,14.20,27.02,58.06,false,true,false,false
2026-09-11T10:00:05.800Z,COLH-DEMO-01,true,-22.66738640,-47.80530854,3d,1.5,6.000,90.00,5.413,0.970,0.000,1863,63.09,86.07,420.58,18.133,14.20,27.02,58.06,false,true,false,false
2026-09-11T10:00:05.900Z,COLH-DEMO-01,true,-22.66738640,-47.80530692,3d,1.5,6.000,90.00,5.415,0.966,0.000,1863,63.11,86.07,420.59,18.135,14.20,27.02,58.07,false,true,false,false
2026-09-11T10:00:06.000Z,COLH-DEMO-01,true,-22.66738640,-47.80530529,3d,1.5,6.000,90.00,5.418,0.963,0.000,1863,63.13,86.07,420.60,18.137,14.20,27.02,58.07,false,true,false,false
2026-09-11T10:00:06.100Z,COLH-DEMO-01,true,-22.66738640,-47.80530367,3d,1.5,6.000,90.00,5.706,0.959,0.000,1864,63.15,86.08,420.61,18.139,14.20,27.02,58.07,false,true,false,false
2026-09-11T10:00:06.200Z,COLH-DEMO-01,true,-22.66738640,-47.80530205,3d,1.5,6.000,90.00,5.422,0.955,0.000,1864,63.16,86.08,420.62,18.142,14.20,27.02,58.07,false,true,false,false
2026-09-11T10:00:06.300Z,COLH-DEMO-01,true,-22.66738640,-47.80530043,3d,1.5,6.000,90.00,5.424,0.950,0.000,1864,63.18,86.08,420.63,18.144,14.20,27.02,58.07,false,true,false,false
2026-09-11T10:00:06.400Z,COLH-DEMO-01,true,-22.66738640,-47.80529880,3d,1.5,6.000,90.00,5.426,0.946,0.000,1864,63.20,86.08,420.64,18.146,14.20,27.02,58.07,false,true,false,false
2026-09-11T10:00:06.500Z,COLH-DEMO-01,true,-22.66738640,-47.80529718,3d,1.5,6.000,90.00,5.428,0.941,0.000,1864,63.22,86.08,420.64,18.148,14.20,27.02,58.07,false,true,false,false
2026-09-11T10:00:06.600Z,COLH-DEMO-01,true,-22.66738640,-47.80529556,3d,1.5,6.000,90.00,5.430,0.936,0.000,1865,63.24,86.08,420.65,18.151,14.20,27.02,58.07,false,true,false,false
2026-09-11T10:00:06.700Z,COLH-DEMO-01,true,-22.66738640,-47.80529393,3d,1.5,6.000,90.00,5.432,0.931,0.000,1865,63.25,86.08,420.66,18.153,14.20,27.02,58.07,false,true,false,false
2026-09-11T10:00:06.800Z,COLH-DEMO-01,true,-22.66738640,-47.80529231,3d,1.5,6.000,90.00,5.720,0.926,0.000,1865,63.27,86.08,420.67,18.155,14.20,27.02,58.08,false,true,false,false
2026-09-11T10:00:06.900Z,COLH-DEMO-01,true,-22.66738640,-47.80529069,3d,1.5,6.000,90.00,5.721,0.921,0.000,1865,63.29,86.09,420.68,18.157,14.20,27.02,58.08,false,true,false,false
2026-09-11T10:00:07.000Z,COLH-DEMO-01,true,-22.66738640,-47.80528907,3d,1.5,6.000,90.00,5.437,0.915,0.000,1865,63.31,86.09,420.69,18.160,14.20,27.02,58.08,false,true,false,false
2026-09-11T10:00:07.100Z,COLH-DEMO-01,true,-22.66738640,-47.80528744,3d,1.5,6.000,90.00,5.438,0.909,0.000,1866,63.33,86.09,420.70,18.162,14.20,27.02,58.08,false,true,false,false
2026-09-11T10:00:07.200Z,COLH-DEMO-01,true,-22.66738640,-47.80528582,3d,1.5,6.000,90.00,5.439,0.903,0.000,1866,63.34,86.09,420.71,18.164,14.20,27.02,58.08,false,true,false,false
2026-09-11T10:00:07.300Z,COLH-DEMO-01,true,-22.66738640,-47.80528420,3d,1.5,6.000,90.00,5.440,0.897,0.000,1866,63.36,86.09,420.72,18.166,14.20,27.02,58.08,false,true,false,false
2026-09-11T10:00:07.400Z,COLH-DEMO-01,true,-22.66738640,-47.80528258,3d,1.5,6.000,90.00,5.441,0.891,0.000,1866,63.38,86.09,420.73,18.168,14.20,27.02,58.08,false,true,false,false
2026-09-11T10:00:07.500Z,COLH-DEMO-01,true,-22.66738640,-47.80528095,3d,1.5,6.000,90.00,5.442,0.884,0.000,1866,63.40,86.09,420.74,18.171,14.20,27.02,58.08,false,true,false,false
2026-09-11T10:00:07.600Z,COLH-DEMO-01,true,-22.66738640,-47.80527933,3d,1.5,6.000,90.00,5.443,0.878,0.000,1867,63.42,86.09,420.75,18.173,14.20,27.03,58.08,false,true,false,false
2026-09-11T10:00:07.700Z,COLH-DEMO-01,true,-22.66738640,-47.80527771,3d,1.5,6.000,90.00,5.730,0.871,0.000,1867,63.43,86.10,420.76,18.175,14.20,27.03,58.09,false,true,false,false
2026-09-11T10:00:07.800Z,COLH-DEMO-01,true,-22.66738640,-47.80527609,3d,1.5,6.000,90.00,5.731,0.864,0.000,1867,63.45,86.10,420.77,18.177,14.20,27.03,58.09,false,true,false,false
2026-09-11T10:00:07.900Z,COLH-DEMO-01,true,-22.66738640,-47.80527446,3d,1.5,6.000,90.00,5.445,0.857,0.000,1867,63.47,86.10,420.78,18.180,14.20,27.03,58.09,false,true,false,false
2026-09-11T10:00:08.000Z,COLH-DEMO-01,true,-22.66738640,-47.80527284,3d,1.5,6.000,90.00,5.445,0.849,0.000,1867,63.49,86.10,420.79,18.182,14.20,27.03,58.09,false,true,false,false
2026-09-11T10:00:08.100Z,COLH-DEMO-01,true,-22.66738640,-47.80527122,3d,1.5,6.000,90.00,5.446,0.842,0.000,1868,63.50,86.10,420.80,18.184,14.20,27.03,58.09,false,true,false,false
2026-09-11T10:00:08.200Z,COLH-DEMO-01,true,-22.66738640,-47.80526960,3d,1.5,6.000,90.00,5.446,0.834,0.000,1868,63.52,86.10,420.81,18.186,14.20,27.03,58.09,false,true,false,false
2026-09-11T10:00:08.300Z,COLH-DEMO-01,true,-22.66738640,-47.80526797,3d,1.5,6.000,90.00,5.446,0.826,0.000,1868,63.54,86.10,420.82,18.188,14.20,27.03,58.09,false,true,false,false
2026-09-11T10:00:08.400Z,COLH-DEMO-01,true,-22.66738640,-47.80526635,3d,1.5,6.000,90.00,5.446,0.818,0.000,1868,63.56,86.10,420.83,18.190,14.21,27.03,58.09,false,true,false,false
2026-09-11T10:00:08.500Z,COLH-DEMO-01,true,-22.66738640,-47.80526473,3d,1.5,6.000,90.00,5.446,0.810,0.000,1868,63.58,86.11,420.84,18.193,14.21,27.03,58.09,false,true,false,false
2026-09-11T10:00:08.600Z,COLH-DEMO-01,true,-22.66738640,-47.80526311,3d,1.5,6.000,90.00,5.732,0.802,0.000,1868,63.59,86.11,420.85,18.195,14.21,27.03,58.10,false,true,false,false
2026-09-11T10:00:08.700Z,COLH-DEMO-01,true,-22.66738640,-47.80526148,3d,1.5,6.000,90.00,5.731,0.793,0.000,1869,63.61,86.11,420.86,18.197,14.21,27.03,58.10,false,true,false,false
2026-09-11T10:00:08.800Z,COLH-DEMO-01,true,-22.66738640,-47.80525986,3d,1.5,6.000,90.00,5.731,0.785,0.000,1869,63.63,86.11,420.87,18.199,14.21,27.03,58.10,false,true,false,false
2026-09-11T10:00:08.900Z,COLH-DEMO-01,true,-22.66738640,-47.80525824,3d,1.5,6.000,90.00,5.444,0.776,0.000,1869,63.64,86.11,420.88,18.201,14.21,27.03,58.10,false,true,false,false
2026-09-11T10:00:09.000Z,COLH-DEMO-01,true,-22.66738640,-47.80525662,3d,1.5,6.000,90.00,5.444,0.767,0.000,1869,63.66,86.11,420.89,18.204,14.21,27.03,58.10,false,true,false,false
2026-09-11T10:00:09.100Z,COLH-DEMO-01,true,-22.66738640,-47.80525499,3d,1.5,6.000,90.00,5.443,0.758,0.000,1869,63.68,86.11,420.90,18.206,14.21,27.03,58.10,false,true,false,false
2026-09-11T10:00:09.200Z,COLH-DEMO-01,true,-22.66738640,-47.80525337,3d,1.5,6.000,90.00,5.442,0.749,0.000,1870,63.70,86.11,420.91,18.208,14.21,27.03,58.10,false,true,false,false
2026-09-11T10:00:09.300Z,COLH-DEMO-01,true,-22.66738640,-47.80525175,3d,1.5,6.000,90.00,5.441,0.739,0.000,1870,63.71,86.12,420.92,18.210,14.21,27.03,58.10,false,true,false,false
2026-09-11T10:00:09.400Z,COLH-DEMO-01,true,-22.66738640,-47.80525013,3d,1.5,6.000,90.00,5.440,0.730,0.000,1870,63.73,86.12,420.92,18.212,14.21,27.03,58.10,false,true,false,false
2026-09-11T10:00:09.500Z,COLH-DEMO-01,true,-22.66738640,-47.80524850,3d,1.5,6.000,90.00,5.439,0.720,0.000,1870,63.75,86.12,420.93,18.214,14.21,27.03,58.11,false,true,false,false
2026-09-11T10:00:09.600Z,COLH-DEMO-01,true,-22.66738640,-47.80524688,3d,1.5,6.000,90.00,5.723,0.710,0.000,1870,63.77,86.12,420.94,18.217,14.21,27.03,58.11,false,true,false,false
2026-09-11T10:00:09.700Z,COLH-DEMO-01,true,-22.66738640,-47.80524526,3d,1.5,6.000,90.00,5.722,0.700,0.000,1870,63.78,86.12,420.95,18.219,14.21,27.03,58.11,false,true,false,false
2026-09-11T10:00:09.800Z,COLH-DEMO-01,true,-22.66738640,-47.80524364,3d,1.5,6.000,90.00,5.720,0.690,0.000,1871,63.80,86.12,420.96,18.221,14.21,27.03,58.11,false,true,false,false
2026-09-11T10:00:09.900Z,COLH-DEMO-01,true,-22.66738640,-47.80524201,3d,1.5,6.000,90.00,5.719,0.680,0.000,1871,63.82,86.12,420.97,18.223,14.21,27.03,58.11,false,true,false,false
2026-09-11T10:00:10.000Z,COLH-DEMO-01,true,-22.66738640,-47.80524039,3d,1.5,6.000,90.00,5.431,0.669,0.000,1871,63.83,86.12,420.98,18.225,14.21,27.03,58.11,false,true,false,false
2026-09-11T10:00:10.100Z,COLH-DEMO-01,true,-22.66738640,-47.80523877,3d,1.5,6.000,90.00,5.429,0.659,0.000,1871,63.85,86.12,420.99,18.227,14.21,27.03,58.11,false,true,false,false
2026-09-11T10:00:10.200Z,COLH-DEMO-01,true,-22.66738640,-47.80523715,3d,1.5,6.000,90.00,5.427,0.648,0.000,1871,63.87,86.13,421.00,18.229,14.21,27.03,58.11,false,true,false,false
2026-09-11T10:00:10.300Z,COLH-DEMO-01,true,-22.66738640,-47.80523552,3d,1.5,6.000,90.00,5.425,0.637,0.000,1871,63.88,86.13,421.01,18.232,14.21,27.03,58.11,false,true,false,false
2026-09-11T10:00:10.400Z,COLH-DEMO-01,true,-22.66738640,-47.80523390,3d,1.5,6.000,90.00,5.423,0.626,0.000,1872,63.90,86.13,421.02,18.234,14.21,27.03,58.12,false,true,false,false
2026-09-11T10:00:10.500Z,COLH-DEMO-01,true,-22.66738640,-47.80523228,3d,1.5,6.000,90.00,5.421,0.615,0.000,1872,63.92,86.13,421.03,18.236,14.21,27.03,58.12,false,true,false,false
2026-09-11T10:00:10.600Z,COLH-DEMO-01,true,-22.66738640,-47.80523066,3d,1.5,6.000,90.00,5.419,0.604,0.000,1872,63.93,86.13,421.04,18.238,14.21,27.04,58.12,false,true,false,false
2026-09-11T10:00:10.700Z,COLH-DEMO-01,true,-22.66738640,-47.80522903,3d,1.5,6.000,90.00,5.416,0.593,0.000,1872,63.95,86.13,421.05,18.240,14.21,27.04,58.12,false,true,false,false
2026-09-11T10:00:10.800Z,COLH-DEMO-01,true,-22.66738640,-47.80522741,3d,1.5,6.000,90.00,5.414,0.581,0.000,1872,63.97,86.13,421.06,18.242,14.21,27.04,58.12,false,true,false,false
2026-09-11T10:00:10.900Z,COLH-DEMO-01,true,-22.66738640,-47.80522579,3d,1.5,6.000,90.00,5.697,0.570,0.000,1872,63.98,86.13,421.07,18.244,14.21,27.04,58.12,false,true,false,false
2026-09-11T10:00:11.000Z,COLH-DEMO-01,true,-22.66738640,-47.80522416,3d,1.5,6.000,90.00,5.695,0.558,0.000,1872,64.00,86.14,421.08,18.246,14.21,27.04,58.12,false,true,false,false
2026-09-11T10:00:11.100Z,COLH-DEMO-01,true,-22.66738640,-47.80522254,3d,1.5,6.000,90.00,5.692,0.547,0.000,1873,64.02,86.14,421.08,18.248,14.21,27.04,58.12,false,true,false,false
2026-09-11T10:00:11.200Z,COLH-DEMO-01,true,-22.66738640,-47.80522092,3d,1.5,6.000,90.00,5.689,0.535,0.000,1873,64.03,86.14,421.09,18.251,14.21,27.04,58.12,false,true,false,false
2026-09-11T10:00:11.300Z,COLH-DEMO-01,true,-22.66738640,-47.80521930,3d,1.5,6.000,90.00,5.686,0.523,0.000,1873,64.05,86.14,421.10,18.253,14.21,27.04,58.13,false,true,false,false
2026-09-11T10:00:11.400Z,COLH-DEMO-01,true,-22.66738640,-47.80521767,3d,1.5,6.000,90.00,5.683,0.511,0.000,1873,64.07,86.14,421.11,18.255,14.21,27.04,58.13,false,true,false,false
2026-09-11T10:00:11.500Z,COLH-DEMO-01,true,-22.66738640,-47.80521605,3d,1.5,6.000,90.00,5.394,0.499,0.000,1873,64.08,86.14,421.12,18.257,14.21,27.04,58.13,false,true,false,false
2026-09-11T10:00:11.600Z,COLH-DEMO-01,true,-22.66738640,-47.80521443,3d,1.5,6.000,90.00,5.391,0.486,0.000,1873,64.10,86.14,421.13,18.259,14.21,27.04,58.13,false,true,false,false
2026-09-11T10:00:11.700Z,COLH-DEMO-01,true,-22.66738640,-47.80521281,3d,1.5,6.000,90.00,5.387,0.474,0.000,1873,64.12,86.14,421.14,18.261,14.21,27.04,58.13,false,true,false,false
2026-09-11T10:00:11.800Z,COLH-DEMO-01,true,-22.66738640,-47.80521118,3d,1.5,6.000,90.00,5.384,0.461,0.000,1874,64.13,86.15,421.15,18.263,14.21,27.04,58.13,false,true,false,false
2026-09-11T10:00:11.900Z,COLH-DEMO-01,true,-22.66738640,-47.80520956,3d,1.5,6.000,90.00,5.380,0.449,0.000,1874,64.15,86.15,421.16,18.265,14.21,27.04,58.13,false,true,false,false
2026-09-11T10:00:12.000Z,COLH-DEMO-01,true,-22.66738640,-47.80520794,3d,1.5,6.000,90.00,5.377,0.436,0.000,1874,64.16,86.15,421.17,18.267,14.21,27.04,58.13,false,true,false,false
2026-09-11T10:00:12.100Z,COLH-DEMO-01,true,-22.66738640,-47.80520632,3d,1.5,6.000,90.00,5.373,0.424,0.000,1874,64.18,86.15,421.18,18.269,14.21,27.04,58.13,false,true,false,false
2026-09-11T10:00:12.200Z,COLH-DEMO-01,true,-22.66738640,-47.80520469,3d,1.5,6.000,90.00,5.369,0.411,0.000,1874,64.20,86.15,421.19,18.271,14.21,27.04,58.14,false,true,false,false
2026-09-11T10:00:12.300Z,COLH-DEMO-01,true,-22.66738640,-47.80520307,3d,1.5,6.000,90.00,5.366,0.398,0.000,1874,64.21,86.15,421.20,18.273,14.21,27.04,58.14,false,true,false,false
2026-09-11T10:00:12.400Z,COLH-DEMO-01,true,-22.66738640,-47.80520145,3d,1.5,6.000,90.00,5.362,0.385,0.000,1874,64.23,86.15,421.20,18.275,14.21,27.04,58.14,false,true,false,false
2026-09-11T10:00:12.500Z,COLH-DEMO-01,true,-22.66738640,-47.80519983,3d,1.5,6.000,90.00,5.358,0.372,0.000,1875,64.24,86.15,421.21,18.277,14.21,27.04,58.14,false,true,false,false
2026-09-11T10:00:12.600Z,COLH-DEMO-01,true,-22.66738640,-47.80519820,3d,1.5,6.000,90.00,5.640,0.359,0.000,1875,64.26,86.15,421.22,18.280,14.21,27.04,58.14,false,true,false,false
2026-09-11T10:00:12.700Z,COLH-DEMO-01,true,-22.66738640,-47.80519658,3d,1.5,6.000,90.00,5.635,0.346,0.000,1875,64.27,86.16,421.23,18.282,14.21,27.04,58.14,false,true,false,false
2026-09-11T10:00:12.800Z,COLH-DEMO-01,true,-22.66738640,-47.80519496,3d,1.5,6.000,90.00,5.631,0.332,0.000,1875,64.29,86.16,421.24,18.284,14.21,27.04,58.14,false,true,false,false
2026-09-11T10:00:12.900Z,COLH-DEMO-01,true,-22.66738640,-47.80519334,3d,1.5,6.000,90.00,5.627,0.319,0.000,1875,64.31,86.16,421.25,18.286,14.21,27.04,58.14,false,true,false,false
2026-09-11T10:00:13.000Z,COLH-DEMO-01,true,-22.66738640,-47.80519171,3d,1.5,6.000,90.00,5.623,0.306,0.000,1875,64.32,86.16,421.26,18.288,14.21,27.04,58.14,false,true,false,false
2026-09-11T10:00:13.100Z,COLH-DEMO-01,true,-22.66738640,-47.80519009,3d,1.5,6.000,90.00,5.618,0.292,0.000,1875,64.34,86.16,421.27,18.290,14.21,27.04,58.15,false,true,false,false
2026-09-11T10:00:13.200Z,COLH-DEMO-01,true,-22.66738640,-47.80518847,3d,1.5,6.000,90.00,5.614,0.279,0.000,1875,64.35,86.16,421.28,18.292,14.21,27.04,58.15,false,true,false,false
2026-09-11T10:00:13.300Z,COLH-DEMO-01,true,-22.66738640,-47.80518685,3d,1.5,6.000,90.00,5.609,0.265,0.000,1876,64.37,86.16,421.29,18.294,14.21,27.04,58.15,false,true,false,false
2026-09-11T10:00:13.400Z,COLH-DEMO-01,true,-22.66738640,-47.80518522,3d,1.5,6.000,90.00,5.605,0.252,0.000,1876,64.38,86.16,421.30,18.296,14.21,27.04,58.15,false,true,false,false
2026-09-11T10:00:13.500Z,COLH-DEMO-01,true,-22.66738640,-47.80518360,3d,1.5,6.000,90.00,5.600,0.238,0.000,1876,64.40,86.17,421.30,18.298,14.21,27.04,58.15,false,true,false,false
2026-09-11T10:00:13.600Z,COLH-DEMO-01,true,-22.66738640,-47.80518198,3d,1.5,6.000,90.00,5.595,0.224,0.000,1876,64.41,86.17,421.31,18.300,14.21,27.05,58.15,false,true,false,false
2026-09-11T10:00:13.700Z,COLH-DEMO-01,true,-22.66738640,-47.80518036,3d,1.5,6.000,90.00,5.305,0.210,0.000,1876,64.43,86.17,421.32,18.302,14.21,27.05,58.15,false,true,false,false
2026-09-11T10:00:13.800Z,COLH-DEMO-01,true,-22.66738640,-47.80517873,3d,1.5,6.000,90.00,5.300,0.197,0.000,1876,64.44,86.17,421.33,18.304,14.21,27.05,58.15,false,true,false,false
2026-09-11T10:00:13.900Z,COLH-DEMO-01,true,-22.66738640,-47.80517711,3d,1.5,6.000,90.00,5.295,0.183,0.000,1876,64.46,86.17,421.34,18.306,14.21,27.05,58.15,false,true,false,false
2026-09-11T10:00:14.000Z,COLH-DEMO-01,true,-22.66738640,-47.80517549,3d,1.5,6.000,90.00,5.290,0.169,0.000,1876,64.47,86.17,421.35,18.308,14.21,27.05,58.15,false,true,false,false
2026-09-11T10:00:14.100Z,COLH-DEMO-01,true,-22.66738640,-47.80517387,3d,1.5,6.000,90.00,5.285,0.155,0.000,1877,64.49,86.17,421.36,18.310,14.21,27.05,58.16,false,true,false,false
2026-09-11T10:00:14.200Z,COLH-DEMO-01,true,-22.66738640,-47.80517224,3d,1.5,6.000,90.00,5.280,0.141,0.000,1877,64.50,86.17,421.37,18.312,14.21,27.05,58.16,false,true,false,false
2026-09-11T10:00:14.300Z,COLH-DEMO-01,true,-22.66738640,-47.80517062,3d,1.5,6.000,90.00,5.275,0.127,0.000,1877,64.52,86.17,421.38,18.314,14.21,27.05,58.16,false,true,false,false
2026-09-11T10:00:14.400Z,COLH-DEMO-01,true,-22.66738640,-47.80516900,3d,1.5,6.000,90.00,5.270,0.113,0.000,1877,64.53,86.18,421.39,18.316,14.21,27.05,58.16,false,true,false,false
2026-09-11T10:00:14.500Z,COLH-DEMO-01,true,-22.66738640,-47.80516738,3d,1.5,6.000,90.00,5.264,0.099,0.000,1877,64.55,86.18,421.39,18.318,14.21,27.05,58.16,false,true,false,false
2026-09-11T10:00:14.600Z,COLH-DEMO-01,true,-22.66738640,-47.80516575,3d,1.5,6.000,90.00,5.259,0.085,0.000,1877,64.56,86.18,421.40,18.319,14.21,27.05,58.16,false,true,false,false
2026-09-11T10:00:14.700Z,COLH-DEMO-01,true,-22.66738640,-47.80516413,3d,1.5,6.000,90.00,5.254,0.071,0.000,1877,64.58,86.18,421.41,18.321,14.21,27.05,58.16,false,true,false,false
2026-09-11T10:00:14.800Z,COLH-DEMO-01,true,-22.66738640,-47.80516251,3d,1.5,6.000,90.00,5.249,0.057,0.000,1877,64.59,86.18,421.42,18.323,14.21,27.05,58.16,false,true,false,false
2026-09-11T10:00:14.900Z,COLH-DEMO-01,true,-22.66738640,-47.80516089,3d,1.5,6.000,90.00,5.243,0.043,0.000,1877,64.61,86.18,421.43,18.325,14.21,27.05,58.16,false,true,false,false
2026-09-11T10:00:15.000Z,COLH-DEMO-01,true,-22.66738640,-47.80515926,3d,1.5,6.000,90.00,5.238,0.029,0.000,1877,64.62,86.18,421.44,18.327,14.21,27.05,58.17,false,true,false,false
2026-09-11T10:00:15.100Z,COLH-DEMO-01,true,-22.66738640,-47.80515764,3d,1.5,6.000,90.00,5.233,0.015,0.000,1878,64.63,86.18,421.45,18.329,14.21,27.05,58.17,false,true,false,false
2026-09-11T10:00:15.200Z,COLH-DEMO-01,true,-22.66738640,-47.80515602,3d,1.5,6.000,90.00,5.227,0.001,0.000,1878,64.65,86.19,421.46,18.331,14.21,27.05,58.17,false,true,false,false
2026-09-11T10:00:15.300Z,COLH-DEMO-01,true,-22.66738640,-47.80515439,3d,1.5,6.000,90.00,5.222,-0.013,0.000,1878,64.66,86.19,421.46,18.333,14.21,27.05,58.17,false,true,false,false
2026-09-11T10:00:15.400Z,COLH-DEMO-01,true,-22.66738640,-47.80515277,3d,1.5,6.000,90.00,5.216,-0.027,0.000,1878,64.68,86.19,421.47,18.335,14.21,27.05,58.17,false,true,false,false
2026-09-11T10:00:15.500Z,COLH-DEMO-01,true,-22.66738640,-47.80515115,3d,1.5,6.000,90.00,5.211,-0.041,0.000,1878,64.69,86.19,421.48,18.337,14.21,27.05,58.17,false,true,false,false
2026-09-11T10:00:15.600Z,COLH-DEMO-01,true,-22.66738640,-47.80514953,3d,1.5,6.000,90.00,5.205,-0.056,0.000,1878,64.71,86.19,421.49,18.339,14.21,27.05,58.17,false,true,false,false
2026-09-11T10:00:15.700Z,COLH-DEMO-01,true,-22.66738640,-47.80514790,3d,1.5,6.000,90.00,5.200,-0.070,0.000,1878,64.72,86.19,421.50,18.341,14.21,27.05,58.17,false,true,false,false
2026-09-11T10:00:15.800Z,COLH-DEMO-01,true,-22.66738640,-47.80514628,3d,1.5,6.000,90.00,5.194,-0.084,0.000,1878,64.73,86.19,421.51,18.343,14.21,27.05,58.17,false,true,false,false
2026-09-11T10:00:15.900Z,COLH-DEMO-01,true,-22.66738640,-47.80514466,3d,1.5,6.000,90.00,5.188,-0.098,0.000,1878,64.75,86.19,421.52,18.344,14.21,27.05,58.18,false,true,false,false
2026-09-11T10:00:16.000Z,COLH-DEMO-01,true,-22.66738640,-47.80514304,3d,1.5,6.000,90.00,5.183,-0.112,0.000,1878,64.76,86.19,421.53,18.346,14.21,27.05,58.18,false,true,false,false
2026-09-11T10:00:16.100Z,COLH-DEMO-01,true,-22.66738640,-47.80514141,3d,1.5,6.000,90.00,5.177,-0.126,0.000,1878,64.77,86.20,421.53,18.348,14.21,27.05,58.18,false,true,false,false
2026-09-11T10:00:16.200Z,COLH-DEMO-01,true,-22.66738640,-47.80513979,3d,1.5,6.000,90.00,5.171,-0.140,0.000,1878,64.79,86.20,421.54,18.350,14.21,27.05,58.18,false,true,false,false
2026-09-11T10:00:16.300Z,COLH-DEMO-01,true,-22.66738640,-47.80513817,3d,1.5,6.000,90.00,5.166,-0.154,0.000,1879,64.80,86.20,421.55,18.352,14.21,27.05,58.18,false,true,false,false
2026-09-11T10:00:16.400Z,COLH-DEMO-01,true,-22.66738640,-47.80513655,3d,1.5,6.000,90.00,5.160,-0.167,0.000,1879,64.82,86.20,421.56,18.354,14.21,27.05,58.18,false,true,false,false
2026-09-11T10:00:16.500Z,COLH-DEMO-01,true,-22.66738640,-47.80513492,3d,1.5,6.000,90.00,5.155,-0.181,0.000,1879,64.83,86.20,421.57,18.356,14.21,27.05,58.18,false,true,false,false
2026-09-11T10:00:16.600Z,COLH-DEMO-01,true,-22.66738640,-47.80513330,3d,1.5,6.000,90.00,5.149,-0.195,0.000,1879,64.84,86.20,421.58,18.358,14.21,27.06,58.18,false,true,false,false
2026-09-11T10:00:16.700Z,COLH-DEMO-01,true,-22.66738640,-47.80513168,3d,1.5,6.000,90.00,5.143,-0.209,0.000,1879,64.86,86.20,421.59,18.359,14.21,27.06,58.18,false,true,false,false
2026-09-11T10:00:16.800Z,COLH-DEMO-01,true,-22.66738640,-47.80513006,3d,1.5,6.000,90.00,5.138,-0.223,0.000,1879,64.87,86.20,421.59,18.361,14.21,27.06,58.19,false,true,false,false
2026-09-11T10:00:16.900Z,COLH-DEMO-01,true,-22.66738640,-47.80512843,3d,1.5,6.000,90.00,5.132,-0.236,0.000,1879,64.88,86.21,421.60,18.363,14.21,27.06,58.19,false,true,false,false
2026-09-11T10:00:17.000Z,COLH-DEMO-01,true,-22.66738640,-47.80512681,3d,1.5,6.000,90.00,5.126,-0.250,0.000,1879,64.90,86.21,421.61,18.365,14.21,27.06,58.19,false,true,false,false
2026-09-11T10:00:17.100Z,COLH-DEMO-01,true,-22.66738640,-47.80512519,3d,1.5,6.000,90.00,5.121,-0.264,0.000,1879,64.91,86.21,421.62,18.367,14.21,27.06,58.19,false,true,false,false
2026-09-11T10:00:17.200Z,COLH-DEMO-01,true,-22.66738640,-47.80512357,3d,1.5,6.000,90.00,5.115,-0.277,0.000,1879,64.92,86.21,421.63,18.369,14.21,27.06,58.19,false,true,false,false
2026-09-11T10:00:17.300Z,COLH-DEMO-01,true,-22.66738640,-47.80512194,3d,1.5,6.000,90.00,5.109,-0.291,0.000,1879,64.93,86.21,421.64,18.370,14.21,27.06,58.19,false,true,false,false
2026-09-11T10:00:17.400Z,COLH-DEMO-01,true,-22.66738640,-47.80512032,3d,1.5,6.000,90.00,5.104,-0.304,0.000,1879,64.95,86.21,421.64,18.372,14.21,27.06,58.19,false,true,false,false
2026-09-11T10:00:17.500Z,COLH-DEMO-01,true,-22.66738640,-47.80511870,3d,1.5,6.000,90.00,5.098,-0.318,0.000,1879,64.96,86.21,421.65,18.374,14.21,27.06,58.19,false,true,false,false
2026-09-11T10:00:17.600Z,COLH-DEMO-01,true,-22.66738640,-47.80511708,3d,1.5,6.000,90.00,5.093,-0.331,0.000,1879,64.97,86.21,421.66,18.376,14.21,27.06,58.19,false,true,false,false
2026-09-11T10:00:17.700Z,COLH-DEMO-01,true,-22.66738640,-47.80511545,3d,1.5,6.000,90.00,5.373,-0.344,0.000,1879,64.99,86.21,421.67,18.378,14.21,27.06,58.20,false,true,false,false
2026-09-11T10:00:17.800Z,COLH-DEMO-01,true,-22.66738640,-47.80511383,3d,1.5,6.000,90.00,5.367,-0.357,0.000,1879,65.00,86.22,421.68,18.379,14.21,27.06,58.20,false,true,false,false
2026-09-11T10:00:17.900Z,COLH-DEMO-01,true,-22.66738640,-47.80511221,3d,1.5,6.000,90.00,5.362,-0.370,0.000,1879,65.01,86.22,421.69,18.381,14.21,27.06,58.20,false,true,false,false
2026-09-11T10:00:18.000Z,COLH-DEMO-01,true,-22.66738640,-47.80511059,3d,1.5,6.000,90.00,5.356,-0.384,0.000,1879,65.02,86.22,421.69,18.383,14.21,27.06,58.20,false,true,false,false
2026-09-11T10:00:18.100Z,COLH-DEMO-01,true,-22.66738640,-47.80510896,3d,1.5,6.000,90.00,5.351,-0.397,0.000,1880,65.04,86.22,421.70,18.385,14.21,27.06,58.20,false,true,false,false
2026-09-11T10:00:18.200Z,COLH-DEMO-01,true,-22.66738640,-47.80510734,3d,1.5,6.000,90.00,5.346,-0.409,0.000,1880,65.05,86.22,421.71,18.387,14.21,27.06,58.20,false,true,false,false
2026-09-11T10:00:18.300Z,COLH-DEMO-01,true,-22.66738640,-47.80510572,3d,1.5,6.000,90.00,5.340,-0.422,0.000,1880,65.06,86.22,421.72,18.388,14.21,27.06,58.20,false,true,false,false
2026-09-11T10:00:18.400Z,COLH-DEMO-01,true,-22.66738640,-47.80510410,3d,1.5,6.000,90.00,5.335,-0.435,0.000,1880,65.07,86.22,421.73,18.390,14.21,27.06,58.20,false,true,false,false
2026-09-11T10:00:18.500Z,COLH-DEMO-01,true,-22.66738640,-47.80510247,3d,1.5,6.000,90.00,5.329,-0.448,0.000,1880,65.09,86.22,421.73,18.392,14.21,27.06,58.20,false,true,false,false
2026-09-11T10:00:18.600Z,COLH-DEMO-01,true,-22.66738640,-47.80510085,3d,1.5,6.000,90.00,5.324,-0.460,0.000,1880,65.10,86.22,421.74,18.394,14.21,27.06,58.21,false,true,false,false
2026-09-11T10:00:18.700Z,COLH-DEMO-01,true,-22.66738640,-47.80509923,3d,1.5,6.000,90.00,5.319,-0.473,0.000,1880,65.11,86.23,421.75,18.395,14.21,27.06,58.21,false,true,false,false
2026-09-11T10:00:18.800Z,COLH-DEMO-01,true,-22.66738640,-47.80509761,3d,1.5,6.000,90.00,5.314,-0.485,0.000,1880,65.12,86.23,421.76,18.397,14.21,27.06,58.21,false,true,false,false
2026-09-11T10:00:18.900Z,COLH-DEMO-01,true,-22.66738640,-47.80509598,3d,1.5,6.000,90.00,5.022,-0.497,0.000,1880,65.13,86.23,421.77,18.399,14.21,27.06,58.21,false,true,false,false
2026-09-11T10:00:19.000Z,COLH-DEMO-01,true,-22.66738640,-47.80509436,3d,1.5,6.000,90.00,5.017,-0.509,0.000,1880,65.15,86.23,421.78,18.400,14.21,27.06,58.21,false,true,false,false
2026-09-11T10:00:19.100Z,COLH-DEMO-01,true,-22.66738640,-47.80509274,3d,1.5,6.000,90.00,5.012,-0.521,0.000,1880,65.16,86.23,421.78,18.402,14.21,27.06,58.21,false,true,false,false
2026-09-11T10:00:19.200Z,COLH-DEMO-01,true,-22.66738640,-47.80509111,3d,1.5,6.000,90.00,5.007,-0.533,0.000,1880,65.17,86.23,421.79,18.404,14.21,27.06,58.21,false,true,false,false
2026-09-11T10:00:19.300Z,COLH-DEMO-01,true,-22.66738640,-47.80508949,3d,1.5,6.000,90.00,5.002,-0.545,0.000,1880,65.18,86.23,421.80,18.406,14.21,27.06,58.21,false,true,false,false
2026-09-11T10:00:19.400Z,COLH-DEMO-01,true,-22.66738640,-47.80508787,3d,1.5,6.000,90.00,4.997,-0.557,0.000,1880,65.19,86.23,421.81,18.407,14.21,27.06,58.21,false,true,false,false
2026-09-11T10:00:19.500Z,COLH-DEMO-01,true,-22.66738640,-47.80508625,3d,1.5,6.000,90.00,4.992,-0.569,0.000,1880,65.20,86.23,421.82,18.409,14.21,27.06,58.21,false,true,false,false
2026-09-11T10:00:19.600Z,COLH-DEMO-01,true,-22.66738640,-47.80508462,3d,1.5,6.000,90.00,4.988,-0.580,0.000,1880,65.21,86.24,421.82,18.411,14.21,27.06,58.22,false,true,false,false
2026-09-11T10:00:19.700Z,COLH-DEMO-01,true,-22.66738640,-47.80508300,3d,1.5,6.000,90.00,4.983,-0.592,0.000,1880,65.23,86.24,421.83,18.412,14.21,27.07,58.22,false,true,false,false
2026-09-11T10:00:19.800Z,COLH-DEMO-01,true,-22.66738640,-47.80508138,3d,1.5,6.000,90.00,4.978,-0.603,0.000,1880,65.24,86.24,421.84,18.414,14.21,27.07,58.22,false,true,false,false
2026-09-11T10:00:19.900Z,COLH-DEMO-01,true,-22.66738640,-47.80507976,3d,1.5,6.000,90.00,4.973,-0.614,0.000,1880,65.25,86.24,421.85,18.416,14.21,27.07,58.22,false,true,false,false
2026-09-11T10:00:20.000Z,COLH-DEMO-01,true,-22.66738640,-47.80507813,3d,1.5,6.000,90.00,5.255,-0.625,0.000,1880,65.26,86.24,421.86,18.417,14.21,27.07,58.22,false,true,false,false
2026-09-11T10:00:20.100Z,COLH-DEMO-01,true,-22.66738640,-47.80507651,3d,1.5,6.000,90.00,5.250,-0.636,0.000,1880,65.27,86.24,421.86,18.419,14.21,27.07,58.22,false,true,false,false
2026-09-11T10:00:20.200Z,COLH-DEMO-01,true,-22.66738640,-47.80507489,3d,1.5,6.000,90.00,5.246,-0.647,0.000,1880,65.28,86.24,421.87,18.421,14.21,27.07,58.22,false,true,false,false
2026-09-11T10:00:20.300Z,COLH-DEMO-01,true,-22.66738640,-47.80507327,3d,1.5,6.000,90.00,5.241,-0.658,0.000,1880,65.29,86.24,421.88,18.422,14.21,27.07,58.22,false,true,false,false
2026-09-11T10:00:20.400Z,COLH-DEMO-01,true,-22.66738640,-47.80507164,3d,1.5,6.000,90.00,5.237,-0.668,0.000,1880,65.30,86.24,421.89,18.424,14.21,27.07,58.22,false,true,false,false
2026-09-11T10:00:20.500Z,COLH-DEMO-01,true,-22.66738640,-47.80507002,3d,1.5,6.000,90.00,5.233,-0.679,0.000,1880,65.31,86.25,421.89,18.426,14.21,27.07,58.23,false,true,false,false
2026-09-11T10:00:20.600Z,COLH-DEMO-01,true,-22.66738640,-47.80506840,3d,1.5,6.000,90.00,4.943,-0.689,0.000,1880,65.32,86.25,421.90,18.427,14.21,27.07,58.23,false,true,false,false
2026-09-11T10:00:20.700Z,COLH-DEMO-01,true,-22.66738640,-47.80506678,3d,1.5,6.000,90.00,4.938,-0.699,0.000,1880,65.33,86.25,421.91,18.429,14.21,27.07,58.23,false,true,false,false
2026-09-11T10:00:20.800Z,COLH-DEMO-01,true,-22.66738640,-47.80506515,3d,1.5,6.000,90.00,4.934,-0.709,0.000,1880,65.35,86.25,421.92,18.430,14.21,27.07,58.23,false,true,false,false
2026-09-11T10:00:20.900Z,COLH-DEMO-01,true,-22.66738640,-47.80506353,3d,1.5,6.000,90.00,4.930,-0.719,0.000,1880,65.36,86.25,421.92,18.432,14.21,27.07,58.23,false,true,false,false
2026-09-11T10:00:21.000Z,COLH-DEMO-01,true,-22.66738640,-47.80506191,3d,1.5,6.000,90.00,4.927,-0.729,0.000,1880,65.37,86.25,421.93,18.434,14.21,27.07,58.23,false,true,false,false
2026-09-11T10:00:21.100Z,COLH-DEMO-01,true,-22.66738640,-47.80506029,3d,1.5,6.000,90.00,4.923,-0.738,0.000,1880,65.38,86.25,421.94,18.435,14.21,27.07,58.23,false,true,false,false
2026-09-11T10:00:21.200Z,COLH-DEMO-01,true,-22.66738640,-47.80505866,3d,1.5,6.000,90.00,4.919,-0.748,0.000,1880,65.39,86.25,421.95,18.437,14.21,27.07,58.23,false,true,false,false
2026-09-11T10:00:21.300Z,COLH-DEMO-01,true,-22.66738640,-47.80505704,3d,1.5,6.000,90.00,4.915,-0.757,0.000,1880,65.40,86.25,421.96,18.438,14.21,27.07,58.23,false,true,false,false
2026-09-11T10:00:21.400Z,COLH-DEMO-01,true,-22.66738640,-47.80505542,3d,1.5,6.000,90.00,5.198,-0.766,0.000,1880,65.41,86.25,421.96,18.440,14.21,27.07,58.24,false,true,false,false
2026-09-11T10:00:21.500Z,COLH-DEMO-01,true,-22.66738640,-47.80505380,3d,1.5,6.000,90.00,5.194,-0.775,0.000,1880,65.42,86.26,421.97,18.442,14.21,27.07,58.24,false,true,false,false
2026-09-11T10:00:21.600Z,COLH-DEMO-01,true,-22.66738640,-47.80505217,3d,1.5,6.000,90.00,5.191,-0.784,0.000,1880,65.43,86.26,421.98,18.443,14.21,27.07,58.24,false,true,false,false
2026-09-11T10:00:21.700Z,COLH-DEMO-01,true,-22.66738640,-47.80505055,3d,1.5,6.000,90.00,5.187,-0.792,0.000,1880,65.44,86.26,421.99,18.445,14.21,27.07,58.24,false,true,false,false
2026-09-11T10:00:21.800Z,COLH-DEMO-01,true,-22.66738640,-47.80504893,3d,1.5,6.000,90.00,4.898,-0.801,0.000,1880,65.45,86.26,421.99,18.446,14.21,27.07,58.24,false,true,false,false
2026-09-11T10:00:21.900Z,COLH-DEMO-01,true,-22.66738640,-47.80504731,3d,1.5,6.000,90.00,4.895,-0.809,0.000,1880,65.46,86.26,422.00,18.448,14.21,27.07,58.24,false,true,false,false
2026-09-11T10:00:22.000Z,COLH-DEMO-01,true,-22.66738640,-47.80504568,3d,1.5,6.000,90.00,4.892,-0.817,0.000,1880,65.46,86.26,422.01,18.449,14.21,27.07,58.24,false,true,false,false
2026-09-11T10:00:22.100Z,COLH-DEMO-01,true,-22.66738640,-47.80504406,3d,1.5,6.000,90.00,4.889,-0.825,0.000,1880,65.47,86.26,422.02,18.451,14.21,27.07,58.24,false,true,false,false
2026-09-11T10:00:22.200Z,COLH-DEMO-01,true,-22.66738640,-47.80504244,3d,1.5,6.000,90.00,4.886,-0.833,0.000,1880,65.48,86.26,422.02,18.452,14.21,27.07,58.24,false,true,false,false
2026-09-11T10:00:22.300Z,COLH-DEMO-01,true,-22.66738640,-47.80504082,3d,1.5,6.000,90.00,4.883,-0.841,0.000,1880,65.49,86.26,422.03,18.454,14.21,27.07,58.25,false,true,false,false
2026-09-11T10:00:22.400Z,COLH-DEMO-01,true,-22.66738640,-47.80503919,3d,1.5,6.000,90.00,4.881,-0.849,0.000,1880,65.50,86.27,422.04,18.455,14.21,27.07,58.25,false,true,false,false
2026-09-11T10:00:22.500Z,COLH-DEMO-01,true,-22.66738640,-47.80503757,3d,1.5,6.000,90.00,4.878,-0.856,0.000,1880,65.51,86.27,422.04,18.457,14.21,27.07,58.25,false,true,false,false
2026-09-11T10:00:22.600Z,COLH-DEMO-01,true,-22.66738640,-47.80503595,3d,1.5,6.000,90.00,5.162,-0.863,0.000,1880,65.52,86.27,422.05,18.458,14.21,27.07,58.25,false,true,false,false
2026-09-11T10:00:22.700Z,COLH-DEMO-01,true,-22.66738640,-47.80503433,3d,1.5,6.000,90.00,5.159,-0.870,0.000,1880,65.53,86.27,422.06,18.460,14.21,27.07,58.25,false,true,false,false
2026-09-11T10:00:22.800Z,COLH-DEMO-01,true,-22.66738640,-47.80503270,3d,1.5,6.000,90.00,5.157,-0.877,0.000,1879,65.54,86.27,422.07,18.461,14.21,27.08,58.25,false,true,false,false
2026-09-11T10:00:22.900Z,COLH-DEMO-01,true,-22.66738640,-47.80503108,3d,1.5,6.000,90.00,4.869,-0.884,0.000,1879,65.55,86.27,422.07,18.463,14.21,27.08,58.25,false,true,false,false
2026-09-11T10:00:23.000Z,COLH-DEMO-01,true,-22.66738640,-47.80502946,3d,1.5,6.000,90.00,4.867,-0.890,0.000,1879,65.56,86.27,422.08,18.464,14.21,27.08,58.25,false,true,false,false
2026-09-11T10:00:23.100Z,COLH-DEMO-01,true,-22.66738640,-47.80502784,3d,1.5,6.000,90.00,4.865,-0.897,0.000,1879,65.56,86.27,422.09,18.466,14.21,27.08,58.25,false,true,false,false
2026-09-11T10:00:23.200Z,COLH-DEMO-01,true,-22.66738640,-47.80502621,3d,1.5,6.000,90.00,4.863,-0.903,0.000,1879,65.57,86.27,422.10,18.467,14.21,27.08,58.25,false,true,false,false
2026-09-11T10:00:23.300Z,COLH-DEMO-01,true,-22.66738640,-47.80502459,3d,1.5,6.000,90.00,4.861,-0.909,0.000,1879,65.58,86.28,422.10,18.469,14.21,27.08,58.26,false,true,false,false
2026-09-11T10:00:23.400Z,COLH-DEMO-01,true,-22.66738640,-47.80502297,3d,1.5,6.000,90.00,4.859,-0.914,0.000,1879,65.59,86.28,422.11,18.470,14.21,27.08,58.26,false,true,false,false
2026-09-11T10:00:23.500Z,COLH-DEMO-01,true,-22.66738640,-47.80502134,3d,1.5,6.000,90.00,4.858,-0.920,0.000,1879,65.60,86.28,422.12,18.471,14.21,27.08,58.26,false,true,false,false
2026-09-11T10:00:23.600Z,COLH-DEMO-01,true,-22.66738640,-47.80501972,3d,1.5,6.000,90.00,5.142,-0.925,0.000,1879,65.61,86.28,422.12,18.473,14.21,27.08,58.26,false,true,false,false
2026-09-11T10:00:23.700Z,COLH-DEMO-01,true,-22.66738640,-47.80501810,3d,1.5,6.000,90.00,5.141,-0.931,0.000,1879,65.62,86.28,422.13,18.474,14.21,27.08,58.26,false,true,false,false
2026-09-11T10:00:23.800Z,COLH-DEMO-01,true,-22.66738640,-47.80501648,3d,1.5,6.000,90.00,4.853,-0.936,0.000,1879,65.62,86.28,422.14,18.476,14.21,27.08,58.26,false,true,false,false
2026-09-11T10:00:23.900Z,COLH-DEMO-01,true,-22.66738640,-47.80501485,3d,1.5,6.000,90.00,4.852,-0.941,0.000,1879,65.63,86.28,422.15,18.477,14.21,27.08,58.26,false,true,false,false
2026-09-11T10:00:24.000Z,COLH-DEMO-01,true,-22.66738640,-47.80501323,3d,1.5,6.000,90.00,4.851,-0.945,0.000,1879,65.64,86.28,422.15,18.478,14.21,27.08,58.26,false,true,false,false
2026-09-11T10:00:24.100Z,COLH-DEMO-01,true,-22.66738640,-47.80501161,3d,1.5,6.000,90.00,4.850,-0.950,0.000,1879,65.65,86.28,422.16,18.480,14.21,27.08,58.26,false,true,false,false
2026-09-11T10:00:24.200Z,COLH-DEMO-01,true,-22.66738640,-47.80500999,3d,1.5,6.000,90.00,4.849,-0.954,0.000,1879,65.65,86.28,422.17,18.481,14.21,27.08,58.27,false,true,false,false
2026-09-11T10:00:24.300Z,COLH-DEMO-01,true,-22.66738640,-47.80500836,3d,1.5,6.000,90.00,4.848,-0.958,0.000,1879,65.66,86.29,422.17,18.483,14.21,27.08,58.27,false,true,false,false
2026-09-11T10:00:24.400Z,COLH-DEMO-01,true,-22.66738640,-47.80500674,3d,1.5,6.000,90.00,5.134,-0.962,0.000,1879,65.67,86.29,422.18,18.484,14.21,27.08,58.27,false,true,false,false
2026-09-11T10:00:24.500Z,COLH-DEMO-01,true,-22.66738640,-47.80500512,3d,1.5,6.000,90.00,5.133,-0.966,0.000,1879,65.68,86.29,422.19,18.485,14.21,27.08,58.27,false,true,false,false
2026-09-11T10:00:24.600Z,COLH-DEMO-01,true,-22.66738640,-47.80500350,3d,1.5,6.000,90.00,4.847,-0.970,0.000,1878,65.69,86.29,422.19,18.487,14.21,27.08,58.27,false,true,false,false
2026-09-11T10:00:24.700Z,COLH-DEMO-01,true,-22.66738640,-47.80500187,3d,1.5,6.000,90.00,4.846,-0.973,0.000,1878,65.69,86.29,422.20,18.488,14.21,27.08,58.27,false,true,false,false
2026-09-11T10:00:24.800Z,COLH-DEMO-01,true,-22.66738640,-47.80500025,3d,1.5,6.000,90.00,4.846,-0.976,0.000,1878,65.70,86.29,422.21,18.489,14.21,27.08,58.27,false,true,false,false
2026-09-11T10:00:24.900Z,COLH-DEMO-01,true,-22.66738640,-47.80499863,3d,1.5,6.000,90.00,4.846,-0.979,0.000,1878,65.71,86.29,422.21,18.491,14.21,27.08,58.27,false,true,false,false
2026-09-11T10:00:25.000Z,COLH-DEMO-01,true,-22.66738640,-47.80499701,3d,1.5,6.000,90.00,4.846,-0.982,0.000,1878,65.71,86.29,422.22,18.492,14.21,27.08,58.27,false,true,false,false
2026-09-11T10:00:25.100Z,COLH-DEMO-01,true,-22.66738640,-47.80499538,3d,1.5,6.000,90.00,4.846,-0.984,0.000,1878,65.72,86.29,422.23,18.493,14.21,27.08,58.28,false,true,false,false
2026-09-11T10:00:25.200Z,COLH-DEMO-01,true,-22.66738640,-47.80499376,3d,1.5,6.000,90.00,4.846,-0.987,0.000,1878,65.73,86.29,422.23,18.495,14.21,27.08,58.28,false,true,false,false
2026-09-11T10:00:25.300Z,COLH-DEMO-01,true,-22.66738640,-47.80499214,3d,1.5,6.000,90.00,5.133,-0.989,0.000,1878,65.74,86.30,422.24,18.496,14.21,27.08,58.28,false,true,false,false
2026-09-11T10:00:25.400Z,COLH-DEMO-01,true,-22.66738640,-47.80499052,3d,1.5,6.000,90.00,4.847,-0.991,0.000,1878,65.74,86.30,422.25,18.497,14.21,27.08,58.28,false,true,false,false
2026-09-11T10:00:25.500Z,COLH-DEMO-01,true,-22.66738640,-47.80498889,3d,1.5,6.000,90.00,4.847,-0.993,0.000,1878,65.75,86.30,422.25,18.499,14.21,27.08,58.28,false,true,false,false
2026-09-11T10:00:25.600Z,COLH-DEMO-01,true,-22.66738640,-47.80498727,3d,1.5,6.000,90.00,4.848,-0.994,0.000,1878,65.76,86.30,422.26,18.500,14.21,27.08,58.28,false,true,false,false
2026-09-11T10:00:25.700Z,COLH-DEMO-01,true,-22.66738640,-47.80498565,3d,1.5,6.000,90.00,4.849,-0.996,0.000,1878,65.76,86.30,422.27,18.501,14.21,27.08,58.28,false,true,false,false
2026-09-11T10:00:25.800Z,COLH-DEMO-01,true,-22.66738640,-47.80498403,3d,1.5,6.000,90.00,4.850,-0.997,0.000,1877,65.77,86.30,422.27,18.502,14.21,27.08,58.28,false,true,false,false
2026-09-11T10:00:25.900Z,COLH-DEMO-01,true,-22.66738640,-47.80498240,3d,1.5,6.000,90.00,4.851,-0.998,0.000,1877,65.77,86.30,422.28,18.504,14.21,27.09,58.28,false,true,false,false
2026-09-11T10:00:26.000Z,COLH-DEMO-01,true,-22.66738640,-47.80498078,3d,1.5,6.000,90.00,5.138,-0.999,0.000,1877,65.78,86.30,422.29,18.505,14.21,27.09,58.28,false,true,false,false
2026-09-11T10:00:26.100Z,COLH-DEMO-01,true,-22.66738640,-47.80497916,3d,1.5,6.000,90.00,4.853,-0.999,0.000,1877,65.79,86.30,422.29,18.506,14.21,27.09,58.29,false,true,false,false
2026-09-11T10:00:26.200Z,COLH-DEMO-01,true,-22.66738640,-47.80497754,3d,1.5,6.000,90.00,4.854,-1.000,0.000,1877,65.79,86.30,422.30,18.507,14.22,27.09,58.29,false,true,false,false
2026-09-11T10:00:26.300Z,COLH-DEMO-01,true,-22.66738640,-47.80497591,3d,1.5,6.000,90.00,4.855,-1.000,0.000,1877,65.80,86.31,422.31,18.509,14.22,27.09,58.29,false,true,false,false
2026-09-11T10:00:26.400Z,COLH-DEMO-01,true,-22.66738640,-47.80497429,3d,1.5,6.000,90.00,4.857,-1.000,0.000,1877,65.80,86.31,422.31,18.510,14.22,27.09,58.29,false,true,false,false
2026-09-11T10:00:26.500Z,COLH-DEMO-01,true,-22.66738640,-47.80497267,3d,1.5,6.000,90.00,4.858,-1.000,0.000,1877,65.81,86.31,422.32,18.511,14.22,27.09,58.29,false,true,false,false
2026-09-11T10:00:26.600Z,COLH-DEMO-01,true,-22.66738640,-47.80497105,3d,1.5,6.000,90.00,4.860,-0.999,0.000,1877,65.82,86.31,422.32,18.512,14.22,27.09,58.29,false,true,false,false
2026-09-11T10:00:26.700Z,COLH-DEMO-01,true,-22.66738640,-47.80496942,3d,1.5,6.000,90.00,4.862,-0.999,0.000,1877,65.82,86.31,422.33,18.513,14.22,27.09,58.29,false,true,false,false
2026-09-11T10:00:26.800Z,COLH-DEMO-01,true,-22.66738640,-47.80496780,3d,1.5,6.000,90.00,4.864,-0.998,0.000,1876,65.83,86.31,422.34,18.515,14.22,27.09,58.29,false,true,false,false
2026-09-11T10:00:26.900Z,COLH-DEMO-01,true,-22.66738640,-47.80496618,3d,1.5,6.000,90.00,4.866,-0.997,0.000,1876,65.83,86.31,422.34,18.516,14.22,27.09,58.29,false,true,false,false
2026-09-11T10:00:27.000Z,COLH-DEMO-01,true,-22.66738640,-47.80496456,3d,1.5,6.000,90.00,4.868,-0.996,0.000,1876,65.84,86.31,422.35,18.517,14.22,27.09,58.30,false,true,false,false
2026-09-11T10:00:27.100Z,COLH-DEMO-01,true,-22.66738640,-47.80496293,3d,1.5,6.000,90.00,4.870,-0.995,0.000,1876,65.84,86.31,422.36,18.518,14.22,27.09,58.30,false,true,false,false
2026-09-11T10:00:27.200Z,COLH-DEMO-01,true,-22.66738640,-47.80496131,3d,1.5,6.000,90.00,4.872,-0.993,0.000,1876,65.85,86.31,422.36,18.519,14.22,27.09,58.30,false,true,false,false
2026-09-11T10:00:27.300Z,COLH-DEMO-01,true,-22.66738640,-47.80495969,3d,1.5,6.000,90.00,4.874,-0.991,0.000,1876,65.85,86.32,422.37,18.520,14.22,27.09,58.30,false,true,false,false
2026-09-11T10:00:27.400Z,COLH-DEMO-01,true,-22.66738640,-47.80495807,3d,1.5,6.000,90.00,5.163,-0.989,0.000,1876,65.86,86.32,422.37,18.522,14.22,27.09,58.30,false,true,false,false
2026-09-11T10:00:27.500Z,COLH-DEMO-01,true,-22.66738640,-47.80495644,3d,1.5,6.000,90.00,4.879,-0.987,0.000,1876,65.86,86.32,422.38,18.523,14.22,27.09,58.30,false,true,false,false
2026-09-11T10:00:27.600Z,COLH-DEMO-01,true,-22.66738640,-47.80495482,3d,1.5,6.000,90.00,4.882,-0.985,0.000,1876,65.87,86.32,422.39,18.524,14.22,27.09,58.30,false,true,false,false
2026-09-11T10:00:27.700Z,COLH-DEMO-01,true,-22.66738640,-47.80495320,3d,1.5,6.000,90.00,4.885,-0.982,0.000,1875,65.87,86.32,422.39,18.525,14.22,27.09,58.30,false,true,false,false
2026-09-11T10:00:27.800Z,COLH-DEMO-01,true,-22.66738640,-47.80495157,3d,1.5,6.000,90.00,4.888,-0.979,0.000,1875,65.88,86.32,422.40,18.526,14.22,27.09,58.30,false,true,false,false
2026-09-11T10:00:27.900Z,COLH-DEMO-01,true,-22.66738640,-47.80494995,3d,1.5,6.000,90.00,4.891,-0.977,0.000,1875,65.88,86.32,422.40,18.527,14.22,27.09,58.31,false,true,false,false
2026-09-11T10:00:28.000Z,COLH-DEMO-01,true,-22.66738640,-47.80494833,3d,1.5,6.000,90.00,4.894,-0.973,0.000,1875,65.89,86.32,422.41,18.528,14.22,27.09,58.31,false,true,false,false
2026-09-11T10:00:28.100Z,COLH-DEMO-01,true,-22.66738640,-47.80494671,3d,1.5,6.000,90.00,4.897,-0.970,0.000,1875,65.89,86.32,422.42,18.529,14.22,27.09,58.31,false,true,false,false
2026-09-11T10:00:28.200Z,COLH-DEMO-01,true,-22.66738640,-47.80494508,3d,1.5,6.000,90.00,4.900,-0.967,0.000,1875,65.90,86.32,422.42,18.530,14.22,27.09,58.31,false,true,false,false
2026-09-11T10:00:28.300Z,COLH-DEMO-01,true,-22.66738640,-47.80494346,3d,1.5,6.000,90.00,4.903,-0.963,0.000,1875,65.90,86.32,422.43,18.532,14.22,27.09,58.31,false,true,false,false
2026-09-11T10:00:28.400Z,COLH-DEMO-01,true,-22.66738640,-47.80494184,3d,1.5,6.000,90.00,4.906,-0.959,0.000,1875,65.90,86.33,422.43,18.533,14.22,27.09,58.31,false,true,false,false
2026-09-11T10:00:28.500Z,COLH-DEMO-01,true,-22.66738640,-47.80494022,3d,1.5,6.000,90.00,4.910,-0.955,0.000,1874,65.91,86.33,422.44,18.534,14.22,27.09,58.31,false,true,false,false
2026-09-11T10:00:28.600Z,COLH-DEMO-01,true,-22.66738640,-47.80493859,3d,1.5,6.000,90.00,4.913,-0.951,0.000,1874,65.91,86.33,422.45,18.535,14.22,27.09,58.31,false,true,false,false
2026-09-11T10:00:28.700Z,COLH-DEMO-01,true,-22.66738640,-47.80493697,3d,1.5,6.000,90.00,4.917,-0.946,0.000,1874,65.92,86.33,422.45,18.536,14.22,27.09,58.31,false,true,false,false
2026-09-11T10:00:28.800Z,COLH-DEMO-01,true,-22.66738640,-47.80493535,3d,1.5,6.000,90.00,4.921,-0.941,0.000,1874,65.92,86.33,422.46,18.537,14.22,27.09,58.31,false,true,false,false
2026-09-11T10:00:28.900Z,COLH-DEMO-01,true,-22.66738640,-47.80493373,3d,1.5,6.000,90.00,4.925,-0.937,0.000,1874,65.92,86.33,422.46,18.538,14.22,27.09,58.32,false,true,false,false
2026-09-11T10:00:29.000Z,COLH-DEMO-01,true,-22.66738640,-47.80493210,3d,1.5,6.000,90.00,4.928,-0.932,0.000,1874,65.93,86.33,422.47,18.539,14.22,27.10,58.32,false,true,false,false
2026-09-11T10:00:29.100Z,COLH-DEMO-01,true,-22.66738640,-47.80493048,3d,1.5,6.000,90.00,4.932,-0.926,0.000,1874,65.93,86.33,422.47,18.540,14.22,27.10,58.32,false,true,false,false
2026-09-11T10:00:29.200Z,COLH-DEMO-01,true,-22.66738640,-47.80492886,3d,1.5,6.000,90.00,4.936,-0.921,0.000,1873,65.94,86.33,422.48,18.541,14.22,27.10,58.32,false,true,false,false
2026-09-11T10:00:29.300Z,COLH-DEMO-01,true,-22.66738640,-47.80492724,3d,1.5,6.000,90.00,4.940,-0.915,0.000,1873,65.94,86.33,422.49,18.542,14.22,27.10,58.32,false,true,false,false
2026-09-11T10:00:29.400Z,COLH-DEMO-01,true,-22.66738640,-47.80492561,3d,1.5,6.000,90.00,4.945,-0.910,0.000,1873,65.94,86.34,422.49,18.543,14.22,27.10,58.32,false,true,false,false
2026-09-11T10:00:29.500Z,COLH-DEMO-01,true,-22.66738640,-47.80492399,3d,1.5,6.000,90.00,4.949,-0.904,0.000,1873,65.94,86.34,422.50,18.544,14.22,27.10,58.32,false,true,false,false
2026-09-11T10:00:29.600Z,COLH-DEMO-01,true,-22.66738640,-47.80492237,3d,1.5,6.000,90.00,4.953,-0.898,0.000,1873,65.95,86.34,422.50,18.545,14.22,27.10,58.32,false,true,false,false
2026-09-11T10:00:29.700Z,COLH-DEMO-01,true,-22.66738640,-47.80492075,3d,1.5,6.000,90.00,4.957,-0.891,0.000,1873,65.95,86.34,422.51,18.546,14.22,27.10,58.32,false,true,false,false
2026-09-11T10:00:29.800Z,COLH-DEMO-01,true,-22.66738640,-47.80491912,3d,1.5,6.000,90.00,4.962,-0.885,0.000,1873,65.95,86.34,422.51,18.547,14.22,27.10,58.33,false,true,false,false
2026-09-11T10:00:29.900Z,COLH-DEMO-01,true,-22.66738640,-47.80491750,3d,1.5,6.000,90.00,4.966,-0.878,0.000,1872,65.96,86.34,422.52,18.548,14.22,27.10,58.33,false,true,false,false
2026-09-11T10:00:30.000Z,COLH-DEMO-01,true,-22.66738640,-47.80491588,3d,1.5,6.000,90.00,4.971,-0.871,0.000,1872,65.96,86.34,422.52,18.549,14.22,27.10,58.33,false,true,false,false
2026-09-11T10:00:30.100Z,COLH-DEMO-01,true,-22.66738640,-47.80491426,3d,1.5,6.000,90.00,4.976,-0.864,0.000,1872,65.96,86.34,422.53,18.550,14.22,27.10,58.33,false,true,false,false
2026-09-11T10:00:30.200Z,COLH-DEMO-01,true,-22.66738640,-47.80491263,3d,1.5,6.000,90.00,4.980,-0.857,0.000,1872,65.96,86.34,422.54,18.550,14.22,27.10,58.33,false,true,false,false
2026-09-11T10:00:30.300Z,COLH-DEMO-01,true,-22.66738640,-47.80491101,3d,1.5,6.000,90.00,4.985,-0.850,0.000,1872,65.97,86.34,422.54,18.551,14.22,27.10,58.33,false,true,false,false
2026-09-11T10:00:30.400Z,COLH-DEMO-01,true,-22.66738640,-47.80490939,3d,1.5,6.000,90.00,4.703,-0.842,0.000,1872,65.97,86.34,422.55,18.552,14.22,27.10,58.33,false,true,false,false
2026-09-11T10:00:30.500Z,COLH-DEMO-01,true,-22.66738640,-47.80490777,3d,1.5,6.000,90.00,4.995,-0.835,0.000,1871,65.97,86.35,422.55,18.553,14.22,27.10,58.33,false,true,false,false
2026-09-11T10:00:30.600Z,COLH-DEMO-01,true,-22.66738640,-47.80490614,3d,1.5,6.000,90.00,5.000,-0.827,0.000,1871,65.97,86.35,422.56,18.554,14.22,27.10,58.33,false,true,false,false
2026-09-11T10:00:30.700Z,COLH-DEMO-01,true,-22.66738640,-47.80490452,3d,1.5,6.000,90.00,5.005,-0.819,0.000,1871,65.98,86.35,422.56,18.555,14.22,27.10,58.33,false,true,false,false
2026-09-11T10:00:30.800Z,COLH-DEMO-01,true,-22.66738640,-47.80490290,3d,1.5,6.000,90.00,5.010,-0.811,0.000,1871,65.98,86.35,422.57,18.556,14.22,27.10,58.34,false,true,false,false
2026-09-11T10:00:30.900Z,COLH-DEMO-01,true,-22.66738640,-47.80490128,3d,1.5,6.000,90.00,5.015,-0.802,0.000,1871,65.98,86.35,422.57,18.557,14.22,27.10,58.34,false,true,false,false
2026-09-11T10:00:31.000Z,COLH-DEMO-01,true,-22.66738640,-47.80489965,3d,1.5,6.000,90.00,4.733,-0.794,0.000,1871,65.98,86.35,422.58,18.558,14.22,27.10,58.34,false,true,false,false
2026-09-11T10:00:31.100Z,COLH-DEMO-01,true,-22.66738640,-47.80489803,3d,1.5,6.000,90.00,5.025,-0.785,0.000,1870,65.98,86.35,422.58,18.558,14.22,27.10,58.34,false,true,false,false
2026-09-11T10:00:31.200Z,COLH-DEMO-01,true,-22.66738640,-47.80489641,3d,1.5,6.000,90.00,5.030,-0.776,0.000,1870,65.99,86.35,422.59,18.559,14.22,27.10,58.34,false,true,false,false
2026-09-11T10:00:31.300Z,COLH-DEMO-01,true,-22.66738640,-47.80489479,3d,1.5,6.000,90.00,5.035,-0.767,0.000,1870,65.99,86.35,422.59,18.560,14.22,27.10,58.34,false,true,false,false
2026-09-11T10:00:31.400Z,COLH-DEMO-01,true,-22.66738640,-47.80489316,3d,1.5,6.000,90.00,5.041,-0.758,0.000,1870,65.99,86.35,422.60,18.561,14.22,27.10,58.34,false,true,false,false
2026-09-11T10:00:31.500Z,COLH-DEMO-01,true,-22.66738640,-47.80489154,3d,1.5,6.000,90.00,4.759,-0.749,0.000,1870,65.99,86.35,422.60,18.562,14.22,27.10,58.34,false,true,false,false
2026-09-11T10:00:31.600Z,COLH-DEMO-01,true,-22.66738640,-47.80488992,3d,1.5,6.000,90.00,5.051,-0.740,0.000,1870,65.99,86.36,422.61,18.563,14.22,27.10,58.34,false,true,false,false
2026-09-11T10:00:31.700Z,COLH-DEMO-01,true,-22.66738640,-47.80488829,3d,1.5,6.000,90.00,5.057,-0.730,0.000,1869,65.99,86.36,422.61,18.563,14.22,27.10,58.34,false,true,false,false
2026-09-11T10:00:31.800Z,COLH-DEMO-01,true,-22.66738640,-47.80488667,3d,1.5,6.000,90.00,5.062,-0.720,0.000,1869,65.99,86.36,422.62,18.564,14.22,27.10,58.35,false,true,false,false
2026-09-11T10:00:31.900Z,COLH-DEMO-01,true,-22.66738640,-47.80488505,3d,1.5,6.000,90.00,5.068,-0.711,0.000,1869,65.99,86.36,422.62,18.565,14.22,27.10,58.35,false,true,false,false
2026-09-11T10:00:32.000Z,COLH-DEMO-01,true,-22.66738640,-47.80488343,3d,1.5,6.000,90.00,4.786,-0.701,0.000,1869,66.00,86.36,422.63,18.566,14.22,27.10,58.35,false,true,false,false
2026-09-11T10:00:32.100Z,COLH-DEMO-01,true,-22.66738640,-47.80488180,3d,1.5,6.000,90.00,4.792,-0.690,0.000,1869,66.00,86.36,422.63,18.566,14.22,27.10,58.35,false,true,false,false
2026-09-11T10:00:32.200Z,COLH-DEMO-01,true,-22.66738640,-47.80488018,3d,1.5,6.000,90.00,5.084,-0.680,0.000,1869,66.00,86.36,422.64,18.567,14.22,27.11,58.35,false,true,false,false
2026-09-11T10:00:32.300Z,COLH-DEMO-01,true,-22.66738640,-47.80487856,3d,1.5,6.000,90.00,5.090,-0.670,0.000,1868,66.00,86.36,422.64,18.568,14.22,27.11,58.35,false,true,false,false
2026-09-11T10:00:32.400Z,COLH-DEMO-01,true,-22.66738640,-47.80487694,3d,1.5,6.000,90.00,5.095,-0.659,0.000,1868,66.00,86.36,422.65,18.569,14.22,27.11,58.35,false,true,false,false
2026-09-11T10:00:32.500Z,COLH-DEMO-01,true,-22.66738640,-47.80487531,3d,1.5,6.000,90.00,4.814,-0.649,0.000,1868,66.00,86.36,422.65,18.569,14.22,27.11,58.35,false,true,false,false
2026-09-11T10:00:32.600Z,COLH-DEMO-01,true,-22.66738640,-47.80487369,3d,1.5,6.000,90.00,4.819,-0.638,0.000,1868,66.00,86.36,422.66,18.570,14.22,27.11,58.35,false,true,false,false
2026-09-11T10:00:32.700Z,COLH-DEMO-01,true,-22.66738640,-47.80487207,3d,1.5,6.000,90.00,5.112,-0.627,0.000,1868,66.00,86.36,422.66,18.571,14.22,27.11,58.36,false,true,false,false
2026-09-11T10:00:32.800Z,COLH-DEMO-01,true,-22.66738640,-47.80487045,3d,1.5,6.000,90.00,5.118,-0.616,0.000,1867,66.00,86.37,422.66,18.572,14.22,27.11,58.36,false,true,false,false
2026-09-11T10:00:32.900Z,COLH-DEMO-01,true,-22.66738640,-47.80486882,3d,1.5,6.000,90.00,5.123,-0.605,0.000,1867,66.00,86.37,422.67,18.572,14.22,27.11,58.36,false,true,false,false
2026-09-11T10:00:33.000Z,COLH-DEMO-01,true,-22.66738640,-47.80486720,3d,1.5,6.000,90.00,4.842,-0.593,0.000,1867,66.00,86.37,422.67,18.573,14.22,27.11,58.36,false,true,false,false
2026-09-11T10:00:33.100Z,COLH-DEMO-01,true,-22.66738640,-47.80486558,3d,1.5,6.000,90.00,4.848,-0.582,0.000,1867,66.00,86.37,422.68,18.574,14.22,27.11,58.36,false,true,false,false
2026-09-11T10:00:33.200Z,COLH-DEMO-01,true,-22.66738640,-47.80486396,3d,1.5,6.000,90.00,4.853,-0.571,0.000,1867,66.00,86.37,422.68,18.574,14.22,27.11,58.36,false,true,false,false
2026-09-11T10:00:33.300Z,COLH-DEMO-01,true,-22.66738640,-47.80486233,3d,1.5,6.000,90.00,5.146,-0.559,0.000,1866,66.00,86.37,422.69,18.575,14.22,27.11,58.36,false,true,false,false
2026-09-11T10:00:33.400Z,COLH-DEMO-01,true,-22.66738640,-47.80486071,3d,1.5,6.000,90.00,5.152,-0.547,0.000,1866,66.00,86.37,422.69,18.576,14.22,27.11,58.36,false,true,false,false
2026-09-11T10:00:33.500Z,COLH-DEMO-01,true,-22.66738640,-47.80485909,3d,1.5,6.000,90.00,4.870,-0.535,0.000,1866,66.00,86.37,422.70,18.576,14.22,27.11,58.36,false,true,false,false
2026-09-11T10:00:33.600Z,COLH-DEMO-01,true,-22.66738640,-47.80485747,3d,1.5,6.000,90.00,4.876,-0.523,0.000,1866,66.00,86.37,422.70,18.577,14.22,27.11,58.36,false,true,false,false
2026-09-11T10:00:33.700Z,COLH-DEMO-01,true,-22.66738640,-47.80485584,3d,1.5,6.000,90.00,4.882,-0.511,0.000,1866,66.00,86.37,422.70,18.578,14.22,27.11,58.37,false,true,false,false
2026-09-11T10:00:33.800Z,COLH-DEMO-01,true,-22.66738640,-47.80485422,3d,1.5,6.000,90.00,5.174,-0.499,0.000,1865,66.00,86.37,422.71,18.578,14.22,27.11,58.37,false,true,false,false
2026-09-11T10:00:33.900Z,COLH-DEMO-01,true,-22.66738640,-47.80485260,3d,1.5,6.000,90.00,5.180,-0.487,0.000,1865,66.00,86.37,422.71,18.579,14.22,27.11,58.37,false,true,false,false
2026-09-11T10:00:34.000Z,COLH-DEMO-01,true,-22.66738640,-47.80485098,3d,1.5,6.000,90.00,4.898,-0.475,0.000,1865,66.00,86.38,422.72,18.579,14.22,27.11,58.37,false,true,false,false
2026-09-11T10:00:34.100Z,COLH-DEMO-01,true,-22.66738640,-47.80484935,3d,1.5,6.000,90.00,4.904,-0.462,0.000,1865,65.99,86.38,422.72,18.580,14.22,27.11,58.37,false,true,false,false
2026-09-11T10:00:34.200Z,COLH-DEMO-01,true,-22.66738640,-47.80484773,3d,1.5,6.000,90.00,4.910,-0.450,0.000,1865,65.99,86.38,422.73,18.581,14.22,27.11,58.37,false,true,false,false
2026-09-11T10:00:34.300Z,COLH-DEMO-01,true,-22.66738640,-47.80484611,3d,1.5,6.000,90.00,5.202,-0.437,0.000,1864,65.99,86.38,422.73,18.581,14.22,27.11,58.37,false,true,false,false
2026-09-11T10:00:34.400Z,COLH-DEMO-01,true,-22.66738640,-47.80484449,3d,1.5,6.000,90.00,5.208,-0.424,0.000,1864,65.99,86.38,422.73,18.582,14.22,27.11,58.37,false,true,false,false
2026-09-11T10:00:34.500Z,COLH-DEMO-01,true,-22.66738640,-47.80484286,3d,1.5,6.000,90.00,4.926,-0.411,0.000,1864,65.99,86.38,422.74,18.582,14.22,27.11,58.37,false,true,false,false
2026-09-11T10:00:34.600Z,COLH-DEMO-01,true,-22.66738640,-47.80484124,3d,1.5,6.000,90.00,4.932,-0.399,0.000,1864,65.99,86.38,422.74,18.583,14.22,27.11,58.38,false,true,false,false
2026-09-11T10:00:34.700Z,COLH-DEMO-01,true,-22.66738640,-47.80483962,3d,1.5,6.000,90.00,4.937,-0.386,0.000,1864,65.99,86.38,422.75,18.583,14.22,27.11,58.38,false,true,false,false
2026-09-11T10:00:34.800Z,COLH-DEMO-01,true,-22.66738640,-47.80483800,3d,1.5,6.000,90.00,5.230,-0.373,0.000,1863,65.99,86.38,422.75,18.584,14.22,27.11,58.38,false,true,false,false
2026-09-11T10:00:34.900Z,COLH-DEMO-01,true,-22.66738640,-47.80483637,3d,1.5,6.000,90.00,5.235,-0.359,0.000,1863,65.98,86.38,422.75,18.584,14.22,27.11,58.38,false,true,false,false
2026-09-11T10:00:35.000Z,COLH-DEMO-01,true,-22.66738640,-47.80483475,3d,1.5,6.000,90.00,4.954,-0.346,0.000,1863,65.98,86.38,422.76,18.585,14.22,27.11,58.38,false,true,false,false
2026-09-11T10:00:35.100Z,COLH-DEMO-01,true,-22.66738640,-47.80483313,3d,1.5,6.000,90.00,4.959,-0.333,0.000,1863,65.98,86.38,422.76,18.585,14.22,27.11,58.38,false,true,false,false
2026-09-11T10:00:35.200Z,COLH-DEMO-01,true,-22.66738640,-47.80483151,3d,1.5,6.000,90.00,4.964,-0.320,0.000,1863,65.98,86.39,422.77,18.586,14.22,27.11,58.38,false,true,false,false
2026-09-11T10:00:35.300Z,COLH-DEMO-01,true,-22.66738640,-47.80482988,3d,1.5,6.000,90.00,5.256,-0.306,0.000,1862,65.98,86.39,422.77,18.586,14.22,27.11,58.38,false,true,false,false
2026-09-11T10:00:35.400Z,COLH-DEMO-01,true,-22.66738640,-47.80482826,3d,1.5,6.000,90.00,5.262,-0.293,0.000,1862,65.97,86.39,422.77,18.587,14.22,27.11,58.38,false,true,false,false
2026-09-11T10:00:35.500Z,COLH-DEMO-01,true,-22.66738640,-47.80482664,3d,1.5,6.000,90.00,4.980,-0.279,0.000,1862,65.97,86.39,422.78,18.587,14.22,27.12,58.38,false,true,false,false
2026-09-11T10:00:35.600Z,COLH-DEMO-01,true,-22.66738640,-47.80482502,3d,1.5,6.000,90.00,4.985,-0.266,0.000,1862,65.97,86.39,422.78,18.588,14.22,27.12,58.39,false,true,false,false
2026-09-11T10:00:35.700Z,COLH-DEMO-01,true,-22.66738640,-47.80482339,3d,1.5,6.000,90.00,4.990,-0.252,0.000,1862,65.97,86.39,422.79,18.588,14.22,27.12,58.39,false,true,false,false
2026-09-11T10:00:35.800Z,COLH-DEMO-01,true,-22.66738640,-47.80482177,3d,1.5,6.000,90.00,5.282,-0.239,0.000,1861,65.96,86.39,422.79,18.589,14.22,27.12,58.39,false,true,false,false
2026-09-11T10:00:35.900Z,COLH-DEMO-01,true,-22.66738640,-47.80482015,3d,1.5,6.000,90.00,5.287,-0.225,0.000,1861,65.96,86.39,422.79,18.589,14.22,27.12,58.39,false,true,false,false
2026-09-11T10:00:36.000Z,COLH-DEMO-01,true,-22.66738640,-47.80481852,3d,1.5,6.000,90.00,5.005,-0.211,0.000,1861,65.96,86.39,422.80,18.590,14.22,27.12,58.39,false,true,false,false
2026-09-11T10:00:36.100Z,COLH-DEMO-01,true,-22.66738640,-47.80481690,3d,1.5,6.000,90.00,5.010,-0.197,0.000,1861,65.96,86.39,422.80,18.590,14.22,27.12,58.39,false,true,false,false
2026-09-11T10:00:36.200Z,COLH-DEMO-01,true,-22.66738640,-47.80481528,3d,1.5,6.000,90.00,5.015,-0.184,0.000,1860,65.95,86.39,422.80,18.590,14.22,27.12,58.39,false,true,false,false
2026-09-11T10:00:36.300Z,COLH-DEMO-01,true,-22.66738640,-47.80481366,3d,1.5,6.000,90.00,5.307,-0.170,0.000,1860,65.95,86.39,422.81,18.591,14.22,27.12,58.39,false,true,false,false
2026-09-11T10:00:36.400Z,COLH-DEMO-01,true,-22.66738640,-47.80481203,3d,1.5,6.000,90.00,5.312,-0.156,0.000,1860,65.95,86.39,422.81,18.591,14.22,27.12,58.39,false,true,false,false
2026-09-11T10:00:36.500Z,COLH-DEMO-01,true,-22.66738640,-47.80481041,3d,1.5,6.000,90.00,5.029,-0.142,0.000,1860,65.94,86.40,422.81,18.592,14.22,27.12,58.39,false,true,false,false
2026-09-11T10:00:36.600Z,COLH-DEMO-01,true,-22.66738640,-47.80480879,3d,1.5,6.000,90.00,5.034,-0.128,0.000,1860,65.94,86.40,422.82,18.592,14.22,27.12,58.40,false,true,false,false
2026-09-11T10:00:36.700Z,COLH-DEMO-01,true,-22.66738640,-47.80480717,3d,1.5,6.000,90.00,5.038,-0.114,0.000,1859,65.94,86.40,422.82,18.592,14.22,27.12,58.40,false,true,false,false
2026-09-11T10:00:36.800Z,COLH-DEMO-01,true,-22.66738640,-47.80480554,3d,1.5,6.000,90.00,5.330,-0.100,0.000,1859,65.93,86.40,422.82,18.593,14.22,27.12,58.40,false,true,false,false
2026-09-11T10:00:36.900Z,COLH-DEMO-01,true,-22.66738640,-47.80480392,3d,1.5,6.000,90.00,5.334,-0.086,0.000,1859,65.93,86.40,422.83,18.593,14.22,27.12,58.40,false,true,false,false
2026-09-11T10:00:37.000Z,COLH-DEMO-01,true,-22.66738640,-47.80480230,3d,1.5,6.000,90.00,5.052,-0.072,0.000,1859,65.93,86.40,422.83,18.593,14.22,27.12,58.40,false,true,false,false
2026-09-11T10:00:37.100Z,COLH-DEMO-01,true,-22.66738640,-47.80480068,3d,1.5,6.000,90.00,5.056,-0.058,0.000,1859,65.92,86.40,422.83,18.594,14.22,27.12,58.40,false,true,false,false
2026-09-11T10:00:37.200Z,COLH-DEMO-01,true,-22.66738640,-47.80479905,3d,1.5,6.000,90.00,5.060,-0.044,0.000,1858,65.92,86.40,422.84,18.594,14.22,27.12,58.40,false,true,false,false
2026-09-11T10:00:37.300Z,COLH-DEMO-01,true,-22.66738640,-47.80479743,3d,1.5,6.000,90.00,5.064,-0.030,0.000,1858,65.92,86.40,422.84,18.594,14.22,27.12,58.40,false,true,false,false
2026-09-11T10:00:37.400Z,COLH-DEMO-01,true,-22.66738640,-47.80479581,3d,1.5,6.000,90.00,5.356,-0.016,0.000,1858,65.91,86.40,422.84,18.595,14.22,27.12,58.40,false,true,false,false
2026-09-11T10:00:37.500Z,COLH-DEMO-01,true,-22.66738640,-47.80479419,3d,1.5,6.000,90.00,5.073,-0.001,0.000,1858,65.91,86.40,422.85,18.595,14.22,27.12,58.40,false,true,false,false
2026-09-11T10:00:37.600Z,COLH-DEMO-01,true,-22.66738640,-47.80479256,3d,1.5,6.000,90.00,5.077,0.013,0.000,1857,65.90,86.40,422.85,18.595,14.22,27.12,58.41,false,true,false,false
2026-09-11T10:00:37.700Z,COLH-DEMO-01,true,-22.66738640,-47.80479094,3d,1.5,6.000,90.00,5.080,0.027,0.000,1857,65.90,86.40,422.85,18.596,14.22,27.12,58.41,false,true,false,false
2026-09-11T10:00:37.800Z,COLH-DEMO-01,true,-22.66738640,-47.80478932,3d,1.5,6.000,90.00,5.084,0.041,0.000,1857,65.90,86.41,422.86,18.596,14.22,27.12,58.41,false,true,false,false
2026-09-11T10:00:37.900Z,COLH-DEMO-01,true,-22.66738640,-47.80478770,3d,1.5,6.000,90.00,5.088,0.055,0.000,1857,65.89,86.41,422.86,18.596,14.22,27.12,58.41,false,true,false,false
2026-09-11T10:00:38.000Z,COLH-DEMO-01,true,-22.66738640,-47.80478607,3d,1.5,6.000,90.00,5.091,0.069,0.000,1857,65.89,86.41,422.86,18.596,14.22,27.12,58.41,false,true,false,false
2026-09-11T10:00:38.100Z,COLH-DEMO-01,true,-22.66738640,-47.80478445,3d,1.5,6.000,90.00,5.095,0.083,0.000,1856,65.88,86.41,422.87,18.597,14.22,27.12,58.41,false,true,false,false
2026-09-11T10:00:38.200Z,COLH-DEMO-01,true,-22.66738640,-47.80478283,3d,1.5,6.000,90.00,5.098,0.097,0.000,1856,65.88,86.41,422.87,18.597,14.22,27.12,58.41,false,true,false,false
2026-09-11T10:00:38.300Z,COLH-DEMO-01,true,-22.66738640,-47.80478121,3d,1.5,6.000,90.00,5.102,0.111,0.000,1856,65.87,86.41,422.87,18.597,14.22,27.12,58.41,false,true,false,false
2026-09-11T10:00:38.400Z,COLH-DEMO-01,true,-22.66738640,-47.80477958,3d,1.5,6.000,90.00,5.105,0.125,0.000,1856,65.87,86.41,422.87,18.597,14.22,27.12,58.41,false,true,false,false
2026-09-11T10:00:38.500Z,COLH-DEMO-01,true,-22.66738640,-47.80477796,3d,1.5,6.000,90.00,5.108,0.139,0.000,1855,65.86,86.41,422.88,18.598,14.22,27.12,58.41,false,true,false,false
2026-09-11T10:00:38.600Z,COLH-DEMO-01,true,-22.66738640,-47.80477634,3d,1.5,6.000,90.00,5.111,0.153,0.000,1855,65.86,86.41,422.88,18.598,14.22,27.12,58.42,false,true,false,false
2026-09-11T10:00:38.700Z,COLH-DEMO-01,true,-22.66738640,-47.80477472,3d,1.5,6.000,90.00,5.114,0.167,0.000,1855,65.85,86.41,422.88,18.598,14.22,27.13,58.42,false,true,false,false
2026-09-11T10:00:38.800Z,COLH-DEMO-01,true,-22.66738640,-47.80477309,3d,1.5,6.000,90.00,5.117,0.181,0.000,1855,65.85,86.41,422.89,18.598,14.22,27.13,58.42,false,true,false,false
2026-09-11T10:00:38.900Z,COLH-DEMO-01,true,-22.66738640,-47.80477147,3d,1.5,6.000,90.00,5.120,0.194,0.000,1854,65.84,86.41,422.89,18.598,14.22,27.13,58.42,false,true,false,false
2026-09-11T10:00:39.000Z,COLH-DEMO-01,true,-22.66738640,-47.80476985,3d,1.5,6.000,90.00,5.123,0.208,0.000,1854,65.84,86.41,422.89,18.598,14.22,27.13,58.42,false,true,false,false
2026-09-11T10:00:39.100Z,COLH-DEMO-01,true,-22.66738640,-47.80476823,3d,1.5,6.000,90.00,5.126,0.222,0.000,1854,65.83,86.41,422.89,18.599,14.22,27.13,58.42,false,true,false,false
2026-09-11T10:00:39.200Z,COLH-DEMO-01,true,-22.66738640,-47.80476660,3d,1.5,6.000,90.00,5.128,0.236,0.000,1854,65.83,86.42,422.90,18.599,14.22,27.13,58.42,false,true,false,false
2026-09-11T10:00:39.300Z,COLH-DEMO-01,true,-22.66738640,-47.80476498,3d,1.5,6.000,90.00,5.131,0.249,0.000,1854,65.82,86.42,422.90,18.599,14.22,27.13,58.42,false,true,false,false
2026-09-11T10:00:39.400Z,COLH-DEMO-01,true,-22.66738640,-47.80476336,3d,1.5,6.000,90.00,5.133,0.263,0.000,1853,65.81,86.42,422.90,18.599,14.22,27.13,58.42,false,true,false,false
2026-09-11T10:00:39.500Z,COLH-DEMO-01,true,-22.66738640,-47.80476174,3d,1.5,6.000,90.00,5.135,0.277,0.000,1853,65.81,86.42,422.90,18.599,14.22,27.13,58.42,false,true,false,false
2026-09-11T10:00:39.600Z,COLH-DEMO-01,true,-22.66738640,-47.80476011,3d,1.5,6.000,90.00,5.137,0.290,0.000,1853,65.80,86.42,422.91,18.599,14.22,27.13,58.43,false,true,false,false
2026-09-11T10:00:39.700Z,COLH-DEMO-01,true,-22.66738640,-47.80475849,3d,1.5,6.000,90.00,5.139,0.304,0.000,1853,65.80,86.42,422.91,18.599,14.22,27.13,58.43,false,true,false,false
2026-09-11T10:00:39.800Z,COLH-DEMO-01,true,-22.66738640,-47.80475687,3d,1.5,6.000,90.00,5.141,0.317,0.000,1852,65.79,86.42,422.91,18.600,14.22,27.13,58.43,false,true,false,false
2026-09-11T10:00:39.900Z,COLH-DEMO-01,true,-22.66738640,-47.80475525,3d,1.5,6.000,90.00,5.143,0.330,0.000,1852,65.79,86.42,422.91,18.600,14.22,27.13,58.43,false,true,false,false
2026-09-11T10:00:40.000Z,COLH-DEMO-01,true,-22.66738640,-47.80475362,3d,1.5,6.000,90.00,5.145,0.343,0.000,1852,65.78,86.42,422.92,18.600,14.22,27.13,58.43,false,true,false,false
2026-09-11T10:00:40.100Z,COLH-DEMO-01,true,-22.66738640,-47.80475200,3d,1.5,6.000,90.00,5.147,0.357,0.000,1852,65.77,86.42,422.92,18.600,14.22,27.13,58.43,false,true,false,false
2026-09-11T10:00:40.200Z,COLH-DEMO-01,true,-22.66738640,-47.80475038,3d,1.5,6.000,90.00,5.148,0.370,0.000,1851,65.77,86.42,422.92,18.600,14.22,27.13,58.43,false,true,false,false
2026-09-11T10:00:40.300Z,COLH-DEMO-01,true,-22.66738640,-47.80474875,3d,1.5,6.000,90.00,5.150,0.383,0.000,1851,65.76,86.42,422.92,18.600,14.22,27.13,58.43,false,true,false,false
2026-09-11T10:00:40.400Z,COLH-DEMO-01,true,-22.66738640,-47.80474713,3d,1.5,6.000,90.00,5.151,0.396,0.000,1851,65.75,86.42,422.92,18.600,14.22,27.13,58.43,false,true,false,false
2026-09-11T10:00:40.500Z,COLH-DEMO-01,true,-22.66738640,-47.80474551,3d,1.5,6.000,90.00,5.152,0.409,0.000,1851,65.75,86.42,422.93,18.600,14.22,27.13,58.43,false,true,false,false
2026-09-11T10:00:40.600Z,COLH-DEMO-01,true,-22.66738640,-47.80474389,3d,1.5,6.000,90.00,5.153,0.422,0.000,1851,65.74,86.42,422.93,18.600,14.22,27.13,58.44,false,true,false,false
2026-09-11T10:00:40.700Z,COLH-DEMO-01,true,-22.66738640,-47.80474226,3d,1.5,6.000,90.00,5.154,0.434,0.000,1850,65.73,86.43,422.93,18.600,14.22,27.13,58.44,false,true,false,false
2026-09-11T10:00:40.800Z,COLH-DEMO-01,true,-22.66738640,-47.80474064,3d,1.5,6.000,90.00,5.155,0.447,0.000,1850,65.73,86.43,422.93,18.600,14.22,27.13,58.44,false,true,false,false
2026-09-11T10:00:40.900Z,COLH-DEMO-01,true,-22.66738640,-47.80473902,3d,1.5,6.000,90.00,5.156,0.459,0.000,1850,65.72,86.43,422.94,18.600,14.22,27.13,58.44,false,true,false,false
2026-09-11T10:00:41.000Z,COLH-DEMO-01,true,-22.66738640,-47.80473740,3d,1.5,6.000,90.00,5.157,0.472,0.000,1850,65.71,86.43,422.94,18.600,14.22,27.13,58.44,false,true,false,false
2026-09-11T10:00:41.100Z,COLH-DEMO-01,true,-22.66738640,-47.80473577,3d,1.5,6.000,90.00,5.158,0.484,0.000,1849,65.71,86.43,422.94,18.600,14.22,27.13,58.44,false,true,false,false
2026-09-11T10:00:41.200Z,COLH-DEMO-01,true,-22.66738640,-47.80473415,3d,1.5,6.000,90.00,5.158,0.497,0.000,1849,65.70,86.43,422.94,18.600,14.22,27.13,58.44,false,true,false,false
2026-09-11T10:00:41.300Z,COLH-DEMO-01,true,-22.66738640,-47.80473253,3d,1.5,6.000,90.00,5.158,0.509,0.000,1849,65.69,86.43,422.94,18.600,14.22,27.13,58.44,false,true,false,false
2026-09-11T10:00:41.400Z,COLH-DEMO-01,true,-22.66738640,-47.80473091,3d,1.5,6.000,90.00,5.159,0.521,0.000,1849,65.68,86.43,422.95,18.600,14.22,27.13,58.44,false,true,false,false
2026-09-11T10:00:41.500Z,COLH-DEMO-01,true,-22.66738640,-47.80472928,3d,1.5,6.000,90.00,5.159,0.533,0.000,1848,65.68,86.43,422.95,18.600,14.22,27.13,58.44,false,true,false,false
2026-09-11T10:00:41.600Z,COLH-DEMO-01,true,-22.66738640,-47.80472766,3d,1.5,6.000,90.00,5.159,0.545,0.000,1848,65.67,86.43,422.95,18.600,14.22,27.13,58.45,false,true,false,false
2026-09-11T10:00:41.700Z,COLH-DEMO-01,true,-22.66738640,-47.80472604,3d,1.5,6.000,90.00,5.159,0.556,0.000,1848,65.66,86.43,422.95,18.600,14.22,27.13,58.45,false,true,false,false
2026-09-11T10:00:41.800Z,COLH-DEMO-01,true,-22.66738640,-47.80472442,3d,1.5,6.000,90.00,5.159,0.568,0.000,1848,65.65,86.43,422.95,18.600,14.22,27.13,58.45,false,true,false,false
2026-09-11T10:00:41.900Z,COLH-DEMO-01,true,-22.66738640,-47.80472279,3d,1.5,6.000,90.00,4.873,0.580,0.000,1848,65.65,86.43,422.95,18.600,14.22,27.13,58.45,false,true,false,false
2026-09-11T10:00:42.000Z,COLH-DEMO-01,true,-22.66738640,-47.80472117,3d,1.5,6.000,90.00,5.158,0.591,0.000,1847,65.64,86.43,422.96,18.599,14.22,27.13,58.45,false,true,false,false
2026-09-11T10:00:42.100Z,COLH-DEMO-01,true,-22.66738640,-47.80471955,3d,1.5,6.000,90.00,5.158,0.602,0.000,1847,65.63,86.43,422.96,18.599,14.22,27.14,58.45,false,true,false,false
2026-09-11T10:00:42.200Z,COLH-DEMO-01,true,-22.66738640,-47.80471793,3d,1.5,6.000,90.00,5.157,0.613,0.000,1847,65.62,86.43,422.96,18.599,14.22,27.14,58.45,false,true,false,false
2026-09-11T10:00:42.300Z,COLH-DEMO-01,true,-22.66738640,-47.80471630,3d,1.5,6.000,90.00,5.157,0.625,0.000,1847,65.61,86.44,422.96,18.599,14.22,27.14,58.45,false,true,false,false
2026-09-11T10:00:42.400Z,COLH-DEMO-01,true,-22.66738640,-47.80471468,3d,1.5,6.000,90.00,4.870,0.635,0.000,1846,65.60,86.44,422.96,18.599,14.22,27.14,58.45,false,true,false,false
2026-09-11T10:00:42.500Z,COLH-DEMO-01,true,-22.66738640,-47.80471306,3d,1.5,6.000,90.00,5.155,0.646,0.000,1846,65.60,86.44,422.96,18.599,14.22,27.14,58.45,false,true,false,false
2026-09-11T10:00:42.600Z,COLH-DEMO-01,true,-22.66738640,-47.80471144,3d,1.5,6.000,90.00,5.154,0.657,0.000,1846,65.59,86.44,422.97,18.599,14.22,27.14,58.46,false,true,false,false
2026-09-11T10:00:42.700Z,COLH-DEMO-01,true,-22.66738640,-47.80470981,3d,1.5,6.000,90.00,5.153,0.668,0.000,1846,65.58,86.44,422.97,18.598,14.22,27.14,58.46,false,true,false,false
2026-09-11T10:00:42.800Z,COLH-DEMO-01,true,-22.66738640,-47.80470819,3d,1.5,6.000,90.00,5.152,0.678,0.000,1845,65.57,86.44,422.97,18.598,14.22,27.14,58.46,false,true,false,false
2026-09-11T10:00:42.900Z,COLH-DEMO-01,true,-22.66738640,-47.80470657,3d,1.5,6.000,90.00,4.864,0.688,0.000,1845,65.56,86.44,422.97,18.598,14.22,27.14,58.46,false,true,false,false
2026-09-11T10:00:43.000Z,COLH-DEMO-01,true,-22.66738640,-47.80470495,3d,1.5,6.000,90.00,4.863,0.698,0.000,1845,65.55,86.44,422.97,18.598,14.22,27.14,58.46,false,true,false,false
2026-09-11T10:00:43.100Z,COLH-DEMO-01,true,-22.66738640,-47.80470332,3d,1.5,6.000,90.00,5.147,0.708,0.000,1845,65.55,86.44,422.97,18.598,14.22,27.14,58.46,false,true,false,false
2026-09-11T10:00:43.200Z,COLH-DEMO-01,true,-22.66738640,-47.80470170,3d,1.5,6.000,90.00,5.146,0.718,0.000,1845,65.54,86.44,422.97,18.598,14.22,27.14,58.46,false,true,false,false
2026-09-11T10:00:43.300Z,COLH-DEMO-01,true,-22.66738640,-47.80470008,3d,1.5,6.000,90.00,5.144,0.728,0.000,1844,65.53,86.44,422.98,18.597,14.22,27.14,58.46,false,true,false,false
2026-09-11T10:00:43.400Z,COLH-DEMO-01,true,-22.66738640,-47.80469846,3d,1.5,6.000,90.00,4.856,0.738,0.000,1844,65.52,86.44,422.98,18.597,14.22,27.14,58.46,false,true,false,false
2026-09-11T10:00:43.500Z,COLH-DEMO-01,true,-22.66738640,-47.80469683,3d,1.5,6.000,90.00,4.854,0.747,0.000,1844,65.51,86.44,422.98,18.597,14.22,27.14,58.46,false,true,false,false
2026-09-11T10:00:43.600Z,COLH-DEMO-01,true,-22.66738640,-47.80469521,3d,1.5,6.000,90.00,5.138,0.756,0.000,1844,65.50,86.44,422.98,18.597,14.22,27.14,58.47,false,true,false,false
2026-09-11T10:00:43.700Z,COLH-DEMO-01,true,-22.66738640,-47.80469359,3d,1.5,6.000,90.00,5.136,0.765,0.000,1843,65.49,86.44,422.98,18.596,14.22,27.14,58.47,false,true,false,false
2026-09-11T10:00:43.800Z,COLH-DEMO-01,true,-22.66738640,-47.80469197,3d,1.5,6.000,90.00,5.134,0.774,0.000,1843,65.48,86.44,422.98,18.596,14.22,27.14,58.47,false,true,false,false
2026-09-11T10:00:43.900Z,COLH-DEMO-01,true,-22.66738640,-47.80469034,3d,1.5,6.000,90.00,5.132,0.783,0.000,1843,65.47,86.45,422.98,18.596,14.22,27.14,58.47,false,true,false,false
2026-09-11T10:00:44.000Z,COLH-DEMO-01,true,-22.66738640,-47.80468872,3d,1.5,6.000,90.00,4.843,0.792,0.000,1843,65.46,86.45,422.98,18.596,14.22,27.14,58.47,false,true,false,false
2026-09-11T10:00:44.100Z,COLH-DEMO-01,true,-22.66738640,-47.80468710,3d,1.5,6.000,90.00,4.841,0.800,0.000,1843,65.45,86.45,422.98,18.595,14.22,27.14,58.47,false,true,false,false
2026-09-11T10:00:44.200Z,COLH-DEMO-01,true,-22.66738640,-47.80468547,3d,1.5,6.000,90.00,5.124,0.809,0.000,1842,65.44,86.45,422.99,18.595,14.22,27.14,58.47,false,true,false,false
2026-09-11T10:00:44.300Z,COLH-DEMO-01,true,-22.66738640,-47.80468385,3d,1.5,6.000,90.00,5.122,0.817,0.000,1842,65.43,86.45,422.99,18.595,14.22,27.14,58.47,false,true,false,false
2026-09-11T10:00:44.400Z,COLH-DEMO-01,true,-22.66738640,-47.80468223,3d,1.5,6.000,90.00,5.119,0.825,0.000,1842,65.42,86.45,422.99,18.594,14.22,27.14,58.47,false,true,false,false
2026-09-11T10:00:44.500Z,COLH-DEMO-01,true,-22.66738640,-47.80468061,3d,1.5,6.000,90.00,4.830,0.833,0.000,1842,65.41,86.45,422.99,18.594,14.22,27.14,58.47,false,true,false,false
2026-09-11T10:00:44.600Z,COLH-DEMO-01,true,-22.66738640,-47.80467898,3d,1.5,6.000,90.00,4.827,0.841,0.000,1841,65.40,86.45,422.99,18.594,14.22,27.14,58.48,false,true,false,false
2026-09-11T10:00:44.700Z,COLH-DEMO-01,true,-22.66738640,-47.80467736,3d,1.5,6.000,90.00,4.824,0.848,0.000,1841,65.39,86.45,422.99,18.593,14.22,27.14,58.48,false,true,false,false
2026-09-11T10:00:44.800Z,COLH-DEMO-01,true,-22.66738640,-47.80467574,3d,1.5,6.000,90.00,5.107,0.856,0.000,1841,65.38,86.45,422.99,18.593,14.22,27.14,58.48,false,true,false,false
2026-09-11T10:00:44.900Z,COLH-DEMO-01,true,-22.66738640,-47.80467412,3d,1.5,6.000,90.00,5.104,0.863,0.000,1841,65.37,86.45,422.99,18.593,14.22,27.14,58.48,false,true,false,false
2026-09-11T10:00:45.000Z,COLH-DEMO-01,true,-22.66738640,-47.80467249,3d,1.5,6.000,90.00,5.100,0.870,0.000,1841,65.36,86.45,422.99,18.592,14.22,27.14,58.48,false,true,false,false
2026-09-11T10:00:45.100Z,COLH-DEMO-01,true,-22.66738640,-47.80467087,3d,1.5,6.000,90.00,4.811,0.877,0.000,1840,65.35,86.45,422.99,18.592,14.22,27.14,58.48,false,true,false,false
2026-09-11T10:00:45.200Z,COLH-DEMO-01,true,-22.66738640,-47.80466925,3d,1.5,6.000,90.00,4.807,0.883,0.000,1840,65.34,86.45,422.99,18.592,14.22,27.14,58.48,false,true,false,false
2026-09-11T10:00:45.300Z,COLH-DEMO-01,true,-22.66738640,-47.80466763,3d,1.5,6.000,90.00,5.090,0.890,0.000,1840,65.33,86.45,422.99,18.591,14.22,27.14,58.48,false,true,false,false
2026-09-11T10:00:45.400Z,COLH-DEMO-01,true,-22.66738640,-47.80466600,3d,1.5,6.000,90.00,5.086,0.896,0.000,1840,65.32,86.45,423.00,18.591,14.22,27.14,58.48,false,true,false,false
2026-09-11T10:00:45.500Z,COLH-DEMO-01,true,-22.66738640,-47.80466438,3d,1.5,6.000,90.00,5.082,0.902,0.000,1839,65.31,86.45,423.00,18.590,14.22,27.15,58.48,false,true,false,false
2026-09-11T10:00:45.600Z,COLH-DEMO-01,true,-22.66738640,-47.80466276,3d,1.5,6.000,90.00,4.793,0.908,0.000,1839,65.30,86.45,423.00,18.590,14.22,27.15,58.49,false,true,false,false
2026-09-11T10:00:45.700Z,COLH-DEMO-01,true,-22.66738640,-47.80466114,3d,1.5,6.000,90.00,4.789,0.914,0.000,1839,65.29,86.45,423.00,18.590,14.22,27.15,58.49,false,true,false,false
2026-09-11T10:00:45.800Z,COLH-DEMO-01,true,-22.66738640,-47.80465951,3d,1.5,6.000,90.00,4.785,0.920,0.000,1839,65.28,86.46,423.00,18.589,14.22,27.15,58.49,false,true,false,false
2026-09-11T10:00:45.900Z,COLH-DEMO-01,true,-22.66738640,-47.80465789,3d,1.5,6.000,90.00,4.781,0.925,0.000,1839,65.27,86.46,423.00,18.589,14.22,27.15,58.49,false,true,false,false
2026-09-11T10:00:46.000Z,COLH-DEMO-01,true,-22.66738640,-47.80465627,3d,1.5,6.000,90.00,5.063,0.930,0.000,1838,65.26,86.46,423.00,18.588,14.22,27.15,58.49,false,true,false,false
2026-09-11T10:00:46.100Z,COLH-DEMO-01,true,-22.66738640,-47.80465465,3d,1.5,6.000,90.00,5.058,0.936,0.000,1838,65.25,86.46,423.00,18.588,14.22,27.15,58.49,false,true,false,false
2026-09-11T10:00:46.200Z,COLH-DEMO-01,true,-22.66738640,-47.80465302,3d,1.5,6.000,90.00,4.768,0.940,0.000,1838,65.23,86.46,423.00,18.587,14.22,27.15,58.49,false,true,false,false
2026-09-11T10:00:46.300Z,COLH-DEMO-01,true,-22.66738640,-47.80465140,3d,1.5,6.000,90.00,4.764,0.945,0.000,1838,65.22,86.46,423.00,18.587,14.22,27.15,58.49,false,true,false,false
2026-09-11T10:00:46.400Z,COLH-DEMO-01,true,-22.66738640,-47.80464978,3d,1.5,6.000,90.00,4.759,0.950,0.000,1838,65.21,86.46,423.00,18.586,14.22,27.15,58.49,false,true,false,false
2026-09-11T10:00:46.500Z,COLH-DEMO-01,true,-22.66738640,-47.80464816,3d,1.5,6.000,90.00,4.755,0.954,0.000,1837,65.20,86.46,423.00,18.586,14.22,27.15,58.49,false,true,false,false
2026-09-11T10:00:46.600Z,COLH-DEMO-01,true,-22.66738640,-47.80464653,3d,1.5,6.000,90.00,5.036,0.958,0.000,1837,65.19,86.46,423.00,18.585,14.22,27.15,58.49,false,true,false,false
2026-09-11T10:00:46.700Z,COLH-DEMO-01,true,-22.66738640,-47.80464491,3d,1.5,6.000,90.00,5.032,0.962,0.000,1837,65.18,86.46,423.00,18.585,14.22,27.15,58.50,false,true,false,false
2026-09-11T10:00:46.800Z,COLH-DEMO-01,true,-22.66738640,-47.80464329,3d,1.5,6.000,90.00,4.741,0.966,0.000,1837,65.17,86.46,423.00,18.584,14.22,27.15,58.50,false,true,false,false
2026-09-11T10:00:46.900Z,COLH-DEMO-01,true,-22.66738640,-47.80464167,3d,1.5,6.000,90.00,4.736,0.969,0.000,1837,65.15,86.46,423.00,18.584,14.22,27.15,58.50,false,true,false,false
2026-09-11T10:00:47.000Z,COLH-DEMO-01,true,-22.66738640,-47.80464004,3d,1.5,6.000,90.00,4.732,0.973,0.000,1836,65.14,86.46,423.00,18.583,14.22,27.15,58.50,false,true,false,false
2026-09-11T10:00:47.100Z,COLH-DEMO-01,true,-22.66738640,-47.80463842,3d,1.5,6.000,90.00,4.727,0.976,0.000,1836,65.13,86.46,423.00,18.583,14.22,27.15,58.50,false,true,false,false
2026-09-11T10:00:47.200Z,COLH-DEMO-01,true,-22.66738640,-47.80463680,3d,1.5,6.000,90.00,5.008,0.979,0.000,1836,65.12,86.46,423.00,18.582,14.22,27.15,58.50,false,true,false,false
2026-09-11T10:00:47.300Z,COLH-DEMO-01,true,-22.66738640,-47.80463518,3d,1.5,6.000,90.00,5.003,0.982,0.000,1836,65.11,86.46,423.00,18.582,14.22,27.15,58.50,false,true,false,false
2026-09-11T10:00:47.400Z,COLH-DEMO-01,true,-22.66738640,-47.80463355,3d,1.5,6.000,90.00,4.998,0.984,0.000,1835,65.09,86.46,423.00,18.581,14.22,27.15,58.50,false,true,false,false
2026-09-11T10:00:47.500Z,COLH-DEMO-01,true,-22.66738640,-47.80463193,3d,1.5,6.000,90.00,4.707,0.987,0.000,1835,65.08,86.46,423.00,18.580,14.22,27.15,58.50,false,true,false,false
2026-09-11T10:00:47.600Z,COLH-DEMO-01,true,-22.66738640,-47.80463031,3d,1.5,6.000,90.00,4.702,0.989,0.000,1835,65.07,86.46,423.00,18.580,14.22,27.15,58.50,false,true,false,false
2026-09-11T10:00:47.700Z,COLH-DEMO-01,true,-22.66738640,-47.80462869,3d,1.5,6.000,90.00,4.697,0.991,0.000,1835,65.06,86.46,423.00,18.579,14.22,27.15,58.51,false,true,false,false
2026-09-11T10:00:47.800Z,COLH-DEMO-01,true,-22.66738640,-47.80462706,3d,1.5,6.000,90.00,4.691,0.993,0.000,1835,65.05,86.47,423.00,18.579,14.22,27.15,58.51,false,true,false,false
2026-09-11T10:00:47.900Z,COLH-DEMO-01,true,-22.66738640,-47.80462544,3d,1.5,6.000,90.00,4.972,0.994,0.000,1834,65.03,86.47,423.00,18.578,14.22,27.15,58.51,false,true,false,false
2026-09-11T10:00:48.000Z,COLH-DEMO-01,true,-22.66738640,-47.80462382,3d,1.5,6.000,90.00,4.967,0.996,0.000,1834,65.02,86.47,423.00,18.577,14.22,27.15,58.51,false,true,false,false
2026-09-11T10:00:48.100Z,COLH-DEMO-01,true,-22.66738640,-47.80462220,3d,1.5,6.000,90.00,4.676,0.997,0.000,1834,65.01,86.47,423.00,18.577,14.22,27.15,58.51,false,true,false,false
2026-09-11T10:00:48.200Z,COLH-DEMO-01,true,-22.66738640,-47.80462057,3d,1.5,6.000,90.00,4.670,0.998,0.000,1834,65.00,86.47,423.00,18.576,14.22,27.15,58.51,false,true,false,false
2026-09-11T10:00:48.300Z,COLH-DEMO-01,true,-22.66738640,-47.80461895,3d,1.5,6.000,90.00,4.665,0.999,0.000,1834,64.98,86.47,423.00,18.575,14.22,27.15,58.51,false,true,false,false
2026-09-11T10:00:48.400Z,COLH-DEMO-01,true,-22.66738640,-47.80461733,3d,1.5,6.000,90.00,4.660,0.999,0.000,1834,64.97,86.47,423.00,18.575,14.22,27.15,58.51,false,true,false,false
2026-09-11T10:00:48.500Z,COLH-DEMO-01,true,-22.66738640,-47.80461570,3d,1.5,6.000,90.00,4.654,1.000,0.000,1833,64.96,86.47,423.00,18.574,14.22,27.15,58.51,false,true,false,false
2026-09-11T10:00:48.600Z,COLH-DEMO-01,true,-22.66738640,-47.80461408,3d,1.5,6.000,90.00,4.935,1.000,0.000,1833,64.94,86.47,423.00,18.573,14.22,27.15,58.51,false,true,false,false
2026-09-11T10:00:48.700Z,COLH-DEMO-01,true,-22.66738640,-47.80461246,3d,1.5,6.000,90.00,4.929,1.000,0.000,1833,64.93,86.47,423.00,18.573,14.22,27.15,58.52,false,true,false,false
2026-09-11T10:00:48.800Z,COLH-DEMO-01,true,-22.66738640,-47.80461084,3d,1.5,6.000,90.00,4.638,1.000,0.000,1833,64.92,86.47,423.00,18.572,14.22,27.15,58.52,false,true,false,false
2026-09-11T10:00:48.900Z,COLH-DEMO-01,true,-22.66738640,-47.80460921,3d,1.5,6.000,90.00,4.632,0.999,0.000,1833,64.91,86.47,422.99,18.571,14.22,27.16,58.52,false,true,false,false
2026-09-11T10:00:49.000Z,COLH-DEMO-01,true,-22.66738640,-47.80460759,3d,1.5,6.000,90.00,4.627,0.999,0.000,1832,64.89,86.47,422.99,18.571,14.22,27.16,58.52,false,true,false,false
2026-09-11T10:00:49.100Z,COLH-DEMO-01,true,-22.66738640,-47.80460597,3d,1.5,6.000,90.00,4.621,0.998,0.000,1832,64.88,86.47,422.99,18.570,14.22,27.16,58.52,false,true,false,false
2026-09-11T10:00:49.200Z,COLH-DEMO-01,true,-22.66738640,-47.80460435,3d,1.5,6.000,90.00,4.615,0.997,0.000,1832,64.87,86.47,422.99,18.569,14.22,27.16,58.52,false,true,false,false
2026-09-11T10:00:49.300Z,COLH-DEMO-01,true,-22.66738640,-47.80460272,3d,1.5,6.000,90.00,4.610,0.996,0.000,1832,64.85,86.47,422.99,18.569,14.23,27.16,58.52,false,true,false,false
2026-09-11T10:00:49.400Z,COLH-DEMO-01,true,-22.66738640,-47.80460110,3d,1.5,6.000,90.00,4.890,0.995,0.000,1832,64.84,86.47,422.99,18.568,14.23,27.16,58.52,false,true,false,false
2026-09-11T10:00:49.500Z,COLH-DEMO-01,true,-22.66738640,-47.80459948,3d,1.5,6.000,90.00,4.885,0.993,0.000,1831,64.83,86.47,422.99,18.567,14.23,27.16,58.52,false,true,false,false
2026-09-11T10:00:49.600Z,COLH-DEMO-01,true,-22.66738640,-47.80459786,3d,1.5,6.000,90.00,4.593,0.991,0.000,1831,64.81,86.47,422.99,18.566,14.23,27.16,58.52,false,true,false,false
2026-09-11T10:00:49.700Z,COLH-DEMO-01,true,-22.66738640,-47.80459623,3d,1.5,6.000,90.00,4.587,0.989,0.000,1831,64.80,86.47,422.99,18.566,14.23,27.16,58.52,false,true,false,false
2026-09-11T10:00:49.800Z,COLH-DEMO-01,true,-22.66738640,-47.80459461,3d,1.5,6.000,90.00,4.582,0.987,0.000,1831,64.79,86.47,422.99,18.565,14.23,27.16,58.53,false,true,false,false
2026-09-11T10:00:49.900Z,COLH-DEMO-01,true,-22.66738640,-47.80459299,3d,1.5,6.000,90.00,4.576,0.985,0.000,1831,64.77,86.47,422.99,18.564,14.23,27.16,58.53,false,true,false,false
2026-09-11T10:00:50.000Z,COLH-DEMO-01,true,-22.66738640,-47.80459137,3d,1.5,6.000,90.00,4.570,0.982,0.000,1831,64.76,86.47,422.99,18.563,14.23,27.16,58.53,false,true,false,false
2026-09-11T10:00:50.100Z,COLH-DEMO-01,true,-22.66738640,-47.80458974,3d,1.5,6.000,90.00,4.565,0.980,0.000,1830,64.74,86.47,422.99,18.562,14.23,27.16,58.53,false,true,false,false
2026-09-11T10:00:50.200Z,COLH-DEMO-01,true,-22.66738640,-47.80458812,3d,1.5,6.000,90.00,4.845,0.977,0.000,1830,64.73,86.48,422.98,18.562,14.23,27.16,58.53,false,true,false,false
2026-09-11T10:00:50.300Z,COLH-DEMO-01,true,-22.66738640,-47.80458650,3d,1.5,6.000,90.00,4.839,0.974,0.000,1830,64.72,86.48,422.98,18.561,14.23,27.16,58.53,false,true,false,false
2026-09-11T10:00:50.400Z,COLH-DEMO-01,true,-22.66738640,-47.80458488,3d,1.5,6.000,90.00,4.548,0.970,0.000,1830,64.70,86.48,422.98,18.560,14.23,27.16,58.53,false,true,false,false
2026-09-11T10:00:50.500Z,COLH-DEMO-01,true,-22.66738640,-47.80458325,3d,1.5,6.000,90.00,4.542,0.967,0.000,1830,64.69,86.48,422.98,18.559,14.23,27.16,58.53,false,true,false,false
2026-09-11T10:00:50.600Z,COLH-DEMO-01,true,-22.66738640,-47.80458163,3d,1.5,6.000,90.00,4.536,0.963,0.000,1830,64.67,86.48,422.98,18.558,14.23,27.16,58.53,false,true,false,false
2026-09-11T10:00:50.700Z,COLH-DEMO-01,true,-22.66738640,-47.80458001,3d,1.5,6.000,90.00,4.531,0.959,0.000,1829,64.66,86.48,422.98,18.557,14.23,27.16,58.53,false,true,false,false
2026-09-11T10:00:50.800Z,COLH-DEMO-01,true,-22.66738640,-47.80457839,3d,1.5,6.000,90.00,4.525,0.955,0.000,1829,64.65,86.48,422.98,18.557,14.23,27.16,58.53,false,true,false,false
2026-09-11T10:00:50.900Z,COLH-DEMO-01,true,-22.66738640,-47.80457676,3d,1.5,6.000,90.00,4.520,0.951,0.000,1829,64.63,86.48,422.98,18.556,14.23,27.16,58.54,false,true,false,false
2026-09-11T10:00:51.000Z,COLH-DEMO-01,true,-22.66738640,-47.80457514,3d,1.5,6.000,90.00,4.514,0.946,0.000,1829,64.62,86.48,422.97,18.555,14.23,27.16,58.54,false,true,false,false
2026-09-11T10:00:51.100Z,COLH-DEMO-01,true,-22.66738640,-47.80457352,3d,1.5,6.000,90.00,4.794,0.942,0.000,1829,64.60,86.48,422.97,18.554,14.23,27.16,58.54,false,true,false,false
2026-09-11T10:00:51.200Z,COLH-DEMO-01,true,-22.66738640,-47.80457190,3d,1.5,6.000,90.00,4.503,0.937,0.000,1829,64.59,86.48,422.97,18.553,14.23,27.16,58.54,false,true,false,false
2026-09-11T10:00:51.300Z,COLH-DEMO-01,true,-22.66738640,-47.80457027,3d,1.5,6.000,90.00,4.497,0.932,0.000,1828,64.57,86.48,422.97,18.552,14.23,27.16,58.54,false,true,false,false
2026-09-11T10:00:51.400Z,COLH-DEMO-01,true,-22.66738640,-47.80456865,3d,1.5,6.000,90.00,4.492,0.927,0.000,1828,64.56,86.48,422.97,18.551,14.23,27.16,58.54,false,true,false,false
2026-09-11T10:00:51.500Z,COLH-DEMO-01,true,-22.66738640,-47.80456703,3d,1.5,6.000,90.00,4.487,0.921,0.000,1828,64.54,86.48,422.97,18.550,14.23,27.16,58.54,false,true,false,false
2026-09-11T10:00:51.600Z,COLH-DEMO-01,true,-22.66738640,-47.80456541,3d,1.5,6.000,90.00,4.481,0.916,0.000,1828,64.53,86.48,422.97,18.549,14.23,27.16,58.54,false,true,false,false
2026-09-11T10:00:51.700Z,COLH-DEMO-01,true,-22.66738640,-47.80456378,3d,1.5,6.000,90.00,4.476,0.910,0.000,1828,64.51,86.48,422.97,18.548,14.23,27.16,58.54,false,true,false,false
2026-09-11T10:00:51.800Z,COLH-DEMO-01,true,-22.66738640,-47.80456216,3d,1.5,6.000,90.00,4.470,0.904,0.000,1828,64.50,86.48,422.96,18.547,14.23,27.16,58.54,false,true,false,false
2026-09-11T10:00:51.900Z,COLH-DEMO-01,true,-22.66738640,-47.80456054,3d,1.5,6.000,90.00,4.465,0.898,0.000,1827,64.48,86.48,422.96,18.547,14.23,27.16,58.55,false,true,false,false
2026-09-11T10:00:52.000Z,COLH-DEMO-01,true,-22.66738640,-47.80455892,3d,1.5,6.000,90.00,4.746,0.892,0.000,1827,64.47,86.48,422.96,18.546,14.23,27.16,58.55,false,true,false,false
2026-09-11T10:00:52.100Z,COLH-DEMO-01,true,-22.66738640,-47.80455729,3d,1.5,6.000,90.00,4.741,0.885,0.000,1827,64.45,86.48,422.96,18.545,14.23,27.16,58.55,false,true,false,false
2026-09-11T10:00:52.200Z,COLH-DEMO-01,true,-22.66738640,-47.80455567,3d,1.5,6.000,90.00,4.450,0.878,0.000,1827,64.44,86.48,422.96,18.544,14.23,27.16,58.55,false,true,false,false
2026-09-11T10:00:52.300Z,COLH-DEMO-01,true,-22.66738640,-47.80455405,3d,1.5,6.000,90.00,4.444,0.872,0.000,1827,64.42,86.48,422.96,18.543,14.23,27.16,58.55,false,true,false,false
2026-09-11T10:00:52.400Z,COLH-DEMO-01,true,-22.66738640,-47.80455243,3d,1.5,6.000,90.00,4.439,0.865,0.000,1827,64.41,86.48,422.95,18.542,14.23,27.16,58.55,false,true,false,false
2026-09-11T10:00:52.500Z,COLH-DEMO-01,true,-22.66738640,-47.80455080,3d,1.5,6.000,90.00,4.434,0.858,0.000,1827,64.39,86.48,422.95,18.541,14.23,27.17,58.55,false,true,false,false
2026-09-11T10:00:52.600Z,COLH-DEMO-01,true,-22.66738640,-47.80454918,3d,1.5,6.000,90.00,4.429,0.850,0.000,1826,64.38,86.48,422.95,18.540,14.23,27.17,58.55,false,true,false,false
2026-09-11T10:00:52.700Z,COLH-DEMO-01,true,-22.66738640,-47.80454756,3d,1.5,6.000,90.00,4.424,0.843,0.000,1826,64.36,86.48,422.95,18.539,14.23,27.17,58.55,false,true,false,false
2026-09-11T10:00:52.800Z,COLH-DEMO-01,true,-22.66738640,-47.80454593,3d,1.5,6.000,90.00,4.419,0.835,0.000,1826,64.35,86.48,422.95,18.538,14.23,27.17,58.55,false,true,false,false
2026-09-11T10:00:52.900Z,COLH-DEMO-01,true,-22.66738640,-47.80454431,3d,1.5,6.000,90.00,4.415,0.827,0.000,1826,64.33,86.48,422.94,18.537,14.23,27.17,58.55,false,true,false,false
2026-09-11T10:00:53.000Z,COLH-DEMO-01,true,-22.66738640,-47.80454269,3d,1.5,6.000,90.00,4.410,0.819,0.000,1826,64.32,86.48,422.94,18.536,14.23,27.17,58.56,false,true,false,false
2026-09-11T10:00:53.100Z,COLH-DEMO-01,true,-22.66738640,-47.80454107,3d,1.5,6.000,90.00,4.405,0.811,0.000,1826,64.30,86.49,422.94,18.535,14.23,27.17,58.56,false,true,false,false
2026-09-11T10:00:53.200Z,COLH-DEMO-01,true,-22.66738640,-47.80453944,3d,1.5,6.000,90.00,4.400,0.803,0.000,1826,64.29,86.49,422.94,18.533,14.23,27.17,58.56,false,true,false,false
2026-09-11T10:00:53.300Z,COLH-DEMO-01,true,-22.66738640,-47.80453782,3d,1.5,6.000,90.00,4.396,0.794,0.000,1825,64.27,86.49,422.94,18.532,14.23,27.17,58.56,false,true,false,false
2026-09-11T10:00:53.400Z,COLH-DEMO-01,true,-22.66738640,-47.80453620,3d,1.5,6.000,90.00,4.391,0.786,0.000,1825,64.25,86.49,422.93,18.531,14.23,27.17,58.56,false,true,false,false
2026-09-11T10:00:53.500Z,COLH-DEMO-01,true,-22.66738640,-47.80453458,3d,1.5,6.000,90.00,4.387,0.777,0.000,1825,64.24,86.49,422.93,18.530,14.23,27.17,58.56,false,true,false,false
2026-09-11T10:00:53.600Z,COLH-DEMO-01,true,-22.66738640,-47.80453295,3d,1.5,6.000,90.00,4.382,0.768,0.000,1825,64.22,86.49,422.93,18.529,14.23,27.17,58.56,false,true,false,false
2026-09-11T10:00:53.700Z,COLH-DEMO-01,true,-22.66738640,-47.80453133,3d,1.5,6.000,90.00,4.378,0.759,0.000,1825,64.21,86.49,422.93,18.528,14.23,27.17,58.56,false,true,false,false
2026-09-11T10:00:53.800Z,COLH-DEMO-01,true,-22.66738640,-47.80452971,3d,1.5,6.000,90.00,4.374,0.750,0.000,1825,64.19,86.49,422.93,18.527,14.23,27.17,58.56,false,true,false,false
2026-09-11T10:00:53.900Z,COLH-DEMO-01,true,-22.66738640,-47.80452809,3d,1.5,6.000,90.00,4.370,0.740,0.000,1825,64.18,86.49,422.92,18.526,14.23,27.17,58.56,false,true,false,false
2026-09-11T10:00:54.000Z,COLH-DEMO-01,true,-22.66738640,-47.80452646,3d,1.5,6.000,90.00,4.365,0.731,0.000,1825,64.16,86.49,422.92,18.525,14.23,27.17,58.56,false,true,false,false
2026-09-11T10:00:54.100Z,COLH-DEMO-01,true,-22.66738640,-47.80452484,3d,1.5,6.000,90.00,4.361,0.721,0.000,1824,64.14,86.49,422.92,18.524,14.23,27.17,58.57,false,true,false,false
2026-09-11T10:00:54.200Z,COLH-DEMO-01,true,-22.66738640,-47.80452322,3d,1.5,6.000,90.00,4.357,0.711,0.000,1824,64.13,86.49,422.92,18.523,14.23,27.17,58.57,false,true,false,false
2026-09-11T10:00:54.300Z,COLH-DEMO-01,true,-22.66738640,-47.80452160,3d,1.5,6.000,90.00,4.354,0.701,0.000,1824,64.11,86.49,422.91,18.521,14.23,27.17,58.57,false,true,false,false
2026-09-11T10:00:54.400Z,COLH-DEMO-01,true,-22.66738640,-47.80451997,3d,1.5,6.000,90.00,4.350,0.691,0.000,1824,64.09,86.49,422.91,18.520,14.23,27.17,58.57,false,true,false,false
2026-09-11T10:00:54.500Z,COLH-DEMO-01,true,-22.66738640,-47.80451835,3d,1.5,6.000,90.00,4.346,0.681,0.000,1824,64.08,86.49,422.91,18.519,14.23,27.17,58.57,false,true,false,false
2026-09-11T10:00:54.600Z,COLH-DEMO-01,true,-22.66738640,-47.80451673,3d,1.5,6.000,90.00,4.342,0.670,0.000,1824,64.06,86.49,422.91,18.518,14.23,27.17,58.57,false,true,false,false
2026-09-11T10:00:54.700Z,COLH-DEMO-01,true,-22.66738640,-47.80451511,3d,1.5,6.000,90.00,4.339,0.660,0.000,1824,64.05,86.49,422.90,18.517,14.23,27.17,58.57,false,true,false,false
2026-09-11T10:00:54.800Z,COLH-DEMO-01,true,-22.66738640,-47.80451348,3d,1.5,6.000,90.00,4.335,0.649,0.000,1824,64.03,86.49,422.90,18.516,14.23,27.17,58.57,false,true,false,false
2026-09-11T10:00:54.900Z,COLH-DEMO-01,true,-22.66738640,-47.80451186,3d,1.5,6.000,90.00,4.332,0.638,0.000,1824,64.01,86.49,422.90,18.514,14.23,27.17,58.57,false,true,false,false
2026-09-11T10:00:55.000Z,COLH-DEMO-01,true,-22.66738640,-47.80451024,3d,1.5,6.000,90.00,4.329,0.627,0.000,1823,64.00,86.49,422.90,18.513,14.23,27.17,58.57,false,true,false,false
2026-09-11T10:00:55.100Z,COLH-DEMO-01,true,-22.66738640,-47.80450862,3d,1.5,6.000,90.00,4.325,0.616,0.000,1823,63.98,86.49,422.89,18.512,14.23,27.17,58.57,false,true,false,false
2026-09-11T10:00:55.200Z,COLH-DEMO-01,true,-22.66738640,-47.80450699,3d,1.5,6.000,90.00,4.322,0.605,0.000,1823,63.96,86.49,422.89,18.511,14.23,27.17,58.58,false,true,false,false
2026-09-11T10:00:55.300Z,COLH-DEMO-01,true,-22.66738640,-47.80450537,3d,1.5,6.000,90.00,4.319,0.594,0.000,1823,63.95,86.49,422.89,18.510,14.23,27.17,58.58,false,true,false,false
2026-09-11T10:00:55.400Z,COLH-DEMO-01,true,-22.66738640,-47.80450375,3d,1.5,6.000,90.00,4.316,0.583,0.000,1823,63.93,86.49,422.89,18.508,14.23,27.17,58.58,false,true,false,false
2026-09-11T10:00:55.500Z,COLH-DEMO-01,true,-22.66738640,-47.80450213,3d,1.5,6.000,90.00,4.313,0.571,0.000,1823,63.91,86.49,422.88,18.507,14.23,27.17,58.58,false,true,false,false
2026-09-11T10:00:55.600Z,COLH-DEMO-01,true,-22.66738640,-47.80450050,3d,1.5,6.000,90.00,4.310,0.560,0.000,1823,63.90,86.49,422.88,18.506,14.23,27.17,58.58,false,true,false,false
2026-09-11T10:00:55.700Z,COLH-DEMO-01,true,-22.66738640,-47.80449888,3d,1.5,6.000,90.00,4.308,0.548,0.000,1823,63.88,86.49,422.88,18.505,14.23,27.17,58.58,false,true,false,false
2026-09-11T10:00:55.800Z,COLH-DEMO-01,true,-22.66738640,-47.80449726,3d,1.5,6.000,90.00,4.305,0.536,0.000,1823,63.86,86.49,422.88,18.503,14.23,27.17,58.58,false,true,false,false
2026-09-11T10:00:55.900Z,COLH-DEMO-01,true,-22.66738640,-47.80449564,3d,1.5,6.000,90.00,4.303,0.524,0.000,1823,63.85,86.49,422.87,18.502,14.23,27.17,58.58,false,true,false,false
2026-09-11T10:00:56.000Z,COLH-DEMO-01,true,-22.66738640,-47.80449401,3d,1.5,6.000,90.00,4.300,0.512,0.000,1822,63.83,86.49,422.87,18.501,14.23,27.17,58.58,false,true,false,false
2026-09-11T10:00:56.100Z,COLH-DEMO-01,true,-22.66738640,-47.80449239,3d,1.5,6.000,90.00,4.298,0.500,0.000,1822,63.81,86.49,422.87,18.500,14.23,27.18,58.58,false,true,false,false
2026-09-11T10:00:56.200Z,COLH-DEMO-01,true,-22.66738640,-47.80449077,3d,1.5,6.000,90.00,4.296,0.488,0.000,1822,63.80,86.49,422.86,18.498,14.23,27.18,58.58,false,true,false,false
2026-09-11T10:00:56.300Z,COLH-DEMO-01,true,-22.66738640,-47.80448915,3d,1.5,6.000,90.00,4.294,0.475,0.000,1822,63.78,86.49,422.86,18.497,14.23,27.18,58.59,false,true,false,false
2026-09-11T10:00:56.400Z,COLH-DEMO-01,true,-22.66738640,-47.80448752,3d,1.5,6.000,90.00,4.005,0.463,0.000,1822,63.76,86.49,422.86,18.496,14.23,27.18,58.59,false,true,false,false
2026-09-11T10:00:56.500Z,COLH-DEMO-01,true,-22.66738640,-47.80448590,3d,1.5,6.000,90.00,4.290,0.450,0.000,1822,63.74,86.49,422.85,18.494,14.23,27.18,58.59,false,true,false,false
2026-09-11T10:00:56.600Z,COLH-DEMO-01,true,-22.66738640,-47.80448428,3d,1.5,6.000,90.00,4.288,0.438,0.000,1822,63.73,86.49,422.85,18.493,14.23,27.18,58.59,false,true,false,false
2026-09-11T10:00:56.700Z,COLH-DEMO-01,true,-22.66738640,-47.80448266,3d,1.5,6.000,90.00,4.286,0.425,0.000,1822,63.71,86.49,422.85,18.492,14.23,27.18,58.59,false,true,false,false
2026-09-11T10:00:56.800Z,COLH-DEMO-01,true,-22.66738640,-47.80448103,3d,1.5,6.000,90.00,4.285,0.412,0.000,1822,63.69,86.49,422.85,18.490,14.23,27.18,58.59,false,true,false,false
2026-09-11T10:00:56.900Z,COLH-DEMO-01,true,-22.66738640,-47.80447941,3d,1.5,6.000,90.00,4.283,0.399,0.000,1822,63.68,86.49,422.84,18.489,14.23,27.18,58.59,false,true,false,false
2026-09-11T10:00:57.000Z,COLH-DEMO-01,true,-22.66738640,-47.80447779,3d,1.5,6.000,90.00,4.282,0.386,0.000,1822,63.66,86.49,422.84,18.488,14.23,27.18,58.59,false,true,false,false
2026-09-11T10:00:57.100Z,COLH-DEMO-01,true,-22.66738640,-47.80447616,3d,1.5,6.000,90.00,4.280,0.373,0.000,1822,63.64,86.49,422.84,18.486,14.23,27.18,58.59,false,true,false,false
2026-09-11T10:00:57.200Z,COLH-DEMO-01,true,-22.66738640,-47.80447454,3d,1.5,6.000,90.00,4.279,0.360,0.000,1821,63.62,86.50,422.83,18.485,14.23,27.18,58.59,false,true,false,false
2026-09-11T10:00:57.300Z,COLH-DEMO-01,true,-22.66738640,-47.80447292,3d,1.5,6.000,90.00,4.278,0.347,0.000,1821,63.61,86.50,422.83,18.484,14.23,27.18,58.59,false,true,false,false
2026-09-11T10:00:57.400Z,COLH-DEMO-01,true,-22.66738640,-47.80447130,3d,1.5,6.000,90.00,4.277,0.334,0.000,1821,63.59,86.50,422.83,18.482,14.23,27.18,58.60,false,true,false,false
2026-09-11T10:00:57.500Z,COLH-DEMO-01,true,-22.66738640,-47.80446967,3d,1.5,6.000,90.00,4.276,0.320,0.000,1821,63.57,86.50,422.82,18.481,14.23,27.18,58.60,false,true,false,false
2026-09-11T10:00:57.600Z,COLH-DEMO-01,true,-22.66738640,-47.80446805,3d,1.5,6.000,90.00,4.275,0.307,0.000,1821,63.55,86.50,422.82,18.480,14.23,27.18,58.60,false,true,false,false
2026-09-11T10:00:57.700Z,COLH-DEMO-01,true,-22.66738640,-47.80446643,3d,1.5,6.000,90.00,4.275,0.294,0.000,1821,63.54,86.50,422.82,18.478,14.23,27.18,58.60,false,true,false,false
2026-09-11T10:00:57.800Z,COLH-DEMO-01,true,-22.66738640,-47.80446481,3d,1.5,6.000,90.00,4.274,0.280,0.000,1821,63.52,86.50,422.81,18.477,14.23,27.18,58.60,false,true,false,false
2026-09-11T10:00:57.900Z,COLH-DEMO-01,true,-22.66738640,-47.80446318,3d,1.5,6.000,90.00,4.274,0.267,0.000,1821,63.50,86.50,422.81,18.475,14.23,27.18,58.60,false,true,false,false
2026-09-11T10:00:58.000Z,COLH-DEMO-01,true,-22.66738640,-47.80446156,3d,1.5,6.000,90.00,4.273,0.253,0.000,1821,63.48,86.50,422.81,18.474,14.23,27.18,58.60,false,true,false,false
2026-09-11T10:00:58.100Z,COLH-DEMO-01,true,-22.66738640,-47.80445994,3d,1.5,6.000,90.00,4.273,0.239,0.000,1821,63.46,86.50,422.80,18.473,14.23,27.18,58.60,false,true,false,false
2026-09-11T10:00:58.200Z,COLH-DEMO-01,true,-22.66738640,-47.80445832,3d,1.5,6.000,90.00,4.273,0.226,0.000,1821,63.45,86.50,422.80,18.471,14.23,27.18,58.60,false,true,false,false
2026-09-11T10:00:58.300Z,COLH-DEMO-01,true,-22.66738640,-47.80445669,3d,1.5,6.000,90.00,4.273,0.212,0.000,1821,63.43,86.50,422.79,18.470,14.23,27.18,58.60,false,true,false,false
2026-09-11T10:00:58.400Z,COLH-DEMO-01,true,-22.66738640,-47.80445507,3d,1.5,6.000,90.00,4.273,0.198,0.000,1821,63.41,86.50,422.79,18.468,14.23,27.18,58.60,false,true,false,false
2026-09-11T10:00:58.500Z,COLH-DEMO-01,true,-22.66738640,-47.80445345,3d,1.5,6.000,90.00,4.273,0.184,0.000,1821,63.39,86.50,422.79,18.467,14.23,27.18,58.61,false,true,false,false
2026-09-11T10:00:58.600Z,COLH-DEMO-01,true,-22.66738640,-47.80445183,3d,1.5,6.000,90.00,4.274,0.170,0.000,1821,63.38,86.50,422.78,18.465,14.23,27.18,58.61,false,true,false,false
2026-09-11T10:00:58.700Z,COLH-DEMO-01,true,-22.66738640,-47.80445020,3d,1.5,6.000,90.00,4.274,0.157,0.000,1821,63.36,86.50,422.78,18.464,14.23,27.18,58.61,false,true,false,false
2026-09-11T10:00:58.800Z,COLH-DEMO-01,true,-22.66738640,-47.80444858,3d,1.5,6.000,90.00,4.274,0.143,0.000,1821,63.34,86.50,422.78,18.462,14.23,27.18,58.61,false,true,false,false
2026-09-11T10:00:58.900Z,COLH-DEMO-01,true,-22.66738640,-47.80444696,3d,1.5,6.000,90.00,4.275,0.129,0.000,1820,63.32,86.50,422.77,18.461,14.23,27.18,58.61,false,true,false,false
2026-09-11T10:00:59.000Z,COLH-DEMO-01,true,-22.66738640,-47.80444534,3d,1.5,6.000,90.00,4.276,0.115,0.000,1820,63.30,86.50,422.77,18.460,14.23,27.18,58.61,false,true,false,false
2026-09-11T10:00:59.100Z,COLH-DEMO-01,true,-22.66738640,-47.80444371,3d,1.5,6.000,90.00,4.277,0.101,0.000,1820,63.29,86.50,422.76,18.458,14.23,27.18,58.61,false,true,false,false
2026-09-11T10:00:59.200Z,COLH-DEMO-01,true,-22.66738640,-47.80444209,3d,1.5,6.000,90.00,4.278,0.087,0.000,1820,63.27,86.50,422.76,18.457,14.23,27.18,58.61,false,true,false,false
2026-09-11T10:00:59.300Z,COLH-DEMO-01,true,-22.66738640,-47.80444047,3d,1.5,6.000,90.00,4.279,0.073,0.000,1820,63.25,86.50,422.76,18.455,14.23,27.18,58.61,false,true,false,false
2026-09-11T10:00:59.400Z,COLH-DEMO-01,true,-22.66738640,-47.80443885,3d,1.5,6.000,90.00,4.280,0.059,0.000,1820,63.23,86.50,422.75,18.454,14.23,27.18,58.61,false,true,false,false
2026-09-11T10:00:59.500Z,COLH-DEMO-01,true,-22.66738640,-47.80443722,3d,1.5,6.000,90.00,4.281,0.044,0.000,1820,63.21,86.50,422.75,18.452,14.23,27.18,58.61,false,true,false,false
2026-09-11T10:00:59.600Z,COLH-DEMO-01,true,-22.66738640,-47.80443560,3d,1.5,6.000,90.00,4.282,0.030,0.000,1820,63.20,86.50,422.74,18.450,14.23,27.18,58.61,false,true,false,false
2026-09-11T10:00:59.700Z,COLH-DEMO-01,true,-22.66738640,-47.80443398,3d,1.5,6.000,90.00,4.284,0.016,0.000,1820,63.18,86.50,422.74,18.449,14.23,27.18,58.62,false,true,false,false
2026-09-11T10:00:59.800Z,COLH-DEMO-01,true,-22.66738640,-47.80443236,3d,1.5,6.000,90.00,4.285,0.002,0.000,1820,63.16,86.50,422.74,18.447,14.23,27.18,58.62,false,true,false,false
2026-09-11T10:00:59.900Z,COLH-DEMO-01,true,-22.66738640,-47.80443073,3d,1.5,6.000,90.00,4.287,-0.012,0.000,1820,63.14,86.50,422.73,18.446,14.23,27.19,58.62,false,true,false,false
2026-09-11T10:01:00.000Z,COLH-DEMO-01,true,-22.66738640,-47.80442911,3d,1.5,6.000,90.00,4.289,-0.026,0.000,1820,63.12,86.50,422.73,18.444,14.23,27.19,58.62,false,true,false,false
2026-09-11T10:01:00.100Z,COLH-DEMO-01,true,-22.66738640,-47.80442749,3d,1.5,6.000,90.00,4.291,-0.040,0.000,1820,63.10,86.50,422.72,18.443,14.23,27.19,58.62,false,true,false,false
2026-09-11T10:01:00.200Z,COLH-DEMO-01,true,-22.66738640,-47.80442587,3d,1.5,6.000,90.00,4.293,-0.054,0.000,1820,63.09,86.50,422.72,18.441,14.23,27.19,58.62,false,true,false,false
2026-09-11T10:01:00.300Z,COLH-DEMO-01,true,-22.66738640,-47.80442424,3d,1.5,6.000,90.00,4.295,-0.068,0.000,1820,63.07,86.50,422.72,18.440,14.23,27.19,58.62,false,true,false,false
2026-09-11T10:01:00.400Z,COLH-DEMO-01,true,-22.66738640,-47.80442262,3d,1.5,6.000,90.00,4.297,-0.082,0.000,1820,63.05,86.50,422.71,18.438,14.23,27.19,58.62,false,true,false,false
2026-09-11T10:01:00.500Z,COLH-DEMO-01,true,-22.66738640,-47.80442100,3d,1.5,6.000,90.00,4.299,-0.096,0.000,1820,63.03,86.50,422.71,18.436,14.23,27.19,58.62,false,true,false,false
2026-09-11T10:01:00.600Z,COLH-DEMO-01,true,-22.66738640,-47.80441938,3d,1.5,6.000,90.00,4.301,-0.110,0.000,1820,63.01,86.50,422.70,18.435,14.23,27.19,58.62,false,true,false,false
2026-09-11T10:01:00.700Z,COLH-DEMO-01,true,-22.66738640,-47.80441775,3d,1.5,6.000,90.00,4.304,-0.124,0.000,1820,62.99,86.50,422.70,18.433,14.23,27.19,58.62,false,true,false,false
2026-09-11T10:01:00.800Z,COLH-DEMO-01,true,-22.66738640,-47.80441613,3d,1.5,6.000,90.00,4.306,-0.138,0.000,1820,62.98,86.50,422.69,18.432,14.23,27.19,58.63,false,true,false,false
2026-09-11T10:01:00.900Z,COLH-DEMO-01,true,-22.66738640,-47.80441451,3d,1.5,6.000,90.00,4.309,-0.152,0.000,1820,62.96,86.50,422.69,18.430,14.23,27.19,58.63,false,true,false,false
2026-09-11T10:01:01.000Z,COLH-DEMO-01,true,-22.66738640,-47.80441288,3d,1.5,6.000,90.00,4.312,-0.166,0.000,1820,62.94,86.50,422.68,18.429,14.23,27.19,58.63,false,true,false,false
2026-09-11T10:01:01.100Z,COLH-DEMO-01,true,-22.66738640,-47.80441126,3d,1.5,6.000,90.00,4.315,-0.180,0.000,1820,62.92,86.50,422.68,18.427,14.23,27.19,58.63,false,true,false,false
2026-09-11T10:01:01.200Z,COLH-DEMO-01,true,-22.66738640,-47.80440964,3d,1.5,6.000,90.00,4.317,-0.194,0.000,1820,62.90,86.50,422.68,18.425,14.23,27.19,58.63,false,true,false,false
2026-09-11T10:01:01.300Z,COLH-DEMO-01,true,-22.66738640,-47.80440802,3d,1.5,6.000,90.00,4.321,-0.208,0.000,1820,62.88,86.50,422.67,18.424,14.23,27.19,58.63,false,true,false,false
2026-09-11T10:01:01.400Z,COLH-DEMO-01,true,-22.66738640,-47.80440639,3d,1.5,6.000,90.00,4.324,-0.221,0.000,1820,62.86,86.50,422.67,18.422,14.23,27.19,58.63,false,true,false,false
2026-09-11T10:01:01.500Z,COLH-DEMO-01,true,-22.66738640,-47.80440477,3d,1.5,6.000,90.00,4.327,-0.235,0.000,1820,62.85,86.50,422.66,18.420,14.23,27.19,58.63,false,true,false,false
2026-09-11T10:01:01.600Z,COLH-DEMO-01,true,-22.66738640,-47.80440315,3d,1.5,6.000,90.00,4.330,-0.249,0.000,1820,62.83,86.50,422.66,18.419,14.23,27.19,58.63,false,true,false,false
2026-09-11T10:01:01.700Z,COLH-DEMO-01,true,-22.66738640,-47.80440153,3d,1.5,6.000,90.00,4.333,-0.262,0.000,1820,62.81,86.50,422.65,18.417,14.23,27.19,58.63,false,true,false,false
2026-09-11T10:01:01.800Z,COLH-DEMO-01,true,-22.66738640,-47.80439990,3d,1.5,6.000,90.00,4.337,-0.276,0.000,1820,62.79,86.50,422.65,18.415,14.23,27.19,58.63,false,true,false,false
2026-09-11T10:01:01.900Z,COLH-DEMO-01,true,-22.66738640,-47.80439828,3d,1.5,6.000,90.00,4.340,-0.289,0.000,1820,62.77,86.50,422.64,18.414,14.23,27.19,58.63,false,true,false,false
2026-09-11T10:01:02.000Z,COLH-DEMO-01,true,-22.66738640,-47.80439666,3d,1.5,6.000,90.00,4.344,-0.303,0.000,1820,62.75,86.50,422.64,18.412,14.23,27.19,58.64,false,true,false,false
2026-09-11T10:01:02.100Z,COLH-DEMO-01,true,-22.66738640,-47.80439504,3d,1.5,6.000,90.00,4.348,-0.316,0.000,1820,62.73,86.50,422.63,18.410,14.23,27.19,58.64,false,true,false,false
2026-09-11T10:01:02.200Z,COLH-DEMO-01,true,-22.66738640,-47.80439341,3d,1.5,6.000,90.00,4.352,-0.330,0.000,1820,62.71,86.50,422.63,18.409,14.23,27.19,58.64,false,true,false,false
2026-09-11T10:01:02.300Z,COLH-DEMO-01,true,-22.66738640,-47.80439179,3d,1.5,6.000,90.00,4.355,-0.343,0.000,1820,62.70,86.50,422.62,18.407,14.23,27.19,58.64,false,true,false,false
2026-09-11T10:01:02.400Z,COLH-DEMO-01,true,-22.66738640,-47.80439017,3d,1.5,6.000,90.00,4.359,-0.356,0.000,1820,62.68,86.50,422.62,18.405,14.23,27.19,58.64,false,true,false,false
2026-09-11T10:01:02.500Z,COLH-DEMO-01,true,-22.66738640,-47.80438855,3d,1.5,6.000,90.00,4.363,-0.369,0.000,1820,62.66,86.50,422.61,18.404,14.23,27.19,58.64,false,true,false,false
2026-09-11T10:01:02.600Z,COLH-DEMO-01,true,-22.66738640,-47.80438692,3d,1.5,6.000,90.00,4.367,-0.382,0.000,1820,62.64,86.50,422.61,18.402,14.23,27.19,58.64,false,true,false,false
2026-09-11T10:01:02.700Z,COLH-DEMO-01,true,-22.66738640,-47.80438530,3d,1.5,6.000,90.00,4.372,-0.395,0.000,1820,62.62,86.50,422.60,18.400,14.23,27.19,58.64,false,true,false,false
2026-09-11T10:01:02.800Z,COLH-DEMO-01,true,-22.66738640,-47.80438368,3d,1.5,6.000,90.00,4.376,-0.408,0.000,1820,62.60,86.50,422.60,18.398,14.23,27.19,58.64,false,true,false,false
2026-09-11T10:01:02.900Z,COLH-DEMO-01,true,-22.66738640,-47.80438206,3d,1.5,6.000,90.00,4.380,-0.421,0.000,1820,62.58,86.50,422.59,18.397,14.23,27.19,58.64,false,true,false,false
2026-09-11T10:01:03.000Z,COLH-DEMO-01,true,-22.66738640,-47.80438043,3d,1.5,6.000,90.00,4.384,-0.434,0.000,1820,62.56,86.50,422.59,18.395,14.23,27.19,58.64,false,true,false,false
2026-09-11T10:01:03.100Z,COLH-DEMO-01,true,-22.66738640,-47.80437881,3d,1.5,6.000,90.00,4.389,-0.446,0.000,1820,62.55,86.50,422.58,18.393,14.23,27.19,58.65,false,true,false,false
2026-09-11T10:01:03.200Z,COLH-DEMO-01,true,-22.66738640,-47.80437719,3d,1.5,6.000,90.00,4.393,-0.459,0.000,1820,62.53,86.50,422.58,18.391,14.23,27.19,58.65,false,true,false,false
2026-09-11T10:01:03.300Z,COLH-DEMO-01,true,-22.66738640,-47.80437557,3d,1.5,6.000,90.00,4.398,-0.471,0.000,1820,62.51,86.50,422.57,18.390,14.23,27.19,58.65,false,true,false,false
2026-09-11T10:01:03.400Z,COLH-DEMO-01,true,-22.66738640,-47.80437394,3d,1.5,6.000,90.00,4.403,-0.484,0.000,1820,62.49,86.50,422.57,18.388,14.23,27.19,58.65,false,true,false,false
2026-09-11T10:01:03.500Z,COLH-DEMO-01,true,-22.66738640,-47.80437232,3d,1.5,6.000,90.00,4.407,-0.496,0.000,1820,62.47,86.50,422.56,18.386,14.23,27.19,58.65,false,true,false,false
2026-09-11T10:01:03.600Z,COLH-DEMO-01,true,-22.66738640,-47.80437070,3d,1.5,6.000,90.00,4.412,-0.508,0.000,1820,62.45,86.50,422.56,18.384,14.23,27.19,58.65,false,true,false,false
2026-09-11T10:01:03.700Z,COLH-DEMO-01,true,-22.66738640,-47.80436908,3d,1.5,6.000,90.00,4.417,-0.520,0.000,1821,62.43,86.50,422.55,18.383,14.23,27.20,58.65,false,true,false,false
2026-09-11T10:01:03.800Z,COLH-DEMO-01,true,-22.66738640,-47.80436745,3d,1.5,6.000,90.00,4.422,-0.532,0.000,1821,62.41,86.50,422.55,18.381,14.23,27.20,58.65,false,true,false,false
2026-09-11T10:01:03.900Z,COLH-DEMO-01,true,-22.66738640,-47.80436583,3d,1.5,6.000,90.00,4.427,-0.544,0.000,1821,62.39,86.50,422.54,18.379,14.23,27.20,58.65,false,true,false,false
2026-09-11T10:01:04.000Z,COLH-DEMO-01,true,-22.66738640,-47.80436421,3d,1.5,6.000,90.00,4.432,-0.556,0.000,1821,62.38,86.50,422.54,18.377,14.23,27.20,58.65,false,true,false,false
2026-09-11T10:01:04.100Z,COLH-DEMO-01,true,-22.66738640,-47.80436259,3d,1.5,6.000,90.00,4.437,-0.567,0.000,1821,62.36,86.50,422.53,18.376,14.23,27.20,58.65,false,true,false,false
2026-09-11T10:01:04.200Z,COLH-DEMO-01,true,-22.66738640,-47.80436096,3d,1.5,6.000,90.00,4.442,-0.579,0.000,1821,62.34,86.50,422.53,18.374,14.23,27.20,58.65,false,true,false,false
2026-09-11T10:01:04.300Z,COLH-DEMO-01,true,-22.66738640,-47.80435934,3d,1.5,6.000,90.00,4.447,-0.590,0.000,1821,62.32,86.50,422.52,18.372,14.23,27.20,58.66,false,true,false,false
2026-09-11T10:01:04.400Z,COLH-DEMO-01,true,-22.66738640,-47.80435772,3d,1.5,6.000,90.00,4.452,-0.602,0.000,1821,62.30,86.50,422.52,18.370,14.23,27.20,58.66,false,true,false,false
2026-09-11T10:01:04.500Z,COLH-DEMO-01,true,-22.66738640,-47.80435610,3d,1.5,6.000,90.00,4.457,-0.613,0.000,1821,62.28,86.50,422.51,18.368,14.23,27.20,58.66,false,true,false,false
2026-09-11T10:01:04.600Z,COLH-DEMO-01,true,-22.66738640,-47.80435447,3d,1.5,6.000,90.00,4.462,-0.624,0.000,1821,62.26,86.50,422.51,18.366,14.23,27.20,58.66,false,true,false,false
2026-09-11T10:01:04.700Z,COLH-DEMO-01,true,-22.66738640,-47.80435285,3d,1.5,6.000,90.00,4.468,-0.635,0.000,1821,62.24,86.50,422.50,18.365,14.23,27.20,58.66,false,true,false,false
2026-09-11T10:01:04.800Z,COLH-DEMO-01,true,-22.66738640,-47.80435123,3d,1.5,6.000,90.00,4.473,-0.646,0.000,1821,62.22,86.50,422.49,18.363,14.23,27.20,58.66,false,true,false,false
2026-09-11T10:01:04.900Z,COLH-DEMO-01,true,-22.66738640,-47.80434961,3d,1.5,6.000,90.00,4.764,-0.656,0.000,1821,62.20,86.50,422.49,18.361,14.23,27.20,58.66,false,true,false,false
2026-09-11T10:01:05.000Z,COLH-DEMO-01,true,-22.66738640,-47.80434798,3d,1.5,6.000,90.00,4.484,-0.667,0.000,1821,62.19,86.50,422.48,18.359,14.23,27.20,58.66,false,true,false,false
2026-09-11T10:01:05.100Z,COLH-DEMO-01,true,-22.66738640,-47.80434636,3d,1.5,6.000,90.00,4.489,-0.677,0.000,1821,62.17,86.50,422.48,18.357,14.23,27.20,58.66,false,true,false,false
2026-09-11T10:01:05.200Z,COLH-DEMO-01,true,-22.66738640,-47.80434474,3d,1.5,6.000,90.00,4.495,-0.688,0.000,1821,62.15,86.50,422.47,18.355,14.23,27.20,58.66,false,true,false,false
2026-09-11T10:01:05.300Z,COLH-DEMO-01,true,-22.66738640,-47.80434311,3d,1.5,6.000,90.00,4.500,-0.698,0.000,1821,62.13,86.50,422.47,18.354,14.23,27.20,58.66,false,true,false,false
2026-09-11T10:01:05.400Z,COLH-DEMO-01,true,-22.66738640,-47.80434149,3d,1.5,6.000,90.00,4.506,-0.708,0.000,1822,62.11,86.50,422.46,18.352,14.23,27.20,58.66,false,true,false,false
2026-09-11T10:01:05.500Z,COLH-DEMO-01,true,-22.66738640,-47.80433987,3d,1.5,6.000,90.00,4.511,-0.718,0.000,1822,62.09,86.50,422.45,18.350,14.23,27.20,58.67,false,true,false,false
2026-09-11T10:01:05.600Z,COLH-DEMO-01,true,-22.66738640,-47.80433825,3d,1.5,6.000,90.00,4.517,-0.727,0.000,1822,62.07,86.50,422.45,18.348,14.23,27.20,58.67,false,true,false,false
2026-09-11T10:01:05.700Z,COLH-DEMO-01,true,-22.66738640,-47.80433662,3d,1.5,6.000,90.00,4.522,-0.737,0.000,1822,62.05,86.50,422.44,18.346,14.23,27.20,58.67,false,true,false,false
2026-09-11T10:01:05.800Z,COLH-DEMO-01,true,-22.66738640,-47.80433500,3d,1.5,6.000,90.00,4.528,-0.747,0.000,1822,62.03,86.50,422.44,18.344,14.23,27.20,58.67,false,true,false,false
2026-09-11T10:01:05.900Z,COLH-DEMO-01,true,-22.66738640,-47.80433338,3d,1.5,6.000,90.00,4.533,-0.756,0.000,1822,62.01,86.50,422.43,18.342,14.23,27.20,58.67,false,true,false,false
2026-09-11T10:01:06.000Z,COLH-DEMO-01,true,-22.66738640,-47.80433176,3d,1.5,6.000,90.00,4.825,-0.765,0.000,1822,61.99,86.50,422.43,18.340,14.23,27.20,58.67,false,true,false,false
2026-09-11T10:01:06.100Z,COLH-DEMO-01,true,-22.66738640,-47.80433013,3d,1.5,6.000,90.00,4.545,-0.774,0.000,1822,61.98,86.50,422.42,18.338,14.23,27.20,58.67,false,true,false,false
2026-09-11T10:01:06.200Z,COLH-DEMO-01,true,-22.66738640,-47.80432851,3d,1.5,6.000,90.00,4.550,-0.783,0.000,1822,61.96,86.50,422.41,18.337,14.23,27.20,58.67,false,true,false,false
2026-09-11T10:01:06.300Z,COLH-DEMO-01,true,-22.66738640,-47.80432689,3d,1.5,6.000,90.00,4.556,-0.791,0.000,1822,61.94,86.50,422.41,18.335,14.23,27.20,58.67,false,true,false,false
2026-09-11T10:01:06.400Z,COLH-DEMO-01,true,-22.66738640,-47.80432527,3d,1.5,6.000,90.00,4.562,-0.800,0.000,1822,61.92,86.50,422.40,18.333,14.23,27.20,58.67,false,true,false,false
2026-09-11T10:01:06.500Z,COLH-DEMO-01,true,-22.66738640,-47.80432364,3d,1.5,6.000,90.00,4.567,-0.808,0.000,1822,61.90,86.50,422.40,18.331,14.23,27.20,58.67,false,true,false,false
2026-09-11T10:01:06.600Z,COLH-DEMO-01,true,-22.66738640,-47.80432202,3d,1.5,6.000,90.00,4.573,-0.817,0.000,1822,61.88,86.50,422.39,18.329,14.23,27.20,58.67,false,true,false,false
2026-09-11T10:01:06.700Z,COLH-DEMO-01,true,-22.66738640,-47.80432040,3d,1.5,6.000,90.00,4.579,-0.825,0.000,1823,61.86,86.50,422.38,18.327,14.23,27.20,58.68,false,true,false,false
2026-09-11T10:01:06.800Z,COLH-DEMO-01,true,-22.66738640,-47.80431878,3d,1.5,6.000,90.00,4.584,-0.833,0.000,1823,61.84,86.50,422.38,18.325,14.23,27.20,58.68,false,true,false,false
2026-09-11T10:01:06.900Z,COLH-DEMO-01,true,-22.66738640,-47.80431715,3d,1.5,6.000,90.00,4.590,-0.840,0.000,1823,61.82,86.50,422.37,18.323,14.23,27.20,58.68,false,true,false,false
2026-09-11T10:01:07.000Z,COLH-DEMO-01,true,-22.66738640,-47.80431553,3d,1.5,6.000,90.00,4.882,-0.848,0.000,1823,61.80,86.50,422.37,18.321,14.23,27.20,58.68,false,true,false,false
2026-09-11T10:01:07.100Z,COLH-DEMO-01,true,-22.66738640,-47.80431391,3d,1.5,6.000,90.00,4.601,-0.855,0.000,1823,61.79,86.50,422.36,18.319,14.23,27.20,58.68,false,true,false,false
2026-09-11T10:01:07.200Z,COLH-DEMO-01,true,-22.66738640,-47.80431229,3d,1.5,6.000,90.00,4.607,-0.862,0.000,1823,61.77,86.50,422.35,18.317,14.23,27.20,58.68,false,true,false,false
2026-09-11T10:01:07.300Z,COLH-DEMO-01,true,-22.66738640,-47.80431066,3d,1.5,6.000,90.00,4.612,-0.869,0.000,1823,61.75,86.50,422.35,18.315,14.23,27.20,58.68,false,true,false,false
2026-09-11T10:01:07.400Z,COLH-DEMO-01,true,-22.66738640,-47.80430904,3d,1.5,6.000,90.00,4.618,-0.876,0.000,1823,61.73,86.50,422.34,18.313,14.23,27.20,58.68,false,true,false,false
2026-09-11T10:01:07.500Z,COLH-DEMO-01,true,-22.66738640,-47.80430742,3d,1.5,6.000,90.00,4.624,-0.883,0.000,1823,61.71,86.50,422.33,18.311,14.23,27.20,58.68,false,true,false,false
2026-09-11T10:01:07.600Z,COLH-DEMO-01,true,-22.66738640,-47.80430580,3d,1.5,6.000,90.00,4.629,-0.890,0.000,1823,61.69,86.50,422.33,18.309,14.23,27.20,58.68,false,true,false,false
2026-09-11T10:01:07.700Z,COLH-DEMO-01,true,-22.66738640,-47.80430417,3d,1.5,6.000,90.00,4.635,-0.896,0.000,1824,61.67,86.50,422.32,18.307,14.23,27.20,58.68,false,true,false,false
2026-09-11T10:01:07.800Z,COLH-DEMO-01,true,-22.66738640,-47.80430255,3d,1.5,6.000,90.00,4.926,-0.902,0.000,1824,61.65,86.50,422.32,18.305,14.23,27.21,58.68,false,true,false,false
2026-09-11T10:01:07.900Z,COLH-DEMO-01,true,-22.66738640,-47.80430093,3d,1.5,6.000,90.00,4.932,-0.908,0.000,1824,61.63,86.50,422.31,18.303,14.23,27.21,58.68,false,true,false,false
2026-09-11T10:01:08.000Z,COLH-DEMO-01,true,-22.66738640,-47.80429931,3d,1.5,6.000,90.00,4.651,-0.914,0.000,1824,61.61,86.50,422.30,18.301,14.23,27.21,58.69,false,true,false,false
2026-09-11T10:01:08.100Z,COLH-DEMO-01,true,-22.66738640,-47.80429768,3d,1.5,6.000,90.00,4.657,-0.919,0.000,1824,61.60,86.50,422.30,18.299,14.23,27.21,58.69,false,true,false,false
2026-09-11T10:01:08.200Z,COLH-DEMO-01,true,-22.66738640,-47.80429606,3d,1.5,6.000,90.00,4.662,-0.925,0.000,1824,61.58,86.50,422.29,18.297,14.23,27.21,58.69,false,true,false,false
2026-09-11T10:01:08.300Z,COLH-DEMO-01,true,-22.66738640,-47.80429444,3d,1.5,6.000,90.00,4.667,-0.930,0.000,1824,61.56,86.50,422.28,18.295,14.23,27.21,58.69,false,true,false,false
2026-09-11T10:01:08.400Z,COLH-DEMO-01,true,-22.66738640,-47.80429282,3d,1.5,6.000,90.00,4.673,-0.935,0.000,1824,61.54,86.50,422.28,18.293,14.23,27.21,58.69,false,true,false,false
2026-09-11T10:01:08.500Z,COLH-DEMO-01,true,-22.66738640,-47.80429119,3d,1.5,6.000,90.00,4.678,-0.940,0.000,1825,61.52,86.49,422.27,18.291,14.23,27.21,58.69,false,true,false,false
2026-09-11T10:01:08.600Z,COLH-DEMO-01,true,-22.66738640,-47.80428957,3d,1.5,6.000,90.00,4.969,-0.945,0.000,1825,61.50,86.49,422.26,18.289,14.23,27.21,58.69,false,true,false,false
2026-09-11T10:01:08.700Z,COLH-DEMO-01,true,-22.66738640,-47.80428795,3d,1.5,6.000,90.00,4.975,-0.949,0.000,1825,61.48,86.49,422.26,18.287,14.23,27.21,58.69,false,true,false,false
2026-09-11T10:01:08.800Z,COLH-DEMO-01,true,-22.66738640,-47.80428633,3d,1.5,6.000,90.00,4.694,-0.954,0.000,1825,61.46,86.49,422.25,18.285,14.23,27.21,58.69,false,true,false,false
2026-09-11T10:01:08.900Z,COLH-DEMO-01,true,-22.66738640,-47.80428470,3d,1.5,6.000,90.00,4.699,-0.958,0.000,1825,61.44,86.49,422.24,18.283,14.23,27.21,58.69,false,true,false,false
2026-09-11T10:01:09.000Z,COLH-DEMO-01,true,-22.66738640,-47.80428308,3d,1.5,6.000,90.00,4.704,-0.962,0.000,1825,61.43,86.49,422.24,18.281,14.23,27.21,58.69,false,true,false,false
2026-09-11T10:01:09.100Z,COLH-DEMO-01,true,-22.66738640,-47.80428146,3d,1.5,6.000,90.00,4.709,-0.966,0.000,1825,61.41,86.49,422.23,18.279,14.23,27.21,58.69,false,true,false,false
2026-09-11T10:01:09.200Z,COLH-DEMO-01,true,-22.66738640,-47.80427984,3d,1.5,6.000,90.00,4.714,-0.969,0.000,1825,61.39,86.49,422.22,18.277,14.23,27.21,58.70,false,true,false,false
2026-09-11T10:01:09.300Z,COLH-DEMO-01,true,-22.66738640,-47.80427821,3d,1.5,6.000,90.00,5.005,-0.973,0.000,1826,61.37,86.49,422.22,18.275,14.23,27.21,58.70,false,true,false,false
2026-09-11T10:01:09.400Z,COLH-DEMO-01,true,-22.66738640,-47.80427659,3d,1.5,6.000,90.00,5.010,-0.976,0.000,1826,61.35,86.49,422.21,18.273,14.23,27.21,58.70,false,true,false,false
2026-09-11T10:01:09.500Z,COLH-DEMO-01,true,-22.66738640,-47.80427497,3d,1.5,6.000,90.00,4.729,-0.979,0.000,1826,61.33,86.49,422.20,18.271,14.23,27.21,58.70,false,true,false,false
2026-09-11T10:01:09.600Z,COLH-DEMO-01,true,-22.66738640,-47.80427334,3d,1.5,6.000,90.00,4.734,-0.981,0.000,1826,61.31,86.49,422.20,18.269,14.23,27.21,58.70,false,true,false,false
2026-09-11T10:01:09.700Z,COLH-DEMO-01,true,-22.66738640,-47.80427172,3d,1.5,6.000,90.00,4.739,-0.984,0.000,1826,61.29,86.49,422.19,18.267,14.23,27.21,58.70,false,true,false,false
2026-09-11T10:01:09.800Z,COLH-DEMO-01,true,-22.66738640,-47.80427010,3d,1.5,6.000,90.00,4.743,-0.986,0.000,1826,61.28,86.49,422.18,18.265,14.23,27.21,58.70,false,true,false,false
2026-09-11T10:01:09.900Z,COLH-DEMO-01,true,-22.66738640,-47.80426848,3d,1.5,6.000,90.00,4.748,-0.989,0.000,1826,61.26,86.49,422.18,18.263,14.23,27.21,58.70,false,true,false,false
2026-09-11T10:01:10.000Z,COLH-DEMO-01,true,-22.66738640,-47.80426685,3d,1.5,6.000,90.00,5.038,-0.991,0.000,1827,61.24,86.49,422.17,18.261,14.23,27.21,58.70,false,true,false,false
2026-09-11T10:01:10.100Z,COLH-DEMO-01,true,-22.66738640,-47.80426523,3d,1.5,6.000,90.00,5.043,-0.993,0.000,1827,61.22,86.49,422.16,18.259,14.23,27.21,58.70,false,true,false,false
2026-09-11T10:01:10.200Z,COLH-DEMO-01,true,-22.66738640,-47.80426361,3d,1.5,6.000,90.00,4.761,-0.994,0.000,1827,61.20,86.49,422.16,18.256,14.23,27.21,58.70,false,true,false,false
2026-09-11T10:01:10.300Z,COLH-DEMO-01,true,-22.66738640,-47.80426199,3d,1.5,6.000,90.00,4.766,-0.996,0.000,1827,61.18,86.49,422.15,18.254,14.23,27.21,58.70,false,true,false,false
2026-09-11T10:01:10.400Z,COLH-DEMO-01,true,-22.66738640,-47.80426036,3d,1.5,6.000,90.00,4.770,-0.997,0.000,1827,61.16,86.49,422.14,18.252,14.23,27.21,58.70,false,true,false,false
2026-09-11T10:01:10.500Z,COLH-DEMO-01,true,-22.66738640,-47.80425874,3d,1.5,6.000,90.00,4.774,-0.998,0.000,1827,61.14,86.49,422.13,18.250,14.23,27.21,58.71,false,true,false,false
2026-09-11T10:01:10.600Z,COLH-DEMO-01,true,-22.66738640,-47.80425712,3d,1.5,6.000,90.00,4.778,-0.999,0.000,1827,61.13,86.49,422.13,18.248,14.23,27.21,58.71,false,true,false,false
2026-09-11T10:01:10.700Z,COLH-DEMO-01,true,-22.66738640,-47.80425550,3d,1.5,6.000,90.00,5.069,-0.999,0.000,1828,61.11,86.49,422.12,18.246,14.23,27.21,58.71,false,true,false,false
2026-09-11T10:01:10.800Z,COLH-DEMO-01,true,-22.66738640,-47.80425387,3d,1.5,6.000,90.00,5.073,-1.000,0.000,1828,61.09,86.49,422.11,18.244,14.23,27.21,58.71,false,true,false,false
2026-09-11T10:01:10.900Z,COLH-DEMO-01,true,-22.66738640,-47.80425225,3d,1.5,6.000,90.00,4.790,-1.000,0.000,1828,61.07,86.49,422.11,18.242,14.23,27.21,58.71,false,true,false,false
2026-09-11T10:01:11.000Z,COLH-DEMO-01,true,-22.66738640,-47.80425063,3d,1.5,6.000,90.00,4.794,-1.000,0.000,1828,61.05,86.49,422.10,18.240,14.23,27.21,58.71,false,true,false,false
2026-09-11T10:01:11.100Z,COLH-DEMO-01,true,-22.66738640,-47.80424901,3d,1.5,6.000,90.00,4.798,-1.000,0.000,1828,61.03,86.49,422.09,18.238,14.23,27.21,58.71,false,true,false,false
2026-09-11T10:01:11.200Z,COLH-DEMO-01,true,-22.66738640,-47.80424738,3d,1.5,6.000,90.00,4.802,-0.999,0.000,1828,61.01,86.49,422.08,18.235,14.23,27.21,58.71,false,true,false,false
2026-09-11T10:01:11.300Z,COLH-DEMO-01,true,-22.66738640,-47.80424576,3d,1.5,6.000,90.00,5.091,-0.999,0.000,1829,61.00,86.49,422.08,18.233,14.23,27.21,58.71,false,true,false,false
2026-09-11T10:01:11.400Z,COLH-DEMO-01,true,-22.66738640,-47.80424414,3d,1.5,6.000,90.00,5.095,-0.998,0.000,1829,60.98,86.49,422.07,18.231,14.23,27.21,58.71,false,true,false,false
2026-09-11T10:01:11.500Z,COLH-DEMO-01,true,-22.66738640,-47.80424252,3d,1.5,6.000,90.00,5.098,-0.997,0.000,1829,60.96,86.49,422.06,18.229,14.23,27.21,58.71,false,true,false,false
2026-09-11T10:01:11.600Z,COLH-DEMO-01,true,-22.66738640,-47.80424089,3d,1.5,6.000,90.00,4.816,-0.996,0.000,1829,60.94,86.49,422.06,18.227,14.23,27.21,58.71,false,true,false,false
2026-09-11T10:01:11.700Z,COLH-DEMO-01,true,-22.66738640,-47.80423927,3d,1.5,6.000,90.00,4.819,-0.995,0.000,1829,60.92,86.49,422.05,18.225,14.23,27.21,58.72,false,true,false,false
2026-09-11T10:01:11.800Z,COLH-DEMO-01,true,-22.66738640,-47.80423765,3d,1.5,6.000,90.00,4.822,-0.993,0.000,1829,60.90,86.49,422.04,18.223,14.23,27.21,58.72,false,true,false,false
2026-09-11T10:01:11.900Z,COLH-DEMO-01,true,-22.66738640,-47.80423603,3d,1.5,6.000,90.00,5.111,-0.991,0.000,1829,60.89,86.49,422.03,18.220,14.23,27.21,58.72,false,true,false,false
2026-09-11T10:01:12.000Z,COLH-DEMO-01,true,-22.66738640,-47.80423440,3d,1.5,6.000,90.00,5.114,-0.989,0.000,1830,60.87,86.49,422.03,18.218,14.23,27.22,58.72,false,true,false,false
2026-09-11T10:01:12.100Z,COLH-DEMO-01,true,-22.66738640,-47.80423278,3d,1.5,6.000,90.00,5.117,-0.987,0.000,1830,60.85,86.49,422.02,18.216,14.23,27.22,58.72,false,true,false,false
2026-09-11T10:01:12.200Z,COLH-DEMO-01,true,-22.66738640,-47.80423116,3d,1.5,6.000,90.00,4.834,-0.985,0.000,1830,60.83,86.49,422.01,18.214,14.23,27.22,58.72,false,true,false,false
2026-09-11T10:01:12.300Z,COLH-DEMO-01,true,-22.66738640,-47.80422954,3d,1.5,6.000,90.00,4.837,-0.982,0.000,1830,60.81,86.49,422.00,18.212,14.23,27.22,58.72,false,true,false,false
2026-09-11T10:01:12.400Z,COLH-DEMO-01,true,-22.66738640,-47.80422791,3d,1.5,6.000,90.00,4.840,-0.980,0.000,1830,60.79,86.49,422.00,18.210,14.23,27.22,58.72,false,true,false,false
2026-09-11T10:01:12.500Z,COLH-DEMO-01,true,-22.66738640,-47.80422629,3d,1.5,6.000,90.00,5.128,-0.977,0.000,1831,60.78,86.49,421.99,18.208,14.23,27.22,58.72,false,true,false,false
2026-09-11T10:01:12.600Z,COLH-DEMO-01,true,-22.66738640,-47.80422467,3d,1.5,6.000,90.00,5.131,-0.974,0.000,1831,60.76,86.49,421.98,18.205,14.23,27.22,58.72,false,true,false,false
2026-09-11T10:01:12.700Z,COLH-DEMO-01,true,-22.66738640,-47.80422305,3d,1.5,6.000,90.00,5.133,-0.970,0.000,1831,60.74,86.48,421.97,18.203,14.23,27.22,58.72,false,true,false,false
2026-09-11T10:01:12.800Z,COLH-DEMO-01,true,-22.66738640,-47.80422142,3d,1.5,6.000,90.00,4.849,-0.967,0.000,1831,60.72,86.48,421.97,18.201,14.23,27.22,58.72,false,true,false,false
2026-09-11T10:01:12.900Z,COLH-DEMO-01,true,-22.66738640,-47.80421980,3d,1.5,6.000,90.00,4.851,-0.963,0.000,1831,60.70,86.48,421.96,18.199,14.23,27.22,58.72,false,true,false,false
2026-09-11T10:01:13.000Z,COLH-DEMO-01,true,-22.66738640,-47.80421818,3d,1.5,6.000,90.00,4.853,-0.959,0.000,1831,60.69,86.48,421.95,18.197,14.23,27.22,58.73,false,true,false,false
2026-09-11T10:01:13.100Z,COLH-DEMO-01,true,-22.66738640,-47.80421656,3d,1.5,6.000,90.00,5.141,-0.955,0.000,1832,60.67,86.48,421.94,18.194,14.23,27.22,58.73,false,true,false,false
2026-09-11T10:01:13.200Z,COLH-DEMO-01,true,-22.66738640,-47.80421493,3d,1.5,6.000,90.00,5.143,-0.951,0.000,1832,60.65,86.48,421.94,18.192,14.23,27.22,58.73,false,true,false,false
2026-09-11T10:01:13.300Z,COLH-DEMO-01,true,-22.66738640,-47.80421331,3d,1.5,6.000,90.00,5.145,-0.947,0.000,1832,60.63,86.48,421.93,18.190,14.23,27.22,58.73,false,true,false,false
2026-09-11T10:01:13.400Z,COLH-DEMO-01,true,-22.66738640,-47.80421169,3d,1.5,6.000,90.00,4.861,-0.942,0.000,1832,60.61,86.48,421.92,18.188,14.23,27.22,58.73,false,true,false,false
2026-09-11T10:01:13.500Z,COLH-DEMO-01,true,-22.66738640,-47.80421006,3d,1.5,6.000,90.00,4.862,-0.937,0.000,1832,60.60,86.48,421.91,18.186,14.23,27.22,58.73,false,true,false,false
2026-09-11T10:01:13.600Z,COLH-DEMO-01,true,-22.66738640,-47.80420844,3d,1.5,6.000,90.00,4.864,-0.932,0.000,1833,60.58,86.48,421.91,18.184,14.23,27.22,58.73,false,true,false,false
2026-09-11T10:01:13.700Z,COLH-DEMO-01,true,-22.66738640,-47.80420682,3d,1.5,6.000,90.00,5.151,-0.927,0.000,1833,60.56,86.48,421.90,18.181,14.23,27.22,58.73,false,true,false,false
2026-09-11T10:01:13.800Z,COLH-DEMO-01,true,-22.66738640,-47.80420520,3d,1.5,6.000,90.00,5.152,-0.922,0.000,1833,60.54,86.48,421.89,18.179,14.23,27.22,58.73,false,true,false,false
2026-09-11T10:01:13.900Z,COLH-DEMO-01,true,-22.66738640,-47.80420357,3d,1.5,6.000,90.00,5.153,-0.916,0.000,1833,60.53,86.48,421.88,18.177,14.23,27.22,58.73,false,true,false,false
2026-09-11T10:01:14.000Z,COLH-DEMO-01,true,-22.66738640,-47.80420195,3d,1.5,6.000,90.00,4.868,-0.910,0.000,1833,60.51,86.48,421.87,18.175,14.23,27.22,58.73,false,true,false,false
2026-09-11T10:01:14.100Z,COLH-DEMO-01,true,-22.66738640,-47.80420033,3d,1.5,6.000,90.00,4.869,-0.904,0.000,1833,60.49,86.48,421.87,18.172,14.23,27.22,58.73,false,true,false,false
2026-09-11T10:01:14.200Z,COLH-DEMO-01,true,-22.66738640,-47.80419871,3d,1.5,6.000,90.00,5.156,-0.898,0.000,1834,60.47,86.48,421.86,18.170,14.23,27.22,58.73,false,true,false,false
2026-09-11T10:01:14.300Z,COLH-DEMO-01,true,-22.66738640,-47.80419708,3d,1.5,6.000,90.00,5.157,-0.892,0.000,1834,60.46,86.48,421.85,18.168,14.23,27.22,58.73,false,true,false,false
2026-09-11T10:01:14.400Z,COLH-DEMO-01,true,-22.66738640,-47.80419546,3d,1.5,6.000,90.00,5.158,-0.885,0.000,1834,60.44,86.48,421.84,18.166,14.23,27.22,58.74,false,true,false,false
2026-09-11T10:01:14.500Z,COLH-DEMO-01,true,-22.66738640,-47.80419384,3d,1.5,6.000,90.00,5.158,-0.879,0.000,1834,60.42,86.48,421.84,18.164,14.23,27.22,58.74,false,true,false,false
2026-09-11T10:01:14.600Z,COLH-DEMO-01,true,-22.66738640,-47.80419222,3d,1.5,6.000,90.00,4.872,-0.872,0.000,1834,60.40,86.48,421.83,18.161,14.23,27.22,58.74,false,true,false,false
2026-09-11T10:01:14.700Z,COLH-DEMO-01,true,-22.66738640,-47.80419059,3d,1.5,6.000,90.00,5.159,-0.865,0.000,1835,60.39,86.48,421.82,18.159,14.23,27.22,58.74,false,true,false,false
2026-09-11T10:01:14.800Z,COLH-DEMO-01,true,-22.66738640,-47.80418897,3d,1.5,6.000,90.00,5.159,-0.858,0.000,1835,60.37,86.48,421.81,18.157,14.23,27.22,58.74,false,true,false,false
2026-09-11T10:01:14.900Z,COLH-DEMO-01,true,-22.66738640,-47.80418735,3d,1.5,6.000,90.00,5.159,-0.851,0.000,1835,60.35,86.48,421.80,18.155,14.23,27.22,58.74,false,true,false,false
2026-09-11T10:01:15.000Z,COLH-DEMO-01,true,-22.66738640,-47.80418573,3d,1.5,6.000,90.00,5.159,-0.843,0.000,1835,60.33,86.48,421.80,18.152,14.23,27.22,58.74,false,true,false,false
2026-09-11T10:01:15.100Z,COLH-DEMO-01,true,-22.66738640,-47.80418410,3d,1.5,6.000,90.00,4.873,-0.835,0.000,1835,60.32,86.48,421.79,18.150,14.23,27.22,58.74,false,true,false,false
2026-09-11T10:01:15.200Z,COLH-DEMO-01,true,-22.66738640,-47.80418248,3d,1.5,6.000,90.00,4.873,-0.828,0.000,1836,60.30,86.48,421.78,18.148,14.23,27.22,58.74,false,true,false,false
2026-09-11T10:01:15.300Z,COLH-DEMO-01,true,-22.66738640,-47.80418086,3d,1.5,6.000,90.00,5.158,-0.820,0.000,1836,60.28,86.48,421.77,18.146,14.23,27.22,58.74,false,true,false,false
2026-09-11T10:01:15.400Z,COLH-DEMO-01,true,-22.66738640,-47.80417924,3d,1.5,6.000,90.00,5.158,-0.811,0.000,1836,60.26,86.48,421.76,18.144,14.23,27.22,58.74,false,true,false,false
2026-09-11T10:01:15.500Z,COLH-DEMO-01,true,-22.66738640,-47.80417761,3d,1.5,6.000,90.00,5.157,-0.803,0.000,1836,60.25,86.48,421.76,18.141,14.23,27.22,58.74,false,true,false,false
2026-09-11T10:01:15.600Z,COLH-DEMO-01,true,-22.66738640,-47.80417599,3d,1.5,6.000,90.00,5.157,-0.795,0.000,1836,60.23,86.47,421.75,18.139,14.23,27.22,58.74,false,true,false,false
2026-09-11T10:01:15.700Z,COLH-DEMO-01,true,-22.66738640,-47.80417437,3d,1.5,6.000,90.00,4.870,-0.786,0.000,1837,60.21,86.47,421.74,18.137,14.23,27.22,58.75,false,true,false,false
2026-09-11T10:01:15.800Z,COLH-DEMO-01,true,-22.66738640,-47.80417275,3d,1.5,6.000,90.00,5.155,-0.777,0.000,1837,60.20,86.47,421.73,18.135,14.23,27.22,58.75,false,true,false,false
2026-09-11T10:01:15.900Z,COLH-DEMO-01,true,-22.66738640,-47.80417112,3d,1.5,6.000,90.00,5.154,-0.768,0.000,1837,60.18,86.47,421.72,18.132,14.23,27.22,58.75,false,true,false,false
2026-09-11T10:01:16.000Z,COLH-DEMO-01,true,-22.66738640,-47.80416950,3d,1.5,6.000,90.00,5.153,-0.759,0.000,1837,60.16,86.47,421.71,18.130,14.23,27.22,58.75,false,true,false,false
2026-09-11T10:01:16.100Z,COLH-DEMO-01,true,-22.66738640,-47.80416788,3d,1.5,6.000,90.00,5.152,-0.750,0.000,1838,60.15,86.47,421.71,18.128,14.23,27.22,58.75,false,true,false,false
2026-09-11T10:01:16.200Z,COLH-DEMO-01,true,-22.66738640,-47.80416626,3d,1.5,6.000,90.00,4.864,-0.741,0.000,1838,60.13,86.47,421.70,18.126,14.23,27.22,58.75,false,true,false,false
2026-09-11T10:01:16.300Z,COLH-DEMO-01,true,-22.66738640,-47.80416463,3d,1.5,6.000,90.00,5.149,-0.731,0.000,1838,60.11,86.47,421.69,18.123,14.23,27.22,58.75,false,true,false,false
2026-09-11T10:01:16.400Z,COLH-DEMO-01,true,-22.66738640,-47.80416301,3d,1.5,6.000,90.00,5.147,-0.721,0.000,1838,60.09,86.47,421.68,18.121,14.23,27.23,58.75,false,true,false,false
2026-09-11T10:01:16.500Z,COLH-DEMO-01,true,-22.66738640,-47.80416139,3d,1.5,6.000,90.00,5.146,-0.712,0.000,1838,60.08,86.47,421.67,18.119,14.23,27.23,58.75,false,true,false,false
2026-09-11T10:01:16.600Z,COLH-DEMO-01,true,-22.66738640,-47.80415977,3d,1.5,6.000,90.00,5.144,-0.702,0.000,1839,60.06,86.47,421.66,18.117,14.23,27.23,58.75,false,true,false,false
2026-09-11T10:01:16.700Z,COLH-DEMO-01,true,-22.66738640,-47.80415814,3d,1.5,6.000,90.00,4.856,-0.691,0.000,1839,60.04,86.47,421.66,18.114,14.23,27.23,58.75,false,true,false,false
2026-09-11T10:01:16.800Z,COLH-DEMO-01,true,-22.66738640,-47.80415652,3d,1.5,6.000,90.00,5.140,-0.681,0.000,1839,60.03,86.47,421.65,18.112,14.23,27.23,58.75,false,true,false,false
2026-09-11T10:01:16.900Z,COLH-DEMO-01,true,-22.66738640,-47.80415490,3d,1.5,6.000,90.00,5.138,-0.671,0.000,1839,60.01,86.47,421.64,18.110,14.23,27.23,58.75,false,true,false,false
2026-09-11T10:01:17.000Z,COLH-DEMO-01,true,-22.66738640,-47.80415328,3d,1.5,6.000,90.00,5.136,-0.660,0.000,1839,59.99,86.47,421.63,18.107,14.23,27.23,58.75,false,true,false,false
2026-09-11T10:01:17.100Z,COLH-DEMO-01,true,-22.66738640,-47.80415165,3d,1.5,6.000,90.00,5.134,-0.650,0.000,1840,59.98,86.47,421.62,18.105,14.23,27.23,58.76,false,true,false,false
2026-09-11T10:01:17.200Z,COLH-DEMO-01,true,-22.66738640,-47.80415003,3d,1.5,6.000,90.00,4.846,-0.639,0.000,1840,59.96,86.47,421.61,18.103,14.23,27.23,58.76,false,true,false,false
2026-09-11T10:01:17.300Z,COLH-DEMO-01,true,-22.66738640,-47.80414841,3d,1.5,6.000,90.00,5.129,-0.628,0.000,1840,59.95,86.47,421.61,18.101,14.23,27.23,58.76,false,true,false,false
2026-09-11T10:01:17.400Z,COLH-DEMO-01,true,-22.66738640,-47.80414679,3d,1.5,6.000,90.00,5.127,-0.617,0.000,1840,59.93,86.47,421.60,18.098,14.23,27.23,58.76,false,true,false,false
2026-09-11T10:01:17.500Z,COLH-DEMO-01,true,-22.66738640,-47.80414516,3d,1.5,6.000,90.00,5.124,-0.606,0.000,1841,59.91,86.47,421.59,18.096,14.23,27.23,58.76,false,true,false,false
2026-09-11T10:01:17.600Z,COLH-DEMO-01,true,-22.66738640,-47.80414354,3d,1.5,6.000,90.00,5.122,-0.595,0.000,1841,59.90,86.47,421.58,18.094,14.23,27.23,58.76,false,true,false,false
2026-09-11T10:01:17.700Z,COLH-DEMO-01,true,-22.66738640,-47.80414192,3d,1.5,6.000,90.00,5.119,-0.583,0.000,1841,59.88,86.47,421.57,18.092,14.23,27.23,58.76,false,true,false,false
2026-09-11T10:01:17.800Z,COLH-DEMO-01,true,-22.66738640,-47.80414029,3d,1.5,6.000,90.00,5.116,-0.572,0.000,1841,59.86,86.47,421.56,18.089,14.23,27.23,58.76,false,true,false,false
2026-09-11T10:01:17.900Z,COLH-DEMO-01,true,-22.66738640,-47.80413867,3d,1.5,6.000,90.00,5.113,-0.560,0.000,1841,59.85,86.46,421.56,18.087,14.23,27.23,58.76,false,true,false,false
2026-09-11T10:01:18.000Z,COLH-DEMO-01,true,-22.66738640,-47.80413705,3d,1.5,6.000,90.00,5.110,-0.548,0.000,1842,59.83,86.46,421.55,18.085,14.23,27.23,58.76,false,true,false,false
2026-09-11T10:01:18.100Z,COLH-DEMO-01,true,-22.66738640,-47.80413543,3d,1.5,6.000,90.00,5.107,-0.537,0.000,1842,59.82,86.46,421.54,18.082,14.23,27.23,58.76,false,true,false,false
2026-09-11T10:01:18.200Z,COLH-DEMO-01,true,-22.66738640,-47.80413380,3d,1.5,6.000,90.00,5.104,-0.525,0.000,1842,59.80,86.46,421.53,18.080,14.23,27.23,58.76,false,true,false,false
2026-09-11T10:01:18.300Z,COLH-DEMO-01,true,-22.66738640,-47.80413218,3d,1.5,6.000,90.00,5.100,-0.513,0.000,1842,59.78,86.46,421.52,18.078,14.23,27.23,58.76,false,true,false,false
2026-09-11T10:01:18.400Z,COLH-DEMO-01,true,-22.66738640,-47.80413056,3d,1.5,6.000,90.00,5.097,-0.500,0.000,1843,59.77,86.46,421.51,18.076,14.23,27.23,58.77,false,true,false,false
2026-09-11T10:01:18.500Z,COLH-DEMO-01,true,-22.66738640,-47.80412894,3d,1.5,6.000,90.00,5.093,-0.488,0.000,1843,59.75,86.46,421.50,18.073,14.23,27.23,58.77,false,true,false,false
2026-09-11T10:01:18.600Z,COLH-DEMO-01,true,-22.66738640,-47.80412731,3d,1.5,6.000,90.00,5.090,-0.476,0.000,1843,59.74,86.46,421.49,18.071,14.23,27.23,58.77,false,true,false,false
2026-09-11T10:01:18.700Z,COLH-DEMO-01,true,-22.66738640,-47.80412569,3d,1.5,6.000,90.00,5.086,-0.463,0.000,1843,59.72,86.46,421.49,18.069,14.23,27.23,58.77,false,true,false,false
2026-09-11T10:01:18.800Z,COLH-DEMO-01,true,-22.66738640,-47.80412407,3d,1.5,6.000,90.00,5.082,-0.451,0.000,1843,59.71,86.46,421.48,18.066,14.23,27.23,58.77,false,true,false,false
2026-09-11T10:01:18.900Z,COLH-DEMO-01,true,-22.66738640,-47.80412245,3d,1.5,6.000,90.00,5.079,-0.438,0.000,1844,59.69,86.46,421.47,18.064,14.23,27.23,58.77,false,true,false,false
2026-09-11T10:01:19.000Z,COLH-DEMO-01,true,-22.66738640,-47.80412082,3d,1.5,6.000,90.00,5.075,-0.426,0.000,1844,59.67,86.46,421.46,18.062,14.23,27.23,58.77,false,true,false,false
2026-09-11T10:01:19.100Z,COLH-DEMO-01,true,-22.66738640,-47.80411920,3d,1.5,6.000,90.00,5.071,-0.413,0.000,1844,59.66,86.46,421.45,18.059,14.23,27.23,58.77,false,true,false,false
2026-09-11T10:01:19.200Z,COLH-DEMO-01,true,-22.66738640,-47.80411758,3d,1.5,6.000,90.00,5.067,-0.400,0.000,1844,59.64,86.46,421.44,18.057,14.23,27.23,58.77,false,true,false,false
2026-09-11T10:01:19.300Z,COLH-DEMO-01,true,-22.66738640,-47.80411596,3d,1.5,6.000,90.00,5.063,-0.387,0.000,1845,59.63,86.46,421.43,18.055,14.23,27.23,58.77,false,true,false,false
2026-09-11T10:01:19.400Z,COLH-DEMO-01,true,-22.66738640,-47.80411433,3d,1.5,6.000,90.00,5.058,-0.374,0.000,1845,59.61,86.46,421.42,18.053,14.23,27.23,58.77,false,true,false,false
2026-09-11T10:01:19.500Z,COLH-DEMO-01,true,-22.66738640,-47.80411271,3d,1.5,6.000,90.00,5.054,-0.361,0.000,1845,59.60,86.46,421.42,18.050,14.23,27.23,58.77,false,true,false,false
2026-09-11T10:01:19.600Z,COLH-DEMO-01,true,-22.66738640,-47.80411109,3d,1.5,6.000,90.00,5.050,-0.348,0.000,1845,59.58,86.46,421.41,18.048,14.23,27.23,58.77,false,true,false,false
2026-09-11T10:01:19.700Z,COLH-DEMO-01,true,-22.66738640,-47.80410947,3d,1.5,6.000,90.00,5.332,-0.334,0.000,1845,59.57,86.46,421.40,18.046,14.23,27.23,58.77,false,true,false,false
2026-09-11T10:01:19.800Z,COLH-DEMO-01,true,-22.66738640,-47.80410784,3d,1.5,6.000,90.00,5.041,-0.321,0.000,1846,59.55,86.46,421.39,18.043,14.23,27.23,58.77,false,true,false,false
2026-09-11T10:01:19.900Z,COLH-DEMO-01,true,-22.66738640,-47.80410622,3d,1.5,6.000,90.00,5.036,-0.308,0.000,1846,59.54,86.46,421.38,18.041,14.23,27.23,58.78,false,true,false,false
2026-09-11T10:01:20.000Z,COLH-DEMO-01,true,-22.66738640,-47.80410460,3d,1.5,6.000,90.00,5.032,-0.294,0.000,1846,59.52,86.45,421.37,18.039,14.23,27.23,58.78,false,true,false,false
2026-09-11T10:01:20.100Z,COLH-DEMO-01,true,-22.66738640,-47.80410298,3d,1.5,6.000,90.00,5.027,-0.281,0.000,1846,59.51,86.45,421.36,18.036,14.23,27.23,58.78,false,true,false,false
2026-09-11T10:01:20.200Z,COLH-DEMO-01,true,-22.66738640,-47.80410135,3d,1.5,6.000,90.00,5.309,-0.267,0.000,1847,59.49,86.45,421.35,18.034,14.23,27.23,58.78,false,true,false,false
2026-09-11T10:01:20.300Z,COLH-DEMO-01,true,-22.66738640,-47.80409973,3d,1.5,6.000,90.00,5.018,-0.254,0.000,1847,59.48,86.45,421.35,18.032,14.23,27.23,58.78,false,true,false,false
2026-09-11T10:01:20.400Z,COLH-DEMO-01,true,-22.66738640,-47.80409811,3d,1.5,6.000,90.00,5.013,-0.240,0.000,1847,59.46,86.45,421.34,18.030,14.23,27.23,58.78,false,true,false,false
2026-09-11T10:01:20.500Z,COLH-DEMO-01,true,-22.66738640,-47.80409649,3d,1.5,6.000,90.00,5.008,-0.226,0.000,1847,59.45,86.45,421.33,18.027,14.23,27.23,58.78,false,true,false,false
2026-09-11T10:01:20.600Z,COLH-DEMO-01,true,-22.66738640,-47.80409486,3d,1.5,6.000,90.00,5.003,-0.213,0.000,1848,59.43,86.45,421.32,18.025,14.23,27.23,58.78,false,true,false,false
2026-09-11T10:01:20.700Z,COLH-DEMO-01,true,-22.66738640,-47.80409324,3d,1.5,6.000,90.00,5.285,-0.199,0.000,1848,59.42,86.45,421.31,18.023,14.23,27.23,58.78,false,true,false,false
2026-09-11T10:01:20.800Z,COLH-DEMO-01,true,-22.66738640,-47.80409162,3d,1.5,6.000,90.00,4.993,-0.185,0.000,1848,59.40,86.45,421.30,18.020,14.23,27.23,58.78,false,true,false,false
2026-09-11T10:01:20.900Z,COLH-DEMO-01,true,-22.66738640,-47.80409000,3d,1.5,6.000,90.00,4.988,-0.171,0.000,1848,59.39,86.45,421.29,18.018,14.23,27.23,58.78,false,true,false,false
2026-09-11T10:01:21.000Z,COLH-DEMO-01,true,-22.66738640,-47.80408837,3d,1.5,6.000,90.00,4.983,-0.157,0.000,1848,59.38,86.45,421.28,18.016,14.23,27.23,58.78,false,true,false,false
2026-09-11T10:01:21.100Z,COLH-DEMO-01,true,-22.66738640,-47.80408675,3d,1.5,6.000,90.00,4.978,-0.143,0.000,1849,59.36,86.45,421.27,18.013,14.23,27.24,58.78,false,true,false,false
2026-09-11T10:01:21.200Z,COLH-DEMO-01,true,-22.66738640,-47.80408513,3d,1.5,6.000,90.00,5.259,-0.129,0.000,1849,59.35,86.45,421.26,18.011,14.23,27.24,58.78,false,true,false,false
2026-09-11T10:01:21.300Z,COLH-DEMO-01,true,-22.66738640,-47.80408351,3d,1.5,6.000,90.00,4.967,-0.115,0.000,1849,59.33,86.45,421.25,18.009,14.23,27.24,58.79,false,true,false,false
2026-09-11T10:01:21.400Z,COLH-DEMO-01,true,-22.66738640,-47.80408188,3d,1.5,6.000,90.00,4.962,-0.101,0.000,1849,59.32,86.45,421.25,18.006,14.23,27.24,58.79,false,true,false,false
2026-09-11T10:01:21.500Z,COLH-DEMO-01,true,-22.66738640,-47.80408026,3d,1.5,6.000,90.00,4.956,-0.087,0.000,1850,59.30,86.45,421.24,18.004,14.23,27.24,58.79,false,true,false,false
2026-09-11T10:01:21.600Z,COLH-DEMO-01,true,-22.66738640,-47.80407864,3d,1.5,6.000,90.00,4.951,-0.073,0.000,1850,59.29,86.45,421.23,18.002,14.23,27.24,58.79,false,true,false,false
2026-09-11T10:01:21.700Z,COLH-DEMO-01,true,-22.66738640,-47.80407702,3d,1.5,6.000,90.00,5.233,-0.059,0.000,1850,59.28,86.45,421.22,18.000,14.23,27.24,58.79,false,true,false,false
2026-09-11T10:01:21.800Z,COLH-DEMO-01,true,-22.66738640,-47.80407539,3d,1.5,6.000,90.00,4.940,-0.045,0.000,1850,59.26,86.44,421.21,17.997,14.23,27.24,58.79,false,true,false,false
2026-09-11T10:01:21.900Z,COLH-DEMO-01,true,-22.66738640,-47.80407377,3d,1.5,6.000,90.00,4.935,-0.031,0.000,1851,59.25,86.44,421.20,17.995,14.23,27.24,58.79,false,true,false,false
2026-09-11T10:01:22.000Z,COLH-DEMO-01,true,-22.66738640,-47.80407215,3d,1.5,6.000,90.00,4.929,-0.017,0.000,1851,59.24,86.44,421.19,17.993,14.23,27.24,58.79,false,true,false,false
2026-09-11T10:01:22.100Z,COLH-DEMO-01,true,-22.66738640,-47.80407052,3d,1.5,6.000,90.00,4.924,-0.003,0.000,1851,59.22,86.44,421.18,17.990,14.23,27.24,58.79,false,true,false,false
2026-09-11T10:01:22.200Z,COLH-DEMO-01,true,-22.66738640,-47.80406890,3d,1.5,6.000,90.00,5.205,0.011,0.000,1851,59.21,86.44,421.17,17.988,14.23,27.24,58.79,false,true,false,false
2026-09-11T10:01:22.300Z,COLH-DEMO-01,true,-22.66738640,-47.80406728,3d,1.5,6.000,90.00,4.913,0.025,0.000,1851,59.19,86.44,421.16,17.986,14.23,27.24,58.79,false,true,false,false
2026-09-11T10:01:22.400Z,COLH-DEMO-01,true,-22.66738640,-47.80406566,3d,1.5,6.000,90.00,4.907,0.039,0.000,1852,59.18,86.44,421.15,17.983,14.23,27.24,58.79,false,true,false,false
2026-09-11T10:01:22.500Z,COLH-DEMO-01,true,-22.66738640,-47.80406403,3d,1.5,6.000,90.00,4.901,0.053,0.000,1852,59.17,86.44,421.14,17.981,14.23,27.24,58.79,false,true,false,false
2026-09-11T10:01:22.600Z,COLH-DEMO-01,true,-22.66738640,-47.80406241,3d,1.5,6.000,90.00,5.183,0.067,0.000,1852,59.15,86.44,421.14,17.979,14.23,27.24,58.79,false,true,false,false
2026-09-11T10:01:22.700Z,COLH-DEMO-01,true,-22.66738640,-47.80406079,3d,1.5,6.000,90.00,5.177,0.081,0.000,1852,59.14,86.44,421.13,17.977,14.23,27.24,58.79,false,true,false,false
2026-09-11T10:01:22.800Z,COLH-DEMO-01,true,-22.66738640,-47.80405917,3d,1.5,6.000,90.00,4.885,0.095,0.000,1853,59.13,86.44,421.12,17.974,14.23,27.24,58.80,false,true,false,false
2026-09-11T10:01:22.900Z,COLH-DEMO-01,true,-22.66738640,-47.80405754,3d,1.5,6.000,90.00,4.879,0.109,0.000,1853,59.11,86.44,421.11,17.972,14.23,27.24,58.80,false,true,false,false
2026-09-11T10:01:23.000Z,COLH-DEMO-01,true,-22.66738640,-47.80405592,3d,1.5,6.000,90.00,4.873,0.123,0.000,1853,59.10,86.44,421.10,17.970,14.23,27.24,58.80,false,true,false,false
2026-09-11T10:01:23.100Z,COLH-DEMO-01,true,-22.66738640,-47.80405430,3d,1.5,6.000,90.00,5.155,0.137,0.000,1853,59.09,86.44,421.09,17.967,14.23,27.24,58.80,false,true,false,false
2026-09-11T10:01:23.200Z,COLH-DEMO-01,true,-22.66738640,-47.80405268,3d,1.5,6.000,90.00,5.149,0.151,0.000,1853,59.07,86.44,421.08,17.965,14.23,27.24,58.80,false,true,false,false
2026-09-11T10:01:23.300Z,COLH-DEMO-01,true,-22.66738640,-47.80405105,3d,1.5,6.000,90.00,4.856,0.165,0.000,1854,59.06,86.44,421.07,17.963,14.23,27.24,58.80,false,true,false,false
2026-09-11T10:01:23.400Z,COLH-DEMO-01,true,-22.66738640,-47.80404943,3d,1.5,6.000,90.00,4.851,0.179,0.000,1854,59.05,86.44,421.06,17.960,14.23,27.24,58.80,false,true,false,false
2026-09-11T10:01:23.500Z,COLH-DEMO-01,true,-22.66738640,-47.80404781,3d,1.5,6.000,90.00,4.845,0.193,0.000,1854,59.04,86.43,421.05,17.958,14.23,27.24,58.80,false,true,false,false
2026-09-11T10:01:23.600Z,COLH-DEMO-01,true,-22.66738640,-47.80404619,3d,1.5,6.000,90.00,5.126,0.207,0.000,1854,59.02,86.43,421.04,17.956,14.23,27.24,58.80,false,true,false,false
2026-09-11T10:01:23.700Z,COLH-DEMO-01,true,-22.66738640,-47.80404456,3d,1.5,6.000,90.00,5.121,0.221,0.000,1855,59.01,86.43,421.03,17.953,14.23,27.24,58.80,false,true,false,false
2026-09-11T10:01:23.800Z,COLH-DEMO-01,true,-22.66738640,-47.80404294,3d,1.5,6.000,90.00,5.115,0.234,0.000,1855,59.00,86.43,421.02,17.951,14.23,27.24,58.80,false,true,false,false
2026-09-11T10:01:23.900Z,COLH-DEMO-01,true,-22.66738640,-47.80404132,3d,1.5,6.000,90.00,4.822,0.248,0.000,1855,58.99,86.43,421.01,17.949,14.23,27.24,58.80,false,true,false,false
2026-09-11T10:01:24.000Z,COLH-DEMO-01,true,-22.66738640,-47.80403970,3d,1.5,6.000,90.00,4.817,0.262,0.000,1855,58.97,86.43,421.00,17.947,14.23,27.24,58.80,false,true,false,false
2026-09-11T10:01:24.100Z,COLH-DEMO-01,true,-22.66738640,-47.80403807,3d,1.5,6.000,90.00,5.098,0.275,0.000,1856,58.96,86.43,421.00,17.944,14.23,27.24,58.80,false,true,false,false
2026-09-11T10:01:24.200Z,COLH-DEMO-01,true,-22.66738640,-47.80403645,3d,1.5,6.000,90.00,5.093,0.289,0.000,1856,58.95,86.43,420.99,17.942,14.23,27.24,58.80,false,true,false,false
2026-09-11T10:01:24.300Z,COLH-DEMO-01,true,-22.66738640,-47.80403483,3d,1.5,6.000,90.00,5.087,0.302,0.000,1856,58.94,86.43,420.98,17.940,14.23,27.24,58.81,false,true,false,false
2026-09-11T10:01:24.400Z,COLH-DEMO-01,true,-22.66738640,-47.80403321,3d,1.5,6.000,90.00,4.795,0.315,0.000,1856,58.92,86.43,420.97,17.937,14.23,27.24,58.81,false,true,false,false
2026-09-11T10:01:24.500Z,COLH-DEMO-01,true,-22.66738640,-47.80403158,3d,1.5,6.000,90.00,4.789,0.329,0.000,1856,58.91,86.43,420.96,17.935,14.23,27.24,58.81,false,true,false,false
2026-09-11T10:01:24.600Z,COLH-DEMO-01,true,-22.66738640,-47.80402996,3d,1.5,6.000,90.00,5.071,0.342,0.000,1857,58.90,86.43,420.95,17.933,14.23,27.24,58.81,false,true,false,false
2026-09-11T10:01:24.700Z,COLH-DEMO-01,true,-22.66738640,-47.80402834,3d,1.5,6.000,90.00,5.065,0.355,0.000,1857,58.89,86.43,420.94,17.930,14.23,27.24,58.81,false,true,false,false
2026-09-11T10:01:24.800Z,COLH-DEMO-01,true,-22.66738640,-47.80402672,3d,1.5,6.000,90.00,5.060,0.368,0.000,1857,58.88,86.43,420.93,17.928,14.23,27.24,58.81,false,true,false,false
2026-09-11T10:01:24.900Z,COLH-DEMO-01,true,-22.66738640,-47.80402509,3d,1.5,6.000,90.00,4.767,0.381,0.000,1857,58.86,86.43,420.92,17.926,14.23,27.24,58.81,false,true,false,false
2026-09-11T10:01:25.000Z,COLH-DEMO-01,true,-22.66738640,-47.80402347,3d,1.5,6.000,90.00,4.762,0.394,0.000,1858,58.85,86.43,420.91,17.924,14.23,27.24,58.81,false,true,false,false
2026-09-11T10:01:25.100Z,COLH-DEMO-01,true,-22.66738640,-47.80402185,3d,1.5,6.000,90.00,5.044,0.407,0.000,1858,58.84,86.42,420.90,17.921,14.23,27.24,58.81,false,true,false,false
2026-09-11T10:01:25.200Z,COLH-DEMO-01,true,-22.66738640,-47.80402023,3d,1.5,6.000,90.00,5.038,0.420,0.000,1858,58.83,86.42,420.89,17.919,14.23,27.24,58.81,false,true,false,false
2026-09-11T10:01:25.300Z,COLH-DEMO-01,true,-22.66738640,-47.80401860,3d,1.5,6.000,90.00,5.033,0.433,0.000,1858,58.82,86.42,420.88,17.917,14.23,27.24,58.81,false,true,false,false
2026-09-11T10:01:25.400Z,COLH-DEMO-01,true,-22.66738640,-47.80401698,3d,1.5,6.000,90.00,4.741,0.446,0.000,1858,58.81,86.42,420.87,17.914,14.23,27.24,58.81,false,true,false,false
2026-09-11T10:01:25.500Z,COLH-DEMO-01,true,-22.66738640,-47.80401536,3d,1.5,6.000,90.00,4.736,0.458,0.000,1859,58.79,86.42,420.86,17.912,14.23,27.24,58.81,false,true,false,false
2026-09-11T10:01:25.600Z,COLH-DEMO-01,true,-22.66738640,-47.80401374,3d,1.5,6.000,90.00,5.017,0.471,0.000,1859,58.78,86.42,420.85,17.910,14.23,27.24,58.81,false,true,false,false
2026-09-11T10:01:25.700Z,COLH-DEMO-01,true,-22.66738640,-47.80401211,3d,1.5,6.000,90.00,5.012,0.483,0.000,1859,58.77,86.42,420.84,17.908,14.23,27.24,58.81,false,true,false,false
2026-09-11T10:01:25.800Z,COLH-DEMO-01,true,-22.66738640,-47.80401049,3d,1.5,6.000,90.00,5.007,0.495,0.000,1859,58.76,86.42,420.83,17.905,14.23,27.24,58.82,false,true,false,false
2026-09-11T10:01:25.900Z,COLH-DEMO-01,true,-22.66738640,-47.80400887,3d,1.5,6.000,90.00,5.002,0.507,0.000,1860,58.75,86.42,420.82,17.903,14.23,27.24,58.82,false,true,false,false
2026-09-11T10:01:26.000Z,COLH-DEMO-01,true,-22.66738640,-47.80400724,3d,1.5,6.000,90.00,4.710,0.520,0.000,1860,58.74,86.42,420.81,17.901,14.23,27.24,58.82,false,true,false,false
2026-09-11T10:01:26.100Z,COLH-DEMO-01,true,-22.66738640,-47.80400562,3d,1.5,6.000,90.00,4.992,0.532,0.000,1860,58.73,86.42,420.80,17.899,14.23,27.25,58.82,false,true,false,false
2026-09-11T10:01:26.200Z,COLH-DEMO-01,true,-22.66738640,-47.80400400,3d,1.5,6.000,90.00,4.988,0.543,0.000,1860,58.72,86.42,420.80,17.896,14.23,27.25,58.82,false,true,false,false
2026-09-11T10:01:26.300Z,COLH-DEMO-01,true,-22.66738640,-47.80400238,3d,1.5,6.000,90.00,4.983,0.555,0.000,1860,58.71,86.42,420.79,17.894,14.23,27.25,58.82,false,true,false,false
2026-09-11T10:01:26.400Z,COLH-DEMO-01,true,-22.66738640,-47.80400075,3d,1.5,6.000,90.00,4.978,0.567,0.000,1861,58.69,86.42,420.78,17.892,14.23,27.25,58.82,false,true,false,false
2026-09-11T10:01:26.500Z,COLH-DEMO-01,true,-22.66738640,-47.80399913,3d,1.5,6.000,90.00,4.686,0.578,0.000,1861,58.68,86.41,420.77,17.889,14.23,27.25,58.82,false,true,false,false
2026-09-11T10:01:26.600Z,COLH-DEMO-01,true,-22.66738640,-47.80399751,3d,1.5,6.000,90.00,4.682,0.590,0.000,1861,58.67,86.41,420.76,17.887,14.23,27.25,58.82,false,true,false,false
2026-09-11T10:01:26.700Z,COLH-DEMO-01,true,-22.66738640,-47.80399589,3d,1.5,6.000,90.00,4.964,0.601,0.000,1861,58.66,86.41,420.75,17.885,14.23,27.25,58.82,false,true,false,false
2026-09-11T10:01:26.800Z,COLH-DEMO-01,true,-22.66738640,-47.80399426,3d,1.5,6.000,90.00,4.960,0.612,0.000,1862,58.65,86.41,420.74,17.883,14.23,27.25,58.82,false,true,false,false
2026-09-11T10:01:26.900Z,COLH-DEMO-01,true,-22.66738640,-47.80399264,3d,1.5,6.000,90.00,4.955,0.623,0.000,1862,58.64,86.41,420.73,17.880,14.23,27.25,58.82,false,true,false,false
2026-09-11T10:01:27.000Z,COLH-DEMO-01,true,-22.66738640,-47.80399102,3d,1.5,6.000,90.00,4.951,0.634,0.000,1862,58.63,86.41,420.72,17.878,14.23,27.25,58.82,false,true,false,false
2026-09-11T10:01:27.100Z,COLH-DEMO-01,true,-22.66738640,-47.80398940,3d,1.5,6.000,90.00,4.660,0.645,0.000,1862,58.62,86.41,420.71,17.876,14.23,27.25,58.82,false,true,false,false
2026-09-11T10:01:27.200Z,COLH-DEMO-01,true,-22.66738640,-47.80398777,3d,1.5,6.000,90.00,4.943,0.656,0.000,1862,58.61,86.41,420.70,17.874,14.23,27.25,58.82,false,true,false,false
2026-09-11T10:01:27.300Z,COLH-DEMO-01,true,-22.66738640,-47.80398615,3d,1.5,6.000,90.00,4.939,0.666,0.000,1863,58.60,86.41,420.69,17.871,14.23,27.25,58.82,false,true,false,false
2026-09-11T10:01:27.400Z,COLH-DEMO-01,true,-22.66738640,-47.80398453,3d,1.5,6.000,90.00,4.934,0.677,0.000,1863,58.59,86.41,420.68,17.869,14.23,27.25,58.83,false,true,false,false
2026-09-11T10:01:27.500Z,COLH-DEMO-01,true,-22.66738640,-47.80398291,3d,1.5,6.000,90.00,4.930,0.687,0.000,1863,58.58,86.41,420.67,17.867,14.23,27.25,58.83,false,true,false,false
2026-09-11T10:01:27.600Z,COLH-DEMO-01,true,-22.66738640,-47.80398128,3d,1.5,6.000,90.00,4.640,0.697,0.000,1863,58.57,86.41,420.66,17.865,14.23,27.25,58.83,false,true,false,false
2026-09-11T10:01:27.700Z,COLH-DEMO-01,true,-22.66738640,-47.80397966,3d,1.5,6.000,90.00,4.636,0.707,0.000,1863,58.56,86.41,420.65,17.862,14.23,27.25,58.83,false,true,false,false
2026-09-11T10:01:27.800Z,COLH-DEMO-01,true,-22.66738640,-47.80397804,3d,1.5,6.000,90.00,4.919,0.717,0.000,1864,58.55,86.41,420.64,17.860,14.23,27.25,58.83,false,true,false,false
2026-09-11T10:01:27.900Z,COLH-DEMO-01,true,-22.66738640,-47.80397642,3d,1.5,6.000,90.00,4.915,0.727,0.000,1864,58.54,86.40,420.63,17.858,14.23,27.25,58.83,false,true,false,false
2026-09-11T10:01:28.000Z,COLH-DEMO-01,true,-22.66738640,-47.80397479,3d,1.5,6.000,90.00,4.912,0.737,0.000,1864,58.53,86.40,420.62,17.856,14.23,27.25,58.83,false,true,false,false
2026-09-11T10:01:28.100Z,COLH-DEMO-01,true,-22.66738640,-47.80397317,3d,1.5,6.000,90.00,4.908,0.746,0.000,1864,58.52,86.40,420.61,17.853,14.23,27.25,58.83,false,true,false,false
2026-09-11T10:01:28.200Z,COLH-DEMO-01,true,-22.66738640,-47.80397155,3d,1.5,6.000,90.00,4.618,0.755,0.000,1864,58.51,86.40,420.60,17.851,14.23,27.25,58.83,false,true,false,false
2026-09-11T10:01:28.300Z,COLH-DEMO-01,true,-22.66738640,-47.80396993,3d,1.5,6.000,90.00,4.902,0.764,0.000,1865,58.50,86.40,420.59,17.849,14.23,27.25,58.83,false,true,false,false
2026-09-11T10:01:28.400Z,COLH-DEMO-01,true,-22.66738640,-47.80396830,3d,1.5,6.000,90.00,4.898,0.773,0.000,1865,58.50,86.40,420.58,17.847,14.23,27.25,58.83,false,true,false,false
2026-09-11T10:01:28.500Z,COLH-DEMO-01,true,-22.66738640,-47.80396668,3d,1.5,6.000,90.00,4.895,0.782,0.000,1865,58.49,86.40,420.57,17.844,14.23,27.25,58.83,false,true,false,false
2026-09-11T10:01:28.600Z,COLH-DEMO-01,true,-22.66738640,-47.80396506,3d,1.5,6.000,90.00,4.892,0.791,0.000,1865,58.48,86.40,420.56,17.842,14.23,27.25,58.83,false,true,false,false
2026-09-11T10:01:28.700Z,COLH-DEMO-01,true,-22.66738640,-47.80396344,3d,1.5,6.000,90.00,4.889,0.800,0.000,1865,58.47,86.40,420.55,17.840,14.23,27.25,58.83,false,true,false,false
2026-09-11T10:01:28.800Z,COLH-DEMO-01,true,-22.66738640,-47.80396181,3d,1.5,6.000,90.00,4.599,0.808,0.000,1866,58.46,86.40,420.54,17.838,14.23,27.25,58.83,false,true,false,false
2026-09-11T10:01:28.900Z,COLH-DEMO-01,true,-22.66738640,-47.80396019,3d,1.5,6.000,90.00,4.883,0.816,0.000,1866,58.45,86.40,420.53,17.836,14.23,27.25,58.83,false,true,false,false
2026-09-11T10:01:29.000Z,COLH-DEMO-01,true,-22.66738640,-47.80395857,3d,1.5,6.000,90.00,4.881,0.824,0.000,1866,58.44,86.40,420.52,17.833,14.23,27.25,58.84,false,true,false,false
2026-09-11T10:01:29.100Z,COLH-DEMO-01,true,-22.66738640,-47.80395695,3d,1.5,6.000,90.00,4.878,0.832,0.000,1866,58.43,86.40,420.51,17.831,14.23,27.25,58.84,false,true,false,false
2026-09-11T10:01:29.200Z,COLH-DEMO-01,true,-22.66738640,-47.80395532,3d,1.5,6.000,90.00,4.876,0.840,0.000,1866,58.42,86.40,420.50,17.829,14.23,27.25,58.84,false,true,false,false
2026-09-11T10:01:29.300Z,COLH-DEMO-01,true,-22.66738640,-47.80395370,3d,1.5,6.000,90.00,4.873,0.847,0.000,1867,58.42,86.39,420.49,17.827,14.23,27.25,58.84,false,true,false,false
2026-09-11T10:01:29.400Z,COLH-DEMO-01,true,-22.66738640,-47.80395208,3d,1.5,6.000,90.00,4.584,0.855,0.000,1867,58.41,86.39,420.48,17.824,14.23,27.25,58.84,false,true,false,false
2026-09-11T10:01:29.500Z,COLH-DEMO-01,true,-22.66738640,-47.80395046,3d,1.5,6.000,90.00,4.869,0.862,0.000,1867,58.40,86.39,420.47,17.822,14.23,27.25,58.84,false,true,false,false
2026-09-11T10:01:29.600Z,COLH-DEMO-01,true,-22.66738640,-47.80394883,3d,1.5,6.000,90.00,4.867,0.869,0.000,1867,58.39,86.39,420.46,17.820,14.23,27.25,58.84,false,true,false,false
2026-09-11T10:01:29.700Z,COLH-DEMO-01,true,-22.66738640,-47.80394721,3d,1.5,6.000,90.00,4.865,0.876,0.000,1867,58.38,86.39,420.45,17.818,14.23,27.25,58.84,false,true,false,false
2026-09-11T10:01:29.800Z,COLH-DEMO-01,true,-22.66738640,-47.80394559,3d,1.5,6.000,90.00,4.863,0.883,0.000,1868,58.37,86.39,420.44,17.816,14.23,27.25,58.84,false,true,false,false
2026-09-11T10:01:29.900Z,COLH-DEMO-01,true,-22.66738640,-47.80394397,3d,1.5,6.000,90.00,4.861,0.889,0.000,1868,58.37,86.39,420.43,17.813,14.23,27.25,58.84,false,true,false,false
2026-09-11T10:01:30.000Z,COLH-DEMO-01,true,-22.66738640,-47.80394234,3d,1.5,6.000,90.00,4.859,0.896,0.000,1868,58.36,86.39,420.42,17.811,14.23,27.25,58.84,false,true,false,false
2026-09-11T10:01:30.100Z,COLH-DEMO-01,true,-22.66738640,-47.80394072,3d,1.5,6.000,90.00,4.858,0.902,0.000,1868,58.35,86.39,420.41,17.809,14.23,27.25,58.84,false,true,false,false
2026-09-11T10:01:30.200Z,COLH-DEMO-01,true,-22.66738640,-47.80393910,3d,1.5,6.000,90.00,4.856,0.908,0.000,1868,58.34,86.39,420.40,17.807,14.23,27.25,58.84,false,true,false,false
2026-09-11T10:01:30.300Z,COLH-DEMO-01,true,-22.66738640,-47.80393747,3d,1.5,6.000,90.00,4.855,0.914,0.000,1868,58.34,86.39,420.39,17.805,14.23,27.25,58.84,false,true,false,false
2026-09-11T10:01:30.400Z,COLH-DEMO-01,true,-22.66738640,-47.80393585,3d,1.5,6.000,90.00,4.853,0.919,0.000,1869,58.33,86.39,420.38,17.803,14.23,27.25,58.84,false,true,false,false
2026-09-11T10:01:30.500Z,COLH-DEMO-01,true,-22.66738640,-47.80393423,3d,1.5,6.000,90.00,4.852,0.925,0.000,1869,58.32,86.39,420.37,17.800,14.23,27.25,58.84,false,true,false,false
2026-09-11T10:01:30.600Z,COLH-DEMO-01,true,-22.66738640,-47.80393261,3d,1.5,6.000,90.00,4.851,0.930,0.000,1869,58.31,86.38,420.36,17.798,14.23,27.25,58.85,false,true,false,false
2026-09-11T10:01:30.700Z,COLH-DEMO-01,true,-22.66738640,-47.80393098,3d,1.5,6.000,90.00,4.850,0.935,0.000,1869,58.31,86.38,420.35,17.796,14.23,27.25,58.85,false,true,false,false
2026-09-11T10:01:30.800Z,COLH-DEMO-01,true,-22.66738640,-47.80392936,3d,1.5,6.000,90.00,4.849,0.940,0.000,1869,58.30,86.38,420.34,17.794,14.23,27.25,58.85,false,true,false,false
2026-09-11T10:01:30.900Z,COLH-DEMO-01,true,-22.66738640,-47.80392774,3d,1.5,6.000,90.00,4.848,0.945,0.000,1870,58.29,86.38,420.33,17.792,14.23,27.25,58.85,false,true,false,false
2026-09-11T10:01:31.000Z,COLH-DEMO-01,true,-22.66738640,-47.80392612,3d,1.5,6.000,90.00,4.848,0.949,0.000,1870,58.28,86.38,420.32,17.790,14.23,27.25,58.85,false,true,false,false
2026-09-11T10:01:31.100Z,COLH-DEMO-01,true,-22.66738640,-47.80392449,3d,1.5,6.000,90.00,4.847,0.953,0.000,1870,58.28,86.38,420.31,17.787,14.23,27.25,58.85,false,true,false,false
2026-09-11T10:01:31.200Z,COLH-DEMO-01,true,-22.66738640,-47.80392287,3d,1.5,6.000,90.00,4.847,0.958,0.000,1870,58.27,86.38,420.30,17.785,14.23,27.25,58.85,false,true,false,false
2026-09-11T10:01:31.300Z,COLH-DEMO-01,true,-22.66738640,-47.80392125,3d,1.5,6.000,90.00,4.846,0.962,0.000,1870,58.26,86.38,420.29,17.783,14.23,27.25,58.85,false,true,false,false
2026-09-11T10:01:31.400Z,COLH-DEMO-01,true,-22.66738640,-47.80391963,3d,1.5,6.000,90.00,4.846,0.965,0.000,1870,58.26,86.38,420.28,17.781,14.23,27.25,58.85,false,true,false,false
2026-09-11T10:01:31.500Z,COLH-DEMO-01,true,-22.66738640,-47.80391800,3d,1.5,6.000,90.00,4.846,0.969,0.000,1871,58.25,86.38,420.27,17.779,14.23,27.26,58.85,false,true,false,false
2026-09-11T10:01:31.600Z,COLH-DEMO-01,true,-22.66738640,-47.80391638,3d,1.5,6.000,90.00,4.846,0.972,0.000,1871,58.24,86.38,420.26,17.777,14.23,27.26,58.85,false,true,false,false
2026-09-11T10:01:31.700Z,COLH-DEMO-01,true,-22.66738640,-47.80391476,3d,1.5,6.000,90.00,4.846,0.976,0.000,1871,58.24,86.38,420.25,17.774,14.23,27.26,58.85,false,true,false,false
2026-09-11T10:01:31.800Z,COLH-DEMO-01,true,-22.66738640,-47.80391314,3d,1.5,6.000,90.00,4.846,0.979,0.000,1871,58.23,86.37,420.24,17.772,14.23,27.26,58.85,false,true,false,false
2026-09-11T10:01:31.900Z,COLH-DEMO-01,true,-22.66738640,-47.80391151,3d,1.5,6.000,90.00,4.847,0.981,0.000,1871,58.22,86.37,420.23,17.770,14.23,27.26,58.85,false,true,false,false
2026-09-11T10:01:32.000Z,COLH-DEMO-01,true,-22.66738640,-47.80390989,3d,1.5,6.000,90.00,5.133,0.984,0.000,1871,58.22,86.37,420.22,17.768,14.23,27.26,58.85,false,true,false,false
2026-09-11T10:01:32.100Z,COLH-DEMO-01,true,-22.66738640,-47.80390827,3d,1.5,6.000,90.00,4.847,0.986,0.000,1872,58.21,86.37,420.21,17.766,14.23,27.26,58.85,false,true,false,false
2026-09-11T10:01:32.200Z,COLH-DEMO-01,true,-22.66738640,-47.80390665,3d,1.5,6.000,90.00,4.848,0.989,0.000,1872,58.21,86.37,420.20,17.764,14.23,27.26,58.85,false,true,false,false
2026-09-11T10:01:32.300Z,COLH-DEMO-01,true,-22.66738640,-47.80390502,3d,1.5,6.000,90.00,4.849,0.991,0.000,1872,58.20,86.37,420.19,17.762,14.23,27.26,58.86,false,true,false,false
2026-09-11T10:01:32.400Z,COLH-DEMO-01,true,-22.66738640,-47.80390340,3d,1.5,6.000,90.00,4.850,0.992,0.000,1872,58.19,86.37,420.18,17.760,14.23,27.26,58.86,false,true,false,false
2026-09-11T10:01:32.500Z,COLH-DEMO-01,true,-22.66738640,-47.80390178,3d,1.5,6.000,90.00,4.851,0.994,0.000,1872,58.19,86.37,420.17,17.757,14.23,27.26,58.86,false,true,false,false
2026-09-11T10:01:32.600Z,COLH-DEMO-01,true,-22.66738640,-47.80390016,3d,1.5,6.000,90.00,4.852,0.995,0.000,1872,58.18,86.37,420.16,17.755,14.23,27.26,58.86,false,true,false,false
2026-09-11T10:01:32.700Z,COLH-DEMO-01,true,-22.66738640,-47.80389853,3d,1.5,6.000,90.00,4.853,0.997,0.000,1872,58.18,86.37,420.15,17.753,14.23,27.26,58.86,false,true,false,false
2026-09-11T10:01:32.800Z,COLH-DEMO-01,true,-22.66738640,-47.80389691,3d,1.5,6.000,90.00,5.140,0.998,0.000,1873,58.17,86.37,420.14,17.751,14.23,27.26,58.86,false,true,false,false
2026-09-11T10:01:32.900Z,COLH-DEMO-01,true,-22.66738640,-47.80389529,3d,1.5,6.000,90.00,4.855,0.999,0.000,1873,58.17,86.37,420.13,17.749,14.23,27.26,58.86,false,true,false,false
2026-09-11T10:01:33.000Z,COLH-DEMO-01,true,-22.66738640,-47.80389367,3d,1.5,6.000,90.00,4.857,0.999,0.000,1873,58.16,86.36,420.12,17.747,14.23,27.26,58.86,false,true,false,false
2026-09-11T10:01:33.100Z,COLH-DEMO-01,true,-22.66738640,-47.80389204,3d,1.5,6.000,90.00,4.858,1.000,0.000,1873,58.15,86.36,420.11,17.745,14.23,27.26,58.86,false,true,false,false
2026-09-11T10:01:33.200Z,COLH-DEMO-01,true,-22.66738640,-47.80389042,3d,1.5,6.000,90.00,4.860,1.000,0.000,1873,58.15,86.36,420.10,17.743,14.23,27.26,58.86,false,true,false,false
2026-09-11T10:01:33.300Z,COLH-DEMO-01,true,-22.66738640,-47.80388880,3d,1.5,6.000,90.00,4.862,1.000,0.000,1873,58.14,86.36,420.09,17.741,14.23,27.26,58.86,false,true,false,false
2026-09-11T10:01:33.400Z,COLH-DEMO-01,true,-22.66738640,-47.80388718,3d,1.5,6.000,90.00,4.864,1.000,0.000,1874,58.14,86.36,420.08,17.739,14.23,27.26,58.86,false,true,false,false
2026-09-11T10:01:33.500Z,COLH-DEMO-01,true,-22.66738640,-47.80388555,3d,1.5,6.000,90.00,5.152,0.999,0.000,1874,58.13,86.36,420.07,17.737,14.23,27.26,58.86,false,true,false,false
2026-09-11T10:01:33.600Z,COLH-DEMO-01,true,-22.66738640,-47.80388393,3d,1.5,6.000,90.00,5.154,0.999,0.000,1874,58.13,86.36,420.06,17.734,14.23,27.26,58.86,false,true,false,false
2026-09-11T10:01:33.700Z,COLH-DEMO-01,true,-22.66738640,-47.80388231,3d,1.5,6.000,90.00,4.870,0.998,0.000,1874,58.12,86.36,420.05,17.732,14.23,27.26,58.86,false,true,false,false
2026-09-11T10:01:33.800Z,COLH-DEMO-01,true,-22.66738640,-47.80388069,3d,1.5,6.000,90.00,4.872,0.997,0.000,1874,58.12,86.36,420.04,17.730,14.23,27.26,58.86,false,true,false,false
2026-09-11T10:01:33.900Z,COLH-DEMO-01,true,-22.66738640,-47.80387906,3d,1.5,6.000,90.00,4.874,0.996,0.000,1874,58.12,86.36,420.03,17.728,14.23,27.26,58.86,false,true,false,false
2026-09-11T10:01:34.000Z,COLH-DEMO-01,true,-22.66738640,-47.80387744,3d,1.5,6.000,90.00,4.877,0.995,0.000,1874,58.11,86.36,420.02,17.726,14.23,27.26,58.86,false,true,false,false
2026-09-11T10:01:34.100Z,COLH-DEMO-01,true,-22.66738640,-47.80387582,3d,1.5,6.000,90.00,4.879,0.993,0.000,1874,58.11,86.35,420.01,17.724,14.23,27.26,58.87,false,true,false,false
2026-09-11T10:01:34.200Z,COLH-DEMO-01,true,-22.66738640,-47.80387420,3d,1.5,6.000,90.00,4.882,0.992,0.000,1875,58.10,86.35,420.00,17.722,14.23,27.26,58.87,false,true,false,false
2026-09-11T10:01:34.300Z,COLH-DEMO-01,true,-22.66738640,-47.80387257,3d,1.5,6.000,90.00,4.885,0.990,0.000,1875,58.10,86.35,419.99,17.720,14.23,27.26,58.87,false,true,false,false
2026-09-11T10:01:34.400Z,COLH-DEMO-01,true,-22.66738640,-47.80387095,3d,1.5,6.000,90.00,5.174,0.987,0.000,1875,58.09,86.35,419.98,17.718,14.23,27.26,58.87,false,true,false,false
2026-09-11T10:01:34.500Z,COLH-DEMO-01,true,-22.66738640,-47.80386933,3d,1.5,6.000,90.00,5.176,0.985,0.000,1875,58.09,86.35,419.97,17.716,14.23,27.26,58.87,false,true,false,false
2026-09-11T10:01:34.600Z,COLH-DEMO-01,true,-22.66738640,-47.80386770,3d,1.5,6.000,90.00,4.893,0.983,0.000,1875,58.09,86.35,419.96,17.714,14.23,27.26,58.87,false,true,false,false
2026-09-11T10:01:34.700Z,COLH-DEMO-01,true,-22.66738640,-47.80386608,3d,1.5,6.000,90.00,4.897,0.980,0.000,1875,58.08,86.35,419.95,17.712,14.23,27.26,58.87,false,true,false,false
2026-09-11T10:01:34.800Z,COLH-DEMO-01,true,-22.66738640,-47.80386446,3d,1.5,6.000,90.00,4.900,0.977,0.000,1875,58.08,86.35,419.94,17.710,14.23,27.26,58.87,false,true,false,false
2026-09-11T10:01:34.900Z,COLH-DEMO-01,true,-22.66738640,-47.80386284,3d,1.5,6.000,90.00,4.903,0.974,0.000,1876,58.07,86.35,419.93,17.708,14.23,27.26,58.87,false,true,false,false
2026-09-11T10:01:35.000Z,COLH-DEMO-01,true,-22.66738640,-47.80386121,3d,1.5,6.000,90.00,4.906,0.971,0.000,1876,58.07,86.35,419.92,17.706,14.23,27.26,58.87,false,true,false,false
2026-09-11T10:01:35.100Z,COLH-DEMO-01,true,-22.66738640,-47.80385959,3d,1.5,6.000,90.00,4.910,0.967,0.000,1876,58.07,86.35,419.91,17.704,14.23,27.26,58.87,false,true,false,false
2026-09-11T10:01:35.200Z,COLH-DEMO-01,true,-22.66738640,-47.80385797,3d,1.5,6.000,90.00,4.913,0.963,0.000,1876,58.06,86.35,419.90,17.702,14.23,27.26,58.87,false,true,false,false
2026-09-11T10:01:35.300Z,COLH-DEMO-01,true,-22.66738640,-47.80385635,3d,1.5,6.000,90.00,5.203,0.960,0.000,1876,58.06,86.34,419.89,17.700,14.23,27.26,58.87,false,true,false,false
2026-09-11T10:01:35.400Z,COLH-DEMO-01,true,-22.66738640,-47.80385472,3d,1.5,6.000,90.00,5.207,0.955,0.000,1876,58.06,86.34,419.88,17.698,14.23,27.26,58.87,false,true,false,false
2026-09-11T10:01:35.500Z,COLH-DEMO-01,true,-22.66738640,-47.80385310,3d,1.5,6.000,90.00,5.210,0.951,0.000,1876,58.05,86.34,419.87,17.696,14.23,27.26,58.87,false,true,false,false
2026-09-11T10:01:35.600Z,COLH-DEMO-01,true,-22.66738640,-47.80385148,3d,1.5,6.000,90.00,4.928,0.947,0.000,1876,58.05,86.34,419.86,17.694,14.23,27.26,58.87,false,true,false,false
2026-09-11T10:01:35.700Z,COLH-DEMO-01,true,-22.66738640,-47.80384986,3d,1.5,6.000,90.00,4.932,0.942,0.000,1876,58.05,86.34,419.85,17.692,14.23,27.26,58.87,false,true,false,false
2026-09-11T10:01:35.800Z,COLH-DEMO-01,true,-22.66738640,-47.80384823,3d,1.5,6.000,90.00,4.936,0.937,0.000,1877,58.05,86.34,419.84,17.690,14.23,27.26,58.87,false,true,false,false
2026-09-11T10:01:35.900Z,COLH-DEMO-01,true,-22.66738640,-47.80384661,3d,1.5,6.000,90.00,4.940,0.932,0.000,1877,58.04,86.34,419.83,17.688,14.23,27.26,58.88,false,true,false,false
2026-09-11T10:01:36.000Z,COLH-DEMO-01,true,-22.66738640,-47.80384499,3d,1.5,6.000,90.00,4.945,0.927,0.000,1877,58.04,86.34,419.82,17.686,14.23,27.26,58.88,false,true,false,false
2026-09-11T10:01:36.100Z,COLH-DEMO-01,true,-22.66738640,-47.80384337,3d,1.5,6.000,90.00,4.949,0.922,0.000,1877,58.04,86.34,419.81,17.684,14.23,27.26,58.88,false,true,false,false
2026-09-11T10:01:36.200Z,COLH-DEMO-01,true,-22.66738640,-47.80384174,3d,1.5,6.000,90.00,4.953,0.916,0.000,1877,58.03,86.34,419.80,17.682,14.23,27.26,58.88,false,true,false,false
2026-09-11T10:01:36.300Z,COLH-DEMO-01,true,-22.66738640,-47.80384012,3d,1.5,6.000,90.00,4.957,0.911,0.000,1877,58.03,86.33,419.79,17.680,14.23,27.26,58.88,false,true,false,false
2026-09-11T10:01:36.400Z,COLH-DEMO-01,true,-22.66738640,-47.80383850,3d,1.5,6.000,90.00,5.248,0.905,0.000,1877,58.03,86.33,419.78,17.678,14.23,27.26,58.88,false,true,false,false
2026-09-11T10:01:36.500Z,COLH-DEMO-01,true,-22.66738640,-47.80383688,3d,1.5,6.000,90.00,5.252,0.899,0.000,1877,58.03,86.33,419.77,17.676,14.23,27.26,58.88,false,true,false,false
2026-09-11T10:01:36.600Z,COLH-DEMO-01,true,-22.66738640,-47.80383525,3d,1.5,6.000,90.00,5.257,0.892,0.000,1877,58.03,86.33,419.77,17.674,14.23,27.26,58.88,false,true,false,false
2026-09-11T10:01:36.700Z,COLH-DEMO-01,true,-22.66738640,-47.80383363,3d,1.5,6.000,90.00,5.262,0.886,0.000,1877,58.02,86.33,419.76,17.672,14.23,27.26,58.88,false,true,false,false
2026-09-11T10:01:36.800Z,COLH-DEMO-01,true,-22.66738640,-47.80383201,3d,1.5,6.000,90.00,4.980,0.879,0.000,1878,58.02,86.33,419.75,17.670,14.23,27.26,58.88,false,true,false,false
2026-09-11T10:01:36.900Z,COLH-DEMO-01,true,-22.66738640,-47.80383039,3d,1.5,6.000,90.00,4.985,0.872,0.000,1878,58.02,86.33,419.74,17.669,14.23,27.26,58.88,false,true,false,false
2026-09-11T10:01:37.000Z,COLH-DEMO-01,true,-22.66738640,-47.80382876,3d,1.5,6.000,90.00,4.990,0.865,0.000,1878,58.02,86.33,419.73,17.667,14.23,27.26,58.88,false,true,false,false
2026-09-11T10:01:37.100Z,COLH-DEMO-01,true,-22.66738640,-47.80382714,3d,1.5,6.000,90.00,4.995,0.858,0.000,1878,58.02,86.33,419.72,17.665,14.23,27.26,58.88,false,true,false,false
2026-09-11T10:01:37.200Z,COLH-DEMO-01,true,-22.66738640,-47.80382552,3d,1.5,6.000,90.00,5.000,0.851,0.000,1878,58.01,86.33,419.71,17.663,14.23,27.26,58.88,false,true,false,false
2026-09-11T10:01:37.300Z,COLH-DEMO-01,true,-22.66738640,-47.80382390,3d,1.5,6.000,90.00,5.005,0.843,0.000,1878,58.01,86.33,419.70,17.661,14.23,27.26,58.88,false,true,false,false
2026-09-11T10:01:37.400Z,COLH-DEMO-01,true,-22.66738640,-47.80382227,3d,1.5,6.000,90.00,5.010,0.836,0.000,1878,58.01,86.32,419.69,17.659,14.23,27.26,58.88,false,true,false,false
2026-09-11T10:01:37.500Z,COLH-DEMO-01,true,-22.66738640,-47.80382065,3d,1.5,6.000,90.00,5.015,0.828,0.000,1878,58.01,86.32,419.68,17.657,14.23,27.27,58.88,false,true,false,false
2026-09-11T10:01:37.600Z,COLH-DEMO-01,true,-22.66738640,-47.80381903,3d,1.5,6.000,90.00,5.306,0.820,0.000,1878,58.01,86.32,419.67,17.655,14.23,27.27,58.88,false,true,false,false
2026-09-11T10:01:37.700Z,COLH-DEMO-01,true,-22.66738640,-47.80381741,3d,1.5,6.000,90.00,5.311,0.812,0.000,1878,58.01,86.32,419.66,17.653,14.23,27.27,58.88,false,true,false,false
2026-09-11T10:01:37.800Z,COLH-DEMO-01,true,-22.66738640,-47.80381578,3d,1.5,6.000,90.00,5.316,0.804,0.000,1878,58.01,86.32,419.65,17.651,14.23,27.27,58.89,false,true,false,false
2026-09-11T10:01:37.900Z,COLH-DEMO-01,true,-22.66738640,-47.80381416,3d,1.5,6.000,90.00,5.321,0.795,0.000,1878,58.01,86.32,419.64,17.650,14.23,27.27,58.89,false,true,false,false
2026-09-11T10:01:38.000Z,COLH-DEMO-01,true,-22.66738640,-47.80381254,3d,1.5,6.000,90.00,5.327,0.787,0.000,1879,58.00,86.32,419.63,17.648,14.23,27.27,58.89,false,true,false,false
2026-09-11T10:01:38.100Z,COLH-DEMO-01,true,-22.66738640,-47.80381092,3d,1.5,6.000,90.00,5.332,0.778,0.000,1879,58.00,86.32,419.62,17.646,14.23,27.27,58.89,false,true,false,false
2026-09-11T10:01:38.200Z,COLH-DEMO-01,true,-22.66738640,-47.80380929,3d,1.5,6.000,90.00,5.051,0.769,0.000,1879,58.00,86.32,419.61,17.644,14.23,27.27,58.89,false,true,false,false
2026-09-11T10:01:38.300Z,COLH-DEMO-01,true,-22.66738640,-47.80380767,3d,1.5,6.000,90.00,5.057,0.760,0.000,1879,58.00,86.32,419.60,17.642,14.23,27.27,58.89,false,true,false,false
2026-09-11T10:01:38.400Z,COLH-DEMO-01,true,-22.66738640,-47.80380605,3d,1.5,6.000,90.00,5.062,0.750,0.000,1879,58.00,86.32,419.59,17.640,14.23,27.27,58.89,false,true,false,false
2026-09-11T10:01:38.500Z,COLH-DEMO-01,true,-22.66738640,-47.80380443,3d,1.5,6.000,90.00,5.068,0.741,0.000,1879,58.00,86.31,419.58,17.638,14.23,27.27,58.89,false,true,false,false
2026-09-11T10:01:38.600Z,COLH-DEMO-01,true,-22.66738640,-47.80380280,3d,1.5,6.000,90.00,5.073,0.732,0.000,1879,58.00,86.31,419.57,17.637,14.23,27.27,58.89,false,true,false,false
2026-09-11T10:01:38.700Z,COLH-DEMO-01,true,-22.66738640,-47.80380118,3d,1.5,6.000,90.00,5.079,0.722,0.000,1879,58.00,86.31,419.56,17.635,14.23,27.27,58.89,false,true,false,false
2026-09-11T10:01:38.800Z,COLH-DEMO-01,true,-22.66738640,-47.80379956,3d,1.5,6.000,90.00,5.084,0.712,0.000,1879,58.00,86.31,419.55,17.633,14.23,27.27,58.89,false,true,false,false
2026-09-11T10:01:38.900Z,COLH-DEMO-01,true,-22.66738640,-47.80379793,3d,1.5,6.000,90.00,5.090,0.702,0.000,1879,58.00,86.31,419.54,17.631,14.23,27.27,58.89,false,true,false,false
2026-09-11T10:01:39.000Z,COLH-DEMO-01,true,-22.66738640,-47.80379631,3d,1.5,6.000,90.00,5.095,0.692,0.000,1879,58.00,86.31,419.53,17.629,14.23,27.27,58.89,false,true,false,false
2026-09-11T10:01:39.100Z,COLH-DEMO-01,true,-22.66738640,-47.80379469,3d,1.5,6.000,90.00,5.101,0.682,0.000,1879,58.00,86.31,419.52,17.627,14.23,27.27,58.89,false,true,false,false
2026-09-11T10:01:39.200Z,COLH-DEMO-01,true,-22.66738640,-47.80379307,3d,1.5,6.000,90.00,5.106,0.671,0.000,1879,58.00,86.31,419.51,17.626,14.23,27.27,58.89,false,true,false,false
2026-09-11T10:01:39.300Z,COLH-DEMO-01,true,-22.66738640,-47.80379144,3d,1.5,6.000,90.00,5.398,0.661,0.000,1879,58.00,86.31,419.50,17.624,14.23,27.27,58.89,false,true,false,false
2026-09-11T10:01:39.400Z,COLH-DEMO-01,true,-22.66738640,-47.80378982,3d,1.5,6.000,90.00,5.404,0.650,0.000,1879,58.00,86.31,419.49,17.622,14.23,27.27,58.89,false,true,false,false
2026-09-11T10:01:39.500Z,COLH-DEMO-01,true,-22.66738640,-47.80378820,3d,1.5,6.000,90.00,5.409,0.640,0.000,1879,58.00,86.30,419.48,17.620,14.23,27.27,58.89,false,true,false,false
2026-09-11T10:01:39.600Z,COLH-DEMO-01,true,-22.66738640,-47.80378658,3d,1.5,6.000,90.00,5.415,0.629,0.000,1879,58.00,86.30,419.47,17.618,14.23,27.27,58.89,false,true,false,false
2026-09-11T10:01:39.700Z,COLH-DEMO-01,true,-22.66738640,-47.80378495,3d,1.5,6.000,90.00,5.421,0.618,0.000,1879,58.00,86.30,419.46,17.617,14.23,27.27,58.89,false,true,false,false
2026-09-11T10:01:39.800Z,COLH-DEMO-01,true,-22.66738640,-47.80378333,3d,1.5,6.000,90.00,5.426,0.606,0.000,1880,58.00,86.30,419.45,17.615,14.23,27.27,58.90,false,true,false,false
2026-09-11T10:01:39.900Z,COLH-DEMO-01,true,-22.66738640,-47.80378171,3d,1.5,6.000,90.00,5.432,0.595,0.000,1880,58.00,86.30,419.44,17.613,14.23,27.27,58.90,false,true,false,false
2026-09-11T10:01:40.000Z,COLH-DEMO-01,true,-22.66738640,-47.80378009,3d,1.5,6.000,90.00,5.438,0.584,0.000,1880,58.00,86.30,419.43,17.611,14.23,27.27,58.90,false,true,false,false
2026-09-11T10:01:40.100Z,COLH-DEMO-01,true,-22.66738640,-47.80377846,3d,1.5,6.000,90.00,5.443,0.572,0.000,1880,58.01,86.30,419.42,17.610,14.23,27.27,58.90,false,true,false,false
2026-09-11T10:01:40.200Z,COLH-DEMO-01,true,-22.66738640,-47.80377684,3d,1.5,6.000,90.00,5.449,0.561,0.000,1880,58.01,86.30,419.41,17.608,14.23,27.27,58.90,false,true,false,false
2026-09-11T10:01:40.300Z,COLH-DEMO-01,true,-22.66738640,-47.80377522,3d,1.5,6.000,90.00,5.454,0.549,0.000,1880,58.01,86.30,419.40,17.606,14.23,27.27,58.90,false,true,false,false
2026-09-11T10:01:40.400Z,COLH-DEMO-01,true,-22.66738640,-47.80377360,3d,1.5,6.000,90.00,5.174,0.537,0.000,1880,58.01,86.30,419.39,17.604,14.23,27.27,58.90,false,true,false,false
2026-09-11T10:01:40.500Z,COLH-DEMO-01,true,-22.66738640,-47.80377197,3d,1.5,6.000,90.00,5.180,0.525,0.000,1880,58.01,86.29,419.38,17.603,14.23,27.27,58.90,false,true,false,false
2026-09-11T10:01:40.600Z,COLH-DEMO-01,true,-22.66738640,-47.80377035,3d,1.5,6.000,90.00,5.185,0.513,0.000,1880,58.01,86.29,419.37,17.601,14.23,27.27,58.90,false,true,false,false
2026-09-11T10:01:40.700Z,COLH-DEMO-01,true,-22.66738640,-47.80376873,3d,1.5,6.000,90.00,5.191,0.501,0.000,1880,58.01,86.29,419.36,17.599,14.23,27.27,58.90,false,true,false,false
2026-09-11T10:01:40.800Z,COLH-DEMO-01,true,-22.66738640,-47.80376711,3d,1.5,6.000,90.00,5.197,0.489,0.000,1880,58.02,86.29,419.35,17.598,14.23,27.27,58.90,false,true,false,false
2026-09-11T10:01:40.900Z,COLH-DEMO-01,true,-22.66738640,-47.80376548,3d,1.5,6.000,90.00,5.202,0.477,0.000,1880,58.02,86.29,419.34,17.596,14.23,27.27,58.90,false,true,false,false
2026-09-11T10:01:41.000Z,COLH-DEMO-01,true,-22.66738640,-47.80376386,3d,1.5,6.000,90.00,5.208,0.464,0.000,1880,58.02,86.29,419.33,17.594,14.23,27.27,58.90,false,true,false,false
2026-09-11T10:01:41.100Z,COLH-DEMO-01,true,-22.66738640,-47.80376224,3d,1.5,6.000,90.00,5.213,0.452,0.000,1880,58.02,86.29,419.32,17.592,14.23,27.27,58.90,false,true,false,false
2026-09-11T10:01:41.200Z,COLH-DEMO-01,true,-22.66738640,-47.80376062,3d,1.5,6.000,90.00,5.219,0.439,0.000,1880,58.02,86.29,419.31,17.591,14.23,27.27,58.90,false,true,false,false
2026-09-11T10:01:41.300Z,COLH-DEMO-01,true,-22.66738640,-47.80375899,3d,1.5,6.000,90.00,5.224,0.426,0.000,1880,58.02,86.29,419.30,17.589,14.23,27.27,58.90,false,true,false,false
2026-09-11T10:01:41.400Z,COLH-DEMO-01,true,-22.66738640,-47.80375737,3d,1.5,6.000,90.00,5.230,0.413,0.000,1880,58.03,86.29,419.29,17.587,14.23,27.27,58.90,false,true,false,false
2026-09-11T10:01:41.500Z,COLH-DEMO-01,true,-22.66738640,-47.80375575,3d,1.5,6.000,90.00,5.235,0.401,0.000,1880,58.03,86.28,419.28,17.586,14.23,27.27,58.90,false,true,false,false
2026-09-11T10:01:41.600Z,COLH-DEMO-01,true,-22.66738640,-47.80375413,3d,1.5,6.000,90.00,5.240,0.388,0.000,1880,58.03,86.28,419.27,17.584,14.23,27.27,58.90,false,true,false,false
2026-09-11T10:01:41.700Z,COLH-DEMO-01,true,-22.66738640,-47.80375250,3d,1.5,6.000,90.00,5.246,0.375,0.000,1880,58.03,86.28,419.26,17.582,14.23,27.27,58.90,false,true,false,false
2026-09-11T10:01:41.800Z,COLH-DEMO-01,true,-22.66738640,-47.80375088,3d,1.5,6.000,90.00,5.251,0.362,0.000,1880,58.04,86.28,419.25,17.581,14.23,27.27,58.90,false,true,false,false
2026-09-11T10:01:41.900Z,COLH-DEMO-01,true,-22.66738640,-47.80374926,3d,1.5,6.000,90.00,5.256,0.348,0.000,1880,58.04,86.28,419.24,17.579,14.23,27.27,58.91,false,true,false,false
2026-09-11T10:01:42.000Z,COLH-DEMO-01,true,-22.66738640,-47.80374764,3d,1.5,6.000,90.00,5.262,0.335,0.000,1880,58.04,86.28,419.23,17.577,14.23,27.27,58.91,false,true,false,false
2026-09-11T10:01:42.100Z,COLH-DEMO-01,true,-22.66738640,-47.80374601,3d,1.5,6.000,90.00,5.267,0.322,0.000,1880,58.04,86.28,419.22,17.576,14.23,27.27,58.91,false,true,false,false
2026-09-11T10:01:42.200Z,COLH-DEMO-01,true,-22.66738640,-47.80374439,3d,1.5,6.000,90.00,5.272,0.308,0.000,1880,58.05,86.28,419.21,17.574,14.23,27.27,58.91,false,true,false,false
2026-09-11T10:01:42.300Z,COLH-DEMO-01,true,-22.66738640,-47.80374277,3d,1.5,6.000,90.00,5.277,0.295,0.000,1880,58.05,86.28,419.20,17.573,14.23,27.27,58.91,false,true,false,false
2026-09-11T10:01:42.400Z,COLH-DEMO-01,true,-22.66738640,-47.80374115,3d,1.5,6.000,90.00,5.282,0.282,0.000,1880,58.05,86.27,419.19,17.571,14.23,27.27,58.91,false,true,false,false
2026-09-11T10:01:42.500Z,COLH-DEMO-01,true,-22.66738640,-47.80373952,3d,1.5,6.000,90.00,5.287,0.268,0.000,1880,58.06,86.27,419.19,17.569,14.23,27.27,58.91,false,true,false,false
2026-09-11T10:01:42.600Z,COLH-DEMO-01,true,-22.66738640,-47.80373790,3d,1.5,6.000,90.00,5.292,0.254,0.000,1880,58.06,86.27,419.18,17.568,14.23,27.27,58.91,false,true,false,false
2026-09-11T10:01:42.700Z,COLH-DEMO-01,true,-22.66738640,-47.80373628,3d,1.5,6.000,90.00,5.297,0.241,0.000,1880,58.06,86.27,419.17,17.566,14.23,27.27,58.91,false,true,false,false
2026-09-11T10:01:42.800Z,COLH-DEMO-01,true,-22.66738640,-47.80373465,3d,1.5,6.000,90.00,5.302,0.227,0.000,1880,58.07,86.27,419.16,17.564,14.23,27.27,58.91,false,true,false,false
2026-09-11T10:01:42.900Z,COLH-DEMO-01,true,-22.66738640,-47.80373303,3d,1.5,6.000,90.00,5.307,0.213,0.000,1880,58.07,86.27,419.15,17.563,14.23,27.27,58.91,false,true,false,false
2026-09-11T10:01:43.000Z,COLH-DEMO-01,true,-22.66738640,-47.80373141,3d,1.5,6.000,90.00,5.312,0.200,0.000,1880,58.07,86.27,419.14,17.561,14.23,27.27,58.91,false,true,false,false
2026-09-11T10:01:43.100Z,COLH-DEMO-01,true,-22.66738640,-47.80372979,3d,1.5,6.000,90.00,5.316,0.186,0.000,1880,58.08,86.27,419.13,17.560,14.23,27.27,58.91,false,true,false,false
2026-09-11T10:01:43.200Z,COLH-DEMO-01,true,-22.66738640,-47.80372816,3d,1.5,6.000,90.00,5.321,0.172,0.000,1880,58.08,86.27,419.12,17.558,14.23,27.27,58.91,false,true,false,false
2026-09-11T10:01:43.300Z,COLH-DEMO-01,true,-22.66738640,-47.80372654,3d,1.5,6.000,90.00,5.325,0.158,0.000,1880,58.09,86.27,419.11,17.557,14.23,27.27,58.91,false,true,false,false
2026-09-11T10:01:43.400Z,COLH-DEMO-01,true,-22.66738640,-47.80372492,3d,1.5,6.000,90.00,5.330,0.144,0.000,1880,58.09,86.26,419.10,17.555,14.23,27.27,58.91,false,true,false,false
2026-09-11T10:01:43.500Z,COLH-DEMO-01,true,-22.66738640,-47.80372330,3d,1.5,6.000,90.00,5.334,0.130,0.000,1880,58.09,86.26,419.09,17.554,14.23,27.27,58.91,false,true,false,false
2026-09-11T10:01:43.600Z,COLH-DEMO-01,true,-22.66738640,-47.80372167,3d,1.5,6.000,90.00,5.339,0.116,0.000,1880,58.10,86.26,419.08,17.552,14.23,27.27,58.91,false,true,false,false
2026-09-11T10:01:43.700Z,COLH-DEMO-01,true,-22.66738640,-47.80372005,3d,1.5,6.000,90.00,5.343,0.102,0.000,1880,58.10,86.26,419.07,17.550,14.23,27.27,58.91,false,true,false,false
2026-09-11T10:01:43.800Z,COLH-DEMO-01,true,-22.66738640,-47.80371843,3d,1.5,6.000,90.00,5.347,0.088,0.000,1880,58.11,86.26,419.06,17.549,14.23,27.27,58.91,false,true,false,false
2026-09-11T10:01:43.900Z,COLH-DEMO-01,true,-22.66738640,-47.80371681,3d,1.5,6.000,90.00,5.351,0.074,0.000,1880,58.11,86.26,419.05,17.547,14.23,27.27,58.91,false,true,false,false
2026-09-11T10:01:44.000Z,COLH-DEMO-01,true,-22.66738640,-47.80371518,3d,1.5,6.000,90.00,5.356,0.060,0.000,1880,58.11,86.26,419.04,17.546,14.23,27.27,58.92,false,true,false,false
2026-09-11T10:01:44.100Z,COLH-DEMO-01,true,-22.66738640,-47.80371356,3d,1.5,6.000,90.00,5.360,0.046,0.000,1880,58.12,86.26,419.03,17.544,14.23,27.27,58.92,false,true,false,false
2026-09-11T10:01:44.200Z,COLH-DEMO-01,true,-22.66738640,-47.80371194,3d,1.5,6.000,90.00,5.363,0.032,0.000,1880,58.12,86.26,419.02,17.543,14.23,27.27,58.92,false,true,false,false
2026-09-11T10:01:44.300Z,COLH-DEMO-01,true,-22.66738640,-47.80371032,3d,1.5,6.000,90.00,5.367,0.018,0.000,1880,58.13,86.25,419.01,17.541,14.23,27.27,58.92,false,true,false,false
2026-09-11T10:01:44.400Z,COLH-DEMO-01,true,-22.66738640,-47.80370869,3d,1.5,6.000,90.00,5.657,0.004,0.000,1880,58.13,86.25,419.00,17.540,14.23,27.28,58.92,false,true,false,false
2026-09-11T10:01:44.500Z,COLH-DEMO-01,true,-22.66738640,-47.80370707,3d,1.5,6.000,90.00,5.661,-0.010,0.000,1879,58.14,86.25,418.99,17.538,14.23,27.28,58.92,false,true,false,false
2026-09-11T10:01:44.600Z,COLH-DEMO-01,true,-22.66738640,-47.80370545,3d,1.5,6.000,90.00,5.664,-0.024,0.000,1879,58.14,86.25,418.99,17.537,14.23,27.28,58.92,false,true,false,false
2026-09-11T10:01:44.700Z,COLH-DEMO-01,true,-22.66738640,-47.80370383,3d,1.5,6.000,90.00,5.668,-0.039,0.000,1879,58.15,86.25,418.98,17.536,14.23,27.28,58.92,false,true,false,false
2026-09-11T10:01:44.800Z,COLH-DEMO-01,true,-22.66738640,-47.80370220,3d,1.5,6.000,90.00,5.671,-0.053,0.000,1879,58.15,86.25,418.97,17.534,14.23,27.28,58.92,false,true,false,false
2026-09-11T10:01:44.900Z,COLH-DEMO-01,true,-22.66738640,-47.80370058,3d,1.5,6.000,90.00,5.675,-0.067,0.000,1879,58.16,86.25,418.96,17.533,14.23,27.28,58.92,false,true,false,false
2026-09-11T10:01:45.000Z,COLH-DEMO-01,true,-22.66738640,-47.80369896,3d,1.5,6.000,90.00,5.678,-0.081,0.000,1879,58.16,86.25,418.95,17.531,14.23,27.28,58.92,false,true,false,false
2026-09-11T10:01:45.100Z,COLH-DEMO-01,true,-22.66738640,-47.80369734,3d,1.5,6.000,90.00,5.681,-0.095,0.000,1879,58.17,86.25,418.94,17.530,14.23,27.28,58.92,false,true,false,false
2026-09-11T10:01:45.200Z,COLH-DEMO-01,true,-22.66738640,-47.80369571,3d,1.5,6.000,90.00,5.684,-0.109,0.000,1879,58.18,86.24,418.93,17.528,14.23,27.28,58.92,false,true,false,false
2026-09-11T10:01:45.300Z,COLH-DEMO-01,true,-22.66738640,-47.80369409,3d,1.5,6.000,90.00,5.687,-0.123,0.000,1879,58.18,86.24,418.92,17.527,14.23,27.28,58.92,false,true,false,false
2026-09-11T10:01:45.400Z,COLH-DEMO-01,true,-22.66738640,-47.80369247,3d,1.5,6.000,90.00,5.690,-0.137,0.000,1879,58.19,86.24,418.91,17.525,14.23,27.28,58.92,false,true,false,false
2026-09-11T10:01:45.500Z,COLH-DEMO-01,true,-22.66738640,-47.80369085,3d,1.5,6.000,90.00,5.693,-0.151,0.000,1879,58.19,86.24,418.90,17.524,14.23,27.28,58.92,false,true,false,false
2026-09-11T10:01:45.600Z,COLH-DEMO-01,true,-22.66738640,-47.80368922,3d,1.5,6.000,90.00,5.410,-0.165,0.000,1879,58.20,86.24,418.89,17.523,14.23,27.28,58.92,false,true,false,false
2026-09-11T10:01:45.700Z,COLH-DEMO-01,true,-22.66738640,-47.80368760,3d,1.5,6.000,90.00,5.413,-0.178,0.000,1879,58.20,86.24,418.88,17.521,14.23,27.28,58.92,false,true,false,false
2026-09-11T10:01:45.800Z,COLH-DEMO-01,true,-22.66738640,-47.80368598,3d,1.5,6.000,90.00,5.415,-0.192,0.000,1879,58.21,86.24,418.87,17.520,14.23,27.28,58.92,false,true,false,false
2026-09-11T10:01:45.900Z,COLH-DEMO-01,true,-22.66738640,-47.80368436,3d,1.5,6.000,90.00,5.418,-0.206,0.000,1879,58.22,86.24,418.86,17.518,14.23,27.28,58.92,false,true,false,false
2026-09-11T10:01:46.000Z,COLH-DEMO-01,true,-22.66738640,-47.80368273,3d,1.5,6.000,90.00,5.420,-0.220,0.000,1879,58.22,86.24,418.85,17.517,14.23,27.28,58.92,false,true,false,false
2026-09-11T10:01:46.100Z,COLH-DEMO-01,true,-22.66738640,-47.80368111,3d,1.5,6.000,90.00,5.422,-0.234,0.000,1879,58.23,86.23,418.85,17.516,14.23,27.28,58.92,false,true,false,false
2026-09-11T10:01:46.200Z,COLH-DEMO-01,true,-22.66738640,-47.80367949,3d,1.5,6.000,90.00,5.424,-0.247,0.000,1879,58.24,86.23,418.84,17.514,14.23,27.28,58.92,false,true,false,false
2026-09-11T10:01:46.300Z,COLH-DEMO-01,true,-22.66738640,-47.80367787,3d,1.5,6.000,90.00,5.426,-0.261,0.000,1878,58.24,86.23,418.83,17.513,14.23,27.28,58.93,false,true,false,false
2026-09-11T10:01:46.400Z,COLH-DEMO-01,true,-22.66738640,-47.80367624,3d,1.5,6.000,90.00,5.428,-0.274,0.000,1878,58.25,86.23,418.82,17.512,14.23,27.28,58.93,false,true,false,false
2026-09-11T10:01:46.500Z,COLH-DEMO-01,true,-22.66738640,-47.80367462,3d,1.5,6.000,90.00,5.430,-0.288,0.000,1878,58.26,86.23,418.81,17.510,14.23,27.28,58.93,false,true,false,false
2026-09-11T10:01:46.600Z,COLH-DEMO-01,true,-22.66738640,-47.80367300,3d,1.5,6.000,90.00,5.432,-0.301,0.000,1878,58.26,86.23,418.80,17.509,14.23,27.28,58.93,false,true,false,false
2026-09-11T10:01:46.700Z,COLH-DEMO-01,true,-22.66738640,-47.80367138,3d,1.5,6.000,90.00,5.720,-0.315,0.000,1878,58.27,86.23,418.79,17.508,14.23,27.28,58.93,false,true,false,false
2026-09-11T10:01:46.800Z,COLH-DEMO-01,true,-22.66738640,-47.80366975,3d,1.5,6.000,90.00,5.721,-0.328,0.000,1878,58.28,86.23,418.78,17.506,14.23,27.28,58.93,false,true,false,false
2026-09-11T10:01:46.900Z,COLH-DEMO-01,true,-22.66738640,-47.80366813,3d,1.5,6.000,90.00,5.723,-0.341,0.000,1878,58.28,86.23,418.77,17.505,14.23,27.28,58.93,false,true,false,false
2026-09-11T10:01:47.000Z,COLH-DEMO-01,true,-22.66738640,-47.80366651,3d,1.5,6.000,90.00,5.724,-0.355,0.000,1878,58.29,86.22,418.76,17.504,14.23,27.28,58.93,false,true,false,false
2026-09-11T10:01:47.100Z,COLH-DEMO-01,true,-22.66738640,-47.80366488,3d,1.5,6.000,90.00,5.725,-0.368,0.000,1878,58.30,86.22,418.75,17.502,14.23,27.28,58.93,false,true,false,false
2026-09-11T10:01:47.200Z,COLH-DEMO-01,true,-22.66738640,-47.80366326,3d,1.5,6.000,90.00,5.726,-0.381,0.000,1878,58.30,86.22,418.74,17.501,14.23,27.28,58.93,false,true,false,false
2026-09-11T10:01:47.300Z,COLH-DEMO-01,true,-22.66738640,-47.80366164,3d,1.5,6.000,90.00,5.441,-0.394,0.000,1878,58.31,86.22,418.74,17.500,14.23,27.28,58.93,false,true,false,false
2026-09-11T10:01:47.400Z,COLH-DEMO-01,true,-22.66738640,-47.80366002,3d,1.5,6.000,90.00,5.442,-0.407,0.000,1878,58.32,86.22,418.73,17.499,14.23,27.28,58.93,false,true,false,false
2026-09-11T10:01:47.500Z,COLH-DEMO-01,true,-22.66738640,-47.80365839,3d,1.5,6.000,90.00,5.443,-0.419,0.000,1877,58.33,86.22,418.72,17.497,14.23,27.28,58.93,false,true,false,false
2026-09-11T10:01:47.600Z,COLH-DEMO-01,true,-22.66738640,-47.80365677,3d,1.5,6.000,90.00,5.444,-0.432,0.000,1877,58.33,86.22,418.71,17.496,14.23,27.28,58.93,false,true,false,false
2026-09-11T10:01:47.700Z,COLH-DEMO-01,true,-22.66738640,-47.80365515,3d,1.5,6.000,90.00,5.445,-0.445,0.000,1877,58.34,86.22,418.70,17.495,14.23,27.28,58.93,false,true,false,false
2026-09-11T10:01:47.800Z,COLH-DEMO-01,true,-22.66738640,-47.80365353,3d,1.5,6.000,90.00,5.445,-0.457,0.000,1877,58.35,86.22,418.69,17.494,14.23,27.28,58.93,false,true,false,false
2026-09-11T10:01:47.900Z,COLH-DEMO-01,true,-22.66738640,-47.80365190,3d,1.5,6.000,90.00,5.445,-0.470,0.000,1877,58.36,86.21,418.68,17.492,14.22,27.28,58.93,false,true,false,false
2026-09-11T10:01:48.000Z,COLH-DEMO-01,true,-22.66738640,-47.80365028,3d,1.5,6.000,90.00,5.446,-0.482,0.000,1877,58.36,86.21,418.67,17.491,14.22,27.28,58.93,false,true,false,false
2026-09-11T10:01:48.100Z,COLH-DEMO-01,true,-22.66738640,-47.80364866,3d,1.5,6.000,90.00,5.732,-0.495,0.000,1877,58.37,86.21,418.66,17.490,14.22,27.28,58.93,false,true,false,false
2026-09-11T10:01:48.200Z,COLH-DEMO-01,true,-22.66738640,-47.80364704,3d,1.5,6.000,90.00,5.446,-0.507,0.000,1877,58.38,86.21,418.65,17.489,14.22,27.28,58.93,false,true,false,false
2026-09-11T10:01:48.300Z,COLH-DEMO-01,true,-22.66738640,-47.80364541,3d,1.5,6.000,90.00,5.732,-0.519,0.000,1877,58.39,86.21,418.65,17.488,14.22,27.28,58.93,false,true,false,false
2026-09-11T10:01:48.400Z,COLH-DEMO-01,true,-22.66738640,-47.80364379,3d,1.5,6.000,90.00,5.732,-0.531,0.000,1877,58.40,86.21,418.64,17.486,14.22,27.28,58.93,false,true,false,false
2026-09-11T10:01:48.500Z,COLH-DEMO-01,true,-22.66738640,-47.80364217,3d,1.5,6.000,90.00,5.732,-0.543,0.000,1876,58.41,86.21,418.63,17.485,14.22,27.28,58.93,false,true,false,false
2026-09-11T10:01:48.600Z,COLH-DEMO-01,true,-22.66738640,-47.80364055,3d,1.5,6.000,90.00,5.731,-0.555,0.000,1876,58.41,86.21,418.62,17.484,14.22,27.28,58.93,false,true,false,false
2026-09-11T10:01:48.700Z,COLH-DEMO-01,true,-22.66738640,-47.80363892,3d,1.5,6.000,90.00,5.731,-0.566,0.000,1876,58.42,86.21,418.61,17.483,14.22,27.28,58.93,false,true,false,false
2026-09-11T10:01:48.800Z,COLH-DEMO-01,true,-22.66738640,-47.80363730,3d,1.5,6.000,90.00,5.730,-0.578,0.000,1876,58.43,86.20,418.60,17.482,14.22,27.28,58.94,false,true,false,false
2026-09-11T10:01:48.900Z,COLH-DEMO-01,true,-22.66738640,-47.80363568,3d,1.5,6.000,90.00,5.730,-0.589,0.000,1876,58.44,86.20,418.59,17.480,14.22,27.28,58.94,false,true,false,false
2026-09-11T10:01:49.000Z,COLH-DEMO-01,true,-22.66738640,-47.80363406,3d,1.5,6.000,90.00,6.015,-0.601,0.000,1876,58.45,86.20,418.58,17.479,14.22,27.28,58.94,false,true,false,false
2026-09-11T10:01:49.100Z,COLH-DEMO-01,true,-22.66738640,-47.80363243,3d,1.5,6.000,90.00,5.728,-0.612,0.000,1876,58.46,86.20,418.57,17.478,14.22,27.28,58.94,false,true,false,false
2026-09-11T10:01:49.200Z,COLH-DEMO-01,true,-22.66738640,-47.80363081,3d,1.5,6.000,90.00,6.013,-0.623,0.000,1876,58.47,86.20,418.57,17.477,14.22,27.28,58.94,false,true,false,false
2026-09-11T10:01:49.300Z,COLH-DEMO-01,true,-22.66738640,-47.80362919,3d,1.5,6.000,90.00,6.012,-0.634,0.000,1876,58.48,86.20,418.56,17.476,14.22,27.28,58.94,false,true,false,false
2026-09-11T10:01:49.400Z,COLH-DEMO-01,true,-22.66738640,-47.80362757,3d,1.5,6.000,90.00,6.011,-0.645,0.000,1875,58.48,86.20,418.55,17.475,14.22,27.28,58.94,false,true,false,false
2026-09-11T10:01:49.500Z,COLH-DEMO-01,true,-22.66738640,-47.80362594,3d,1.5,6.000,90.00,6.296,-0.655,0.000,1875,58.49,86.20,418.54,17.474,14.22,27.28,58.94,false,true,false,false
2026-09-11T10:01:49.600Z,COLH-DEMO-01,true,-22.66738640,-47.80362432,3d,1.5,6.000,90.00,6.295,-0.666,0.000,1875,58.50,86.20,418.53,17.473,14.22,27.28,58.94,false,true,false,false
2026-09-11T10:01:49.700Z,COLH-DEMO-01,true,-22.66738640,-47.80362270,3d,1.5,6.000,90.00,6.294,-0.676,0.000,1875,58.51,86.19,418.52,17.471,14.22,27.28,58.94,false,true,false,false
2026-09-11T10:01:49.800Z,COLH-DEMO-01,true,-22.66738640,-47.80362108,3d,1.5,6.000,90.00,6.578,-0.687,0.000,1875,58.52,86.19,418.51,17.470,14.22,27.28,58.94,false,true,false,false
2026-09-11T10:01:49.900Z,COLH-DEMO-01,true,-22.66738640,-47.80361945,3d,1.5,6.000,90.00,6.862,-0.697,0.000,1875,58.53,86.19,418.50,17.469,14.22,27.28,58.94,false,true,false,false
2026-09-11T10:01:50.000Z,COLH-DEMO-01,true,-22.66738640,-47.80361783,3d,1.5,6.000,90.00,6.860,-0.707,0.000,1875,58.54,86.19,418.50,17.468,14.22,27.28,58.94,false,true,false,false
2026-09-11T10:01:50.100Z,COLH-DEMO-01,true,-22.66738640,-47.80361621,3d,1.5,6.000,90.00,7.143,-0.717,0.000,1874,58.55,86.19,418.49,17.467,14.22,27.28,58.94,false,true,false,false
2026-09-11T10:01:50.200Z,COLH-DEMO-01,true,-22.66738640,-47.80361459,3d,1.5,6.000,90.00,6.856,-0.726,0.000,1874,58.56,86.19,418.48,17.466,14.22,27.28,58.94,false,true,false,false
2026-09-11T10:01:50.300Z,COLH-DEMO-01,true,-22.66738640,-47.80361296,3d,1.5,6.000,90.00,7.139,-0.736,0.000,1874,58.57,86.19,418.47,17.465,14.22,27.28,58.94,false,true,false,false
2026-09-11T10:01:50.400Z,COLH-DEMO-01,true,-22.66738640,-47.80361134,3d,1.5,6.000,90.00,7.137,-0.746,0.000,1874,58.58,86.19,418.46,17.464,14.22,27.28,58.94,false,true,false,false
2026-09-11T10:01:50.500Z,COLH-DEMO-01,true,-22.66738640,-47.80360972,3d,1.5,6.000,90.00,7.421,-0.755,0.000,1874,58.59,86.19,418.45,17.463,14.22,27.28,58.94,false,true,false,false
2026-09-11T10:01:50.600Z,COLH-DEMO-01,true,-22.66738640,-47.80360810,3d,1.5,6.000,90.00,7.704,-0.764,0.000,1874,58.60,86.18,418.44,17.462,14.22,27.28,58.94,false,true,false,false
2026-09-11T10:01:50.700Z,COLH-DEMO-01,true,-22.66738640,-47.80360647,3d,1.5,6.000,90.00,7.702,-0.773,0.000,1874,58.61,86.18,418.44,17.461,14.22,27.28,58.94,false,true,false,false
2026-09-11T10:01:50.800Z,COLH-DEMO-01,true,-22.66738640,-47.80360485,3d,1.5,6.000,90.00,7.699,-0.782,0.000,1874,58.62,86.18,418.43,17.460,14.22,27.28,58.94,false,true,false,false
2026-09-11T10:01:50.900Z,COLH-DEMO-01,true,-22.66738640,-47.80360323,3d,1.5,6.000,90.00,7.982,-0.791,0.000,1873,58.63,86.18,418.42,17.459,14.22,27.28,58.94,false,true,false,false
2026-09-11T10:01:51.000Z,COLH-DEMO-01,true,-22.66738640,-47.80360161,3d,1.5,6.000,90.00,8.264,-0.799,0.000,1873,58.64,86.18,418.41,17.458,14.22,27.28,58.94,false,true,false,false
2026-09-11T10:01:51.100Z,COLH-DEMO-01,true,-22.66738640,-47.80359998,3d,1.5,6.000,90.00,8.261,-0.808,0.000,1873,58.65,86.18,418.40,17.457,14.22,27.28,58.94,false,true,false,false
2026-09-11T10:01:51.200Z,COLH-DEMO-01,true,-22.66738640,-47.80359836,3d,1.5,6.000,90.00,8.543,-0.816,0.000,1873,58.66,86.18,418.39,17.456,14.22,27.28,58.94,false,true,false,false
2026-09-11T10:01:51.300Z,COLH-DEMO-01,true,-22.66738640,-47.80359674,3d,1.5,6.000,90.00,8.540,-0.824,0.000,1873,58.67,86.18,418.39,17.455,14.22,27.28,58.94,false,true,false,false
2026-09-11T10:01:51.400Z,COLH-DEMO-01,true,-22.66738640,-47.80359511,3d,1.5,6.000,90.00,8.822,-0.832,0.000,1873,58.68,86.17,418.38,17.454,14.22,27.28,58.95,false,true,false,false
2026-09-11T10:01:51.500Z,COLH-DEMO-01,true,-22.66738640,-47.80359349,3d,1.5,6.000,90.00,8.819,-0.839,0.000,1872,58.69,86.17,418.37,17.453,14.22,27.28,58.95,false,true,false,false
2026-09-11T10:01:51.600Z,COLH-DEMO-01,true,-22.66738640,-47.80359187,3d,1.5,6.000,90.00,9.099,-0.847,0.000,1872,58.70,86.17,418.36,17.452,14.22,27.28,58.95,false,true,false,false
2026-09-11T10:01:51.700Z,COLH-DEMO-01,true,-22.66738640,-47.80359025,3d,1.5,6.000,90.00,9.381,-0.854,0.000,1872,58.71,86.17,418.35,17.451,14.22,27.28,58.95,false,true,false,false
2026-09-11T10:01:51.800Z,COLH-DEMO-01,true,-22.66738640,-47.80358862,3d,1.5,6.000,90.00,9.661,-0.862,0.000,1872,58.72,86.17,418.34,17.450,14.22,27.28,58.95,false,true,false,false
2026-09-11T10:01:51.900Z,COLH-DEMO-01,true,-22.66738640,-47.80358700,3d,1.5,6.000,90.00,9.658,-0.869,0.000,1872,58.74,86.17,418.33,17.449,14.22,27.28,58.95,false,true,false,false
2026-09-11T10:01:52.000Z,COLH-DEMO-01,true,-22.66738640,-47.80358538,3d,1.5,6.000,90.00,9.938,-0.876,0.000,1872,58.75,86.17,418.33,17.448,14.22,27.28,58.95,false,true,false,false
2026-09-11T10:01:52.100Z,COLH-DEMO-01,true,-22.66738640,-47.80358376,3d,1.5,6.000,90.00,9.934,-0.882,0.000,1872,58.76,86.17,418.32,17.448,14.22,27.28,58.95,false,true,false,false
2026-09-11T10:01:52.200Z,COLH-DEMO-01,true,-22.66738640,-47.80358213,3d,1.5,6.000,90.00,10.214,-0.889,0.000,1871,58.77,86.17,418.31,17.447,14.22,27.28,58.95,false,true,false,false
2026-09-11T10:01:52.300Z,COLH-DEMO-01,true,-22.66738640,-47.80358051,3d,1.5,6.000,90.00,10.493,-0.895,0.000,1871,58.78,86.16,418.30,17.446,14.22,27.28,58.95,false,true,false,false
2026-09-11T10:01:52.400Z,COLH-DEMO-01,true,-22.66738640,-47.80357889,3d,1.5,6.000,90.00,10.489,-0.901,0.000,1871,58.79,86.16,418.29,17.445,14.22,27.28,58.95,false,true,false,false
2026-09-11T10:01:52.500Z,COLH-DEMO-01,true,-22.66738640,-47.80357727,3d,1.5,6.000,90.00,11.051,-0.907,0.000,1871,58.80,86.16,418.29,17.444,14.22,27.28,58.95,false,true,false,false
2026-09-11T10:01:52.600Z,COLH-DEMO-01,true,-22.66738640,-47.80357564,3d,1.5,6.000,90.00,11.047,-0.913,0.000,1871,58.81,86.16,418.28,17.443,14.22,27.28,58.95,false,true,false,false
2026-09-11T10:01:52.700Z,COLH-DEMO-01,true,-22.66738640,-47.80357402,3d,1.5,6.000,90.00,11.324,-0.919,0.000,1871,58.83,86.16,418.27,17.442,14.22,27.28,58.95,false,true,false,false
2026-09-11T10:01:52.800Z,COLH-DEMO-01,true,-22.66738640,-47.80357240,3d,1.5,6.000,90.00,11.320,-0.924,0.000,1870,58.84,86.16,418.26,17.441,14.22,27.29,58.95,false,true,false,false
2026-09-11T10:01:52.900Z,COLH-DEMO-01,true,-22.66738640,-47.80357078,3d,1.5,6.000,90.00,11.598,-0.930,0.000,1870,58.85,86.16,418.25,17.441,14.22,27.29,58.95,false,true,false,false
2026-09-11T10:01:53.000Z,COLH-DEMO-01,true,-22.66738640,-47.80356915,3d,1.5,6.000,90.00,11.874,-0.935,0.000,1870,58.86,86.16,418.24,17.440,14.22,27.29,58.95,false,true,false,false
2026-09-11T10:01:53.100Z,COLH-DEMO-01,true,-22.66738640,-47.80356753,3d,1.5,6.000,90.00,12.152,-0.940,0.000,1870,58.87,86.15,418.24,17.439,14.22,27.29,58.95,false,true,false,false
2026-09-11T10:01:53.200Z,COLH-DEMO-01,true,-22.66738640,-47.80356591,3d,1.5,6.000,90.00,12.427,-0.944,0.000,1870,58.88,86.15,418.23,17.438,14.22,27.29,58.95,false,true,false,false
2026-09-11T10:01:53.300Z,COLH-DEMO-01,true,-22.66738640,-47.80356429,3d,1.5,6.000,90.00,12.143,-0.949,0.000,1870,58.90,86.15,418.22,17.437,14.22,27.29,58.95,false,true,false,false
2026-09-11T10:01:53.400Z,COLH-DEMO-01,true,-22.66738640,-47.80356266,3d,1.5,6.000,90.00,12.418,-0.953,0.000,1869,58.91,86.15,418.21,17.437,14.22,27.29,58.95,false,true,false,false
2026-09-11T10:01:53.500Z,COLH-DEMO-01,true,-22.66738640,-47.80356104,3d,1.5,6.000,90.00,12.694,-0.957,0.000,1869,58.92,86.15,418.20,17.436,14.22,27.29,58.95,false,true,false,false
2026-09-11T10:01:53.600Z,COLH-DEMO-01,true,-22.66738640,-47.80355942,3d,1.5,6.000,90.00,12.970,-0.961,0.000,1869,58.93,86.15,418.20,17.435,14.22,27.29,58.95,false,true,false,false
2026-09-11T10:01:53.700Z,COLH-DEMO-01,true,-22.66738640,-47.80355780,3d,1.5,6.000,90.00,12.965,-0.965,0.000,1869,58.95,86.15,418.19,17.434,14.22,27.29,58.95,false,true,false,false
2026-09-11T10:01:53.800Z,COLH-DEMO-01,true,-22.66738640,-47.80355617,3d,1.5,6.000,90.00,13.239,-0.969,0.000,1869,58.96,86.15,418.18,17.433,14.22,27.29,58.95,false,true,false,false
2026-09-11T10:01:53.900Z,COLH-DEMO-01,true,-22.66738640,-47.80355455,3d,1.5,6.000,90.00,13.513,-0.972,0.000,1868,58.97,86.14,418.17,17.433,14.22,27.29,58.95,false,true,false,false
2026-09-11T10:01:54.000Z,COLH-DEMO-01,true,-22.66738640,-47.80355293,3d,1.5,6.000,90.00,13.787,-0.975,0.000,1868,58.98,86.14,418.16,17.432,14.22,27.29,58.95,false,true,false,false
2026-09-11T10:01:54.100Z,COLH-DEMO-01,true,-22.66738640,-47.80355131,3d,1.5,6.000,90.00,13.782,-0.978,0.000,1868,59.00,86.14,418.16,17.431,14.22,27.29,58.95,false,true,false,false
2026-09-11T10:01:54.200Z,COLH-DEMO-01,true,-22.66738640,-47.80354968,3d,1.5,6.000,90.00,14.055,-0.981,0.000,1868,59.01,86.14,418.15,17.430,14.22,27.29,58.95,false,true,false,false
2026-09-11T10:01:54.300Z,COLH-DEMO-01,true,-22.66738640,-47.80354806,3d,1.5,6.000,90.00,14.328,-0.984,0.000,1868,59.02,86.14,418.14,17.430,14.22,27.29,58.96,false,true,false,false
2026-09-11T10:01:54.400Z,COLH-DEMO-01,true,-22.66738640,-47.80354644,3d,1.5,6.000,90.00,14.600,-0.986,0.000,1868,59.03,86.14,418.13,17.429,14.22,27.29,58.96,false,true,false,false
2026-09-11T10:01:54.500Z,COLH-DEMO-01,true,-22.66738640,-47.80354482,3d,1.5,6.000,90.00,14.594,-0.988,0.000,1867,59.05,86.14,418.13,17.428,14.22,27.29,58.96,false,true,false,false
2026-09-11T10:01:54.600Z,COLH-DEMO-01,true,-22.66738640,-47.80354319,3d,1.5,6.000,90.00,14.866,-0.991,0.000,1867,59.06,86.14,418.12,17.428,14.22,27.29,58.96,false,true,false,false
2026-09-11T10:01:54.700Z,COLH-DEMO-01,true,-22.66738640,-47.80354157,3d,1.5,6.000,90.00,15.137,-0.992,0.000,1867,59.07,86.14,418.11,17.427,14.22,27.29,58.96,false,true,false,false
2026-09-11T10:01:54.800Z,COLH-DEMO-01,true,-22.66738640,-47.80353995,3d,1.5,6.000,90.00,15.407,-0.994,0.000,1867,59.08,86.13,418.10,17.426,14.22,27.29,58.96,false,true,false,false
2026-09-11T10:01:54.900Z,COLH-DEMO-01,true,-22.66738640,-47.80353833,3d,1.5,6.000,90.00,15.677,-0.995,0.000,1867,59.10,86.13,418.09,17.426,14.22,27.29,58.96,false,true,false,false
2026-09-11T10:01:55.000Z,COLH-DEMO-01,true,-22.66738640,-47.80353670,3d,1.5,6.000,90.00,15.672,-0.997,0.000,1866,59.11,86.13,418.09,17.425,14.22,27.29,58.96,false,true,false,false
2026-09-11T10:01:55.100Z,COLH-DEMO-01,true,-22.66738640,-47.80353508,3d,1.5,6.000,90.00,15.941,-0.998,0.000,1866,59.12,86.13,418.08,17.424,14.22,27.29,58.96,false,true,false,false
2026-09-11T10:01:55.200Z,COLH-DEMO-01,true,-22.66738640,-47.80353346,3d,1.5,6.000,90.00,15.936,-0.999,0.000,1866,59.14,86.13,418.07,17.424,14.22,27.29,58.96,false,true,false,false
2026-09-11T10:01:55.300Z,COLH-DEMO-01,true,-22.66738640,-47.80353183,3d,1.5,6.000,90.00,16.204,-0.999,0.000,1866,59.15,86.13,418.06,17.423,14.22,27.29,58.96,false,true,false,false
2026-09-11T10:01:55.400Z,COLH-DEMO-01,true,-22.66738640,-47.80353021,3d,1.5,6.000,90.00,16.472,-1.000,0.000,1866,59.16,86.13,418.06,17.422,14.22,27.29,58.96,false,true,false,false
2026-09-11T10:01:55.500Z,COLH-DEMO-01,true,-22.66738640,-47.80352859,3d,1.5,6.000,90.00,16.739,-1.000,0.000,1865,59.18,86.13,418.05,17.422,14.22,27.29,58.96,false,true,false,false
2026-09-11T10:01:55.600Z,COLH-DEMO-01,true,-22.66738640,-47.80352697,3d,1.5,6.000,90.00,17.007,-1.000,0.000,1865,59.19,86.12,418.04,17.421,14.22,27.29,58.96,false,true,false,false
2026-09-11T10:01:55.700Z,COLH-DEMO-01,true,-22.66738640,-47.80352534,3d,1.5,6.000,90.00,17.001,-1.000,0.000,1865,59.20,86.12,418.03,17.421,14.22,27.29,58.96,false,true,false,false
2026-09-11T10:01:55.800Z,COLH-DEMO-01,true,-22.66738640,-47.80352372,3d,1.5,6.000,90.00,17.267,-1.000,0.000,1865,59.22,86.12,418.03,17.420,14.22,27.29,58.96,false,true,false,false
2026-09-11T10:01:55.900Z,COLH-DEMO-01,true,-22.66738640,-47.80352210,3d,1.5,6.000,90.00,17.533,-0.999,0.000,1865,59.23,86.12,418.02,17.419,14.22,27.29,58.96,false,true,false,false
2026-09-11T10:01:56.000Z,COLH-DEMO-01,true,-22.66738640,-47.80352048,3d,1.5,6.000,90.00,17.527,-0.998,0.000,1864,59.25,86.12,418.01,17.419,14.22,27.29,58.96,false,true,false,false
2026-09-11T10:01:56.100Z,COLH-DEMO-01,true,-22.66738640,-47.80351885,3d,1.5,6.000,90.00,17.792,-0.997,0.000,1864,59.26,86.12,418.00,17.418,14.22,27.29,58.96,false,true,false,false
2026-09-11T10:01:56.200Z,COLH-DEMO-01,true,-22.66738640,-47.80351723,3d,1.5,6.000,90.00,17.786,-0.996,0.000,1864,59.27,86.12,418.00,17.418,14.22,27.29,58.96,false,true,false,false
2026-09-11T10:01:56.300Z,COLH-DEMO-01,true,-22.66738640,-47.80351561,3d,1.5,6.000,90.00,18.050,-0.995,0.000,1864,59.29,86.12,417.99,17.417,14.22,27.29,58.96,false,true,false,false
2026-09-11T10:01:56.400Z,COLH-DEMO-01,true,-22.66738640,-47.80351399,3d,1.5,6.000,90.00,18.315,-0.993,0.000,1864,59.30,86.11,417.98,17.417,14.22,27.29,58.96,false,true,false,false
2026-09-11T10:01:56.500Z,COLH-DEMO-01,true,-22.66738640,-47.80351236,3d,1.5,6.000,90.00,18.577,-0.992,0.000,1863,59.32,86.11,417.97,17.416,14.22,27.29,58.96,false,true,false,false
2026-09-11T10:01:56.600Z,COLH-DEMO-01,true,-22.66738640,-47.80351074,3d,1.5,6.000,90.00,18.571,-0.990,0.000,1863,59.33,86.11,417.97,17.415,14.22,27.29,58.96,false,true,false,false
2026-09-11T10:01:56.700Z,COLH-DEMO-01,true,-22.66738640,-47.80350912,3d,1.5,6.000,90.00,18.834,-0.988,0.000,1863,59.34,86.11,417.96,17.415,14.22,27.29,58.96,false,true,false,false
2026-09-11T10:01:56.800Z,COLH-DEMO-01,true,-22.66738640,-47.80350750,3d,1.5,6.000,90.00,18.828,-0.985,0.000,1863,59.36,86.11,417.95,17.414,14.22,27.29,58.96,false,true,false,false
2026-09-11T10:01:56.900Z,COLH-DEMO-01,true,-22.66738640,-47.80350587,3d,1.5,6.000,90.00,19.090,-0.983,0.000,1863,59.37,86.11,417.94,17.414,14.22,27.29,58.96,false,true,false,false
2026-09-11T10:01:57.000Z,COLH-DEMO-01,true,-22.66738640,-47.80350425,3d,1.5,6.000,90.00,19.351,-0.980,0.000,1862,59.39,86.11,417.94,17.413,14.22,27.29,58.96,false,true,false,false
2026-09-11T10:01:57.100Z,COLH-DEMO-01,true,-22.66738640,-47.80350263,3d,1.5,6.000,90.00,19.345,-0.977,0.000,1862,59.40,86.11,417.93,17.413,14.22,27.29,58.96,false,true,false,false
2026-09-11T10:01:57.200Z,COLH-DEMO-01,true,-22.66738640,-47.80350101,3d,1.5,6.000,90.00,19.605,-0.974,0.000,1862,59.42,86.11,417.92,17.413,14.22,27.29,58.96,false,true,false,false
2026-09-11T10:01:57.300Z,COLH-DEMO-01,true,-22.66738640,-47.80349938,3d,1.5,6.000,90.00,19.600,-0.971,0.000,1862,59.43,86.10,417.92,17.412,14.22,27.29,58.96,false,true,false,false
2026-09-11T10:01:57.400Z,COLH-DEMO-01,true,-22.66738640,-47.80349776,3d,1.5,6.000,90.00,19.860,-0.967,0.000,1862,59.45,86.10,417.91,17.412,14.22,27.29,58.96,false,true,false,false
2026-09-11T10:01:57.500Z,COLH-DEMO-01,true,-22.66738640,-47.80349614,3d,1.5,6.000,90.00,19.855,-0.964,0.000,1861,59.46,86.10,417.90,17.411,14.22,27.29,58.97,false,true,false,false
2026-09-11T10:01:57.600Z,COLH-DEMO-01,true,-22.66738640,-47.80349452,3d,1.5,6.000,90.00,20.113,-0.960,0.000,1861,59.47,86.10,417.89,17.411,14.22,27.29,58.97,false,true,false,false
2026-09-11T10:01:57.700Z,COLH-DEMO-01,true,-22.66738640,-47.80349289,3d,1.5,6.000,90.00,20.108,-0.956,0.000,1861,59.49,86.10,417.89,17.410,14.22,27.29,58.97,false,true,false,false
2026-09-11T10:01:57.800Z,COLH-DEMO-01,true,-22.66738640,-47.80349127,3d,1.5,6.000,90.00,20.366,-0.951,0.000,1861,59.50,86.10,417.88,17.410,14.22,27.29,58.97,false,true,false,false
2026-09-11T10:01:57.900Z,COLH-DEMO-01,true,-22.66738640,-47.80348965,3d,1.5,6.000,90.00,20.361,-0.947,0.000,1860,59.52,86.10,417.87,17.409,14.22,27.29,58.97,false,true,false,false
2026-09-11T10:01:58.000Z,COLH-DEMO-01,true,-22.66738640,-47.80348803,3d,1.5,6.000,90.00,20.355,-0.942,0.000,1860,59.53,86.10,417.87,17.409,14.22,27.29,58.97,false,true,false,false
2026-09-11T10:01:58.100Z,COLH-DEMO-01,true,-22.66738640,-47.80348640,3d,1.5,6.000,90.00,20.613,-0.938,0.000,1860,59.55,86.09,417.86,17.409,14.22,27.29,58.97,false,true,false,false
2026-09-11T10:01:58.200Z,COLH-DEMO-01,true,-22.66738640,-47.80348478,3d,1.5,6.000,90.00,20.607,-0.933,0.000,1860,59.56,86.09,417.85,17.408,14.22,27.29,58.97,false,true,false,false
2026-09-11T10:01:58.300Z,COLH-DEMO-01,true,-22.66738640,-47.80348316,3d,1.5,6.000,90.00,20.602,-0.927,0.000,1860,59.58,86.09,417.84,17.408,14.22,27.29,58.97,false,true,false,false
2026-09-11T10:01:58.400Z,COLH-DEMO-01,true,-22.66738640,-47.80348154,3d,1.5,6.000,90.00,20.860,-0.922,0.000,1859,59.59,86.09,417.84,17.408,14.22,27.29,58.97,false,true,false,false
2026-09-11T10:01:58.500Z,COLH-DEMO-01,true,-22.66738640,-47.80347991,3d,1.5,6.000,90.00,20.854,-0.917,0.000,1859,59.61,86.09,417.83,17.407,14.22,27.29,58.97,false,true,false,false
2026-09-11T10:01:58.600Z,COLH-DEMO-01,true,-22.66738640,-47.80347829,3d,1.5,6.000,90.00,20.849,-0.911,0.000,1859,59.63,86.09,417.82,17.407,14.22,27.29,58.97,false,true,false,false
2026-09-11T10:01:58.700Z,COLH-DEMO-01,true,-22.66738640,-47.80347667,3d,1.5,6.000,90.00,21.105,-0.905,0.000,1859,59.64,86.09,417.82,17.406,14.22,27.29,58.97,false,true,false,false
2026-09-11T10:01:58.800Z,COLH-DEMO-01,true,-22.66738640,-47.80347505,3d,1.5,6.000,90.00,21.100,-0.899,0.000,1858,59.66,86.09,417.81,17.406,14.22,27.29,58.97,false,true,false,false
2026-09-11T10:01:58.900Z,COLH-DEMO-01,true,-22.66738640,-47.80347342,3d,1.5,6.000,90.00,21.355,-0.893,0.000,1858,59.67,86.08,417.80,17.406,14.22,27.29,58.97,false,true,false,false
2026-09-11T10:01:59.000Z,COLH-DEMO-01,true,-22.66738640,-47.80347180,3d,1.5,6.000,90.00,21.089,-0.886,0.000,1858,59.69,86.08,417.80,17.405,14.22,27.29,58.97,false,true,false,false
2026-09-11T10:01:59.100Z,COLH-DEMO-01,true,-22.66738640,-47.80347018,3d,1.5,6.000,90.00,21.345,-0.880,0.000,1858,59.70,86.08,417.79,17.405,14.22,27.29,58.97,false,true,false,false
2026-09-11T10:01:59.200Z,COLH-DEMO-01,true,-22.66738640,-47.80346856,3d,1.5,6.000,90.00,21.340,-0.873,0.000,1858,59.72,86.08,417.78,17.405,14.22,27.29,58.97,false,true,false,false
2026-09-11T10:01:59.300Z,COLH-DEMO-01,true,-22.66738640,-47.80346693,3d,1.5,6.000,90.00,21.335,-0.866,0.000,1857,59.73,86.08,417.78,17.405,14.22,27.29,58.97,false,true,false,false
2026-09-11T10:01:59.400Z,COLH-DEMO-01,true,-22.66738640,-47.80346531,3d,1.5,6.000,90.00,21.330,-0.859,0.000,1857,59.75,86.08,417.77,17.404,14.22,27.29,58.97,false,true,false,false
2026-09-11T10:01:59.500Z,COLH-DEMO-01,true,-22.66738640,-47.80346369,3d,1.5,6.000,90.00,21.587,-0.851,0.000,1857,59.77,86.08,417.76,17.404,14.22,27.29,58.97,false,true,false,false
2026-09-11T10:01:59.600Z,COLH-DEMO-01,true,-22.66738640,-47.80346206,3d,1.5,6.000,90.00,21.582,-0.844,0.000,1857,59.78,86.08,417.76,17.404,14.22,27.29,58.97,false,true,false,false
2026-09-11T10:01:59.700Z,COLH-DEMO-01,true,-22.66738640,-47.80346044,3d,1.5,6.000,90.00,21.577,-0.836,0.000,1856,59.80,86.07,417.75,17.404,14.22,27.29,58.97,false,true,false,false
2026-09-11T10:01:59.800Z,COLH-DEMO-01,true,-22.66738640,-47.80345882,3d,1.5,6.000,90.00,21.572,-0.828,0.000,1856,59.81,86.07,417.74,17.403,14.22,27.29,58.97,false,true,false,false
2026-09-11T10:01:59.900Z,COLH-DEMO-01,true,-22.66738640,-47.80345720,3d,1.5,6.000,90.00,21.307,-0.820,0.000,1856,59.83,86.07,417.74,17.403,14.22,27.29,58.97,false,true,false,false
2026-09-11T10:02:00.000Z,COLH-DEMO-01,true,-22.66738640,-47.80345557,3d,1.5,6.000,90.00,21.563,-0.812,0.000,1856,59.85,86.07,417.73,17.403,14.22,27.29,58.97,false,true,false,false
2026-09-11T10:02:00.100Z,COLH-DEMO-01,true,-22.66738640,-47.80345395,3d,1.5,6.000,90.00,21.559,-0.804,0.000,1856,59.86,86.07,417.72,17.403,14.22,27.29,58.97,false,true,false,false
2026-09-11T10:02:00.200Z,COLH-DEMO-01,true,-22.66738640,-47.80345233,3d,1.5,6.000,90.00,21.293,-0.796,0.000,1855,59.88,86.07,417.72,17.402,14.22,27.29,58.97,false,true,false,false
2026-09-11T10:02:00.300Z,COLH-DEMO-01,true,-22.66738640,-47.80345071,3d,1.5,6.000,90.00,21.289,-0.787,0.000,1855,59.89,86.07,417.71,17.402,14.22,27.29,58.97,false,true,false,false
2026-09-11T10:02:00.400Z,COLH-DEMO-01,true,-22.66738640,-47.80344908,3d,1.5,6.000,90.00,21.285,-0.778,0.000,1855,59.91,86.07,417.70,17.402,14.22,27.29,58.97,false,true,false,false
2026-09-11T10:02:00.500Z,COLH-DEMO-01,true,-22.66738640,-47.80344746,3d,1.5,6.000,90.00,21.542,-0.769,0.000,1855,59.93,86.06,417.70,17.402,14.22,27.29,58.97,false,true,false,false
2026-09-11T10:02:00.600Z,COLH-DEMO-01,true,-22.66738640,-47.80344584,3d,1.5,6.000,90.00,21.538,-0.760,0.000,1854,59.94,86.06,417.69,17.402,14.22,27.29,58.97,false,true,false,false
2026-09-11T10:02:00.700Z,COLH-DEMO-01,true,-22.66738640,-47.80344422,3d,1.5,6.000,90.00,21.272,-0.751,0.000,1854,59.96,86.06,417.68,17.401,14.22,27.29,58.97,false,true,false,false
2026-09-11T10:02:00.800Z,COLH-DEMO-01,true,-22.66738640,-47.80344259,3d,1.5,6.000,90.00,21.269,-0.742,0.000,1854,59.98,86.06,417.68,17.401,14.22,27.29,58.97,false,true,false,false
2026-09-11T10:02:00.900Z,COLH-DEMO-01,true,-22.66738640,-47.80344097,3d,1.5,6.000,90.00,21.265,-0.732,0.000,1854,59.99,86.06,417.67,17.401,14.22,27.29,58.97,false,true,false,false
2026-09-11T10:02:01.000Z,COLH-DEMO-01,true,-22.66738640,-47.80343935,3d,1.5,6.000,90.00,21.522,-0.722,0.000,1854,60.01,86.06,417.67,17.401,14.22,27.29,58.97,false,true,false,false
2026-09-11T10:02:01.100Z,COLH-DEMO-01,true,-22.66738640,-47.80343773,3d,1.5,6.000,90.00,21.518,-0.713,0.000,1853,60.02,86.06,417.66,17.401,14.22,27.29,58.97,false,true,false,false
2026-09-11T10:02:01.200Z,COLH-DEMO-01,true,-22.66738640,-47.80343610,3d,1.5,6.000,90.00,21.253,-0.703,0.000,1853,60.04,86.06,417.65,17.401,14.22,27.29,58.97,false,true,false,false
2026-09-11T10:02:01.300Z,COLH-DEMO-01,true,-22.66738640,-47.80343448,3d,1.5,6.000,90.00,21.250,-0.693,0.000,1853,60.06,86.05,417.65,17.401,14.22,27.29,58.98,false,true,false,false
2026-09-11T10:02:01.400Z,COLH-DEMO-01,true,-22.66738640,-47.80343286,3d,1.5,6.000,90.00,21.246,-0.682,0.000,1853,60.07,86.05,417.64,17.401,14.22,27.29,58.98,false,true,false,false
2026-09-11T10:02:01.500Z,COLH-DEMO-01,true,-22.66738640,-47.80343124,3d,1.5,6.000,90.00,21.504,-0.672,0.000,1852,60.09,86.05,417.63,17.400,14.22,27.29,58.98,false,true,false,false
2026-09-11T10:02:01.600Z,COLH-DEMO-01,true,-22.66738640,-47.80342961,3d,1.5,6.000,90.00,21.501,-0.661,0.000,1852,60.11,86.05,417.63,17.400,14.22,27.29,58.98,false,true,false,false
2026-09-11T10:02:01.700Z,COLH-DEMO-01,true,-22.66738640,-47.80342799,3d,1.5,6.000,90.00,21.236,-0.651,0.000,1852,60.12,86.05,417.62,17.400,14.22,27.29,58.98,false,true,false,false
2026-09-11T10:02:01.800Z,COLH-DEMO-01,true,-22.66738640,-47.80342637,3d,1.5,6.000,90.00,21.233,-0.640,0.000,1852,60.14,86.05,417.62,17.400,14.22,27.29,58.98,false,true,false,false
2026-09-11T10:02:01.900Z,COLH-DEMO-01,true,-22.66738640,-47.80342475,3d,1.5,6.000,90.00,21.230,-0.629,0.000,1851,60.16,86.05,417.61,17.400,14.22,27.29,58.98,false,true,false,false
2026-09-11T10:02:02.000Z,COLH-DEMO-01,true,-22.66738640,-47.80342312,3d,1.5,6.000,90.00,21.488,-0.618,0.000,1851,60.18,86.05,417.60,17.400,14.22,27.29,58.98,false,true,false,false
2026-09-11T10:02:02.100Z,COLH-DEMO-01,true,-22.66738640,-47.80342150,3d,1.5,6.000,90.00,21.485,-0.607,0.000,1851,60.19,86.04,417.60,17.400,14.22,27.29,58.98,false,true,false,false
2026-09-11T10:02:02.200Z,COLH-DEMO-01,true,-22.66738640,-47.80341988,3d,1.5,6.000,90.00,21.221,-0.596,0.000,1851,60.21,86.04,417.59,17.400,14.22,27.29,58.98,false,true,false,false
2026-09-11T10:02:02.300Z,COLH-DEMO-01,true,-22.66738640,-47.80341826,3d,1.5,6.000,90.00,21.219,-0.584,0.000,1851,60.23,86.04,417.59,17.400,14.22,27.29,58.98,false,true,false,false
2026-09-11T10:02:02.400Z,COLH-DEMO-01,true,-22.66738640,-47.80341663,3d,1.5,6.000,90.00,21.216,-0.573,0.000,1850,60.24,86.04,417.58,17.400,14.22,27.29,58.98,false,true,false,false
2026-09-11T10:02:02.500Z,COLH-DEMO-01,true,-22.66738640,-47.80341501,3d,1.5,6.000,90.00,21.214,-0.561,0.000,1850,60.26,86.04,417.57,17.400,14.22,27.29,58.98,false,true,false,false
2026-09-11T10:02:02.600Z,COLH-DEMO-01,true,-22.66738640,-47.80341339,3d,1.5,6.000,90.00,21.472,-0.550,0.000,1850,60.28,86.04,417.57,17.400,14.22,27.29,58.98,false,true,false,false
2026-09-11T10:02:02.700Z,COLH-DEMO-01,true,-22.66738640,-47.80341177,3d,1.5,6.000,90.00,21.209,-0.538,0.000,1850,60.30,86.04,417.56,17.400,14.22,27.29,58.98,false,true,false,false
2026-09-11T10:02:02.800Z,COLH-DEMO-01,true,-22.66738640,-47.80341014,3d,1.5,6.000,90.00,21.207,-0.526,0.000,1849,60.31,86.04,417.56,17.400,14.22,27.29,58.98,false,true,false,false
2026-09-11T10:02:02.900Z,COLH-DEMO-01,true,-22.66738640,-47.80340852,3d,1.5,6.000,90.00,21.205,-0.514,0.000,1849,60.33,86.03,417.55,17.400,14.22,27.29,58.98,false,true,false,false
2026-09-11T10:02:03.000Z,COLH-DEMO-01,true,-22.66738640,-47.80340690,3d,1.5,6.000,90.00,21.203,-0.502,0.000,1849,60.35,86.03,417.55,17.400,14.22,27.29,58.98,false,true,false,false
2026-09-11T10:02:03.100Z,COLH-DEMO-01,true,-22.66738640,-47.80340528,3d,1.5,6.000,90.00,21.462,-0.490,0.000,1849,60.36,86.03,417.54,17.400,14.22,27.29,58.98,false,true,false,false
2026-09-11T10:02:03.200Z,COLH-DEMO-01,true,-22.66738640,-47.80340365,3d,1.5,6.000,90.00,21.199,-0.477,0.000,1848,60.38,86.03,417.53,17.400,14.22,27.29,58.98,false,true,false,false
2026-09-11T10:02:03.300Z,COLH-DEMO-01,true,-22.66738640,-47.80340203,3d,1.5,6.000,90.00,21.197,-0.465,0.000,1848,60.40,86.03,417.53,17.400,14.22,27.29,58.98,false,true,false,false
2026-09-11T10:02:03.400Z,COLH-DEMO-01,true,-22.66738640,-47.80340041,3d,1.5,6.000,90.00,21.196,-0.452,0.000,1848,60.42,86.03,417.52,17.400,14.22,27.29,58.98,false,true,false,false
2026-09-11T10:02:03.500Z,COLH-DEMO-01,true,-22.66738640,-47.80339879,3d,1.5,6.000,90.00,21.194,-0.440,0.000,1848,60.43,86.03,417.52,17.400,14.22,27.29,58.98,false,true,false,false
2026-09-11T10:02:03.600Z,COLH-DEMO-01,true,-22.66738640,-47.80339716,3d,1.5,6.000,90.00,21.454,-0.427,0.000,1848,60.45,86.03,417.51,17.401,14.22,27.29,58.98,false,true,false,false
2026-09-11T10:02:03.700Z,COLH-DEMO-01,true,-22.66738640,-47.80339554,3d,1.5,6.000,90.00,21.191,-0.414,0.000,1847,60.47,86.02,417.51,17.401,14.22,27.29,58.98,false,true,false,false
2026-09-11T10:02:03.800Z,COLH-DEMO-01,true,-22.66738640,-47.80339392,3d,1.5,6.000,90.00,21.190,-0.401,0.000,1847,60.49,86.02,417.50,17.401,14.22,27.29,58.98,false,true,false,false
2026-09-11T10:02:03.900Z,COLH-DEMO-01,true,-22.66738640,-47.80339229,3d,1.5,6.000,90.00,21.189,-0.388,0.000,1847,60.50,86.02,417.49,17.401,14.22,27.29,58.98,false,true,false,false
2026-09-11T10:02:04.000Z,COLH-DEMO-01,true,-22.66738640,-47.80339067,3d,1.5,6.000,90.00,21.188,-0.375,0.000,1847,60.52,86.02,417.49,17.401,14.22,27.29,58.98,false,true,false,false
2026-09-11T10:02:04.100Z,COLH-DEMO-01,true,-22.66738640,-47.80338905,3d,1.5,6.000,90.00,21.448,-0.362,0.000,1846,60.54,86.02,417.48,17.401,14.22,27.29,58.98,false,true,false,false
2026-09-11T10:02:04.200Z,COLH-DEMO-01,true,-22.66738640,-47.80338743,3d,1.5,6.000,90.00,21.186,-0.349,0.000,1846,60.56,86.02,417.48,17.401,14.22,27.29,58.98,false,true,false,false
2026-09-11T10:02:04.300Z,COLH-DEMO-01,true,-22.66738640,-47.80338580,3d,1.5,6.000,90.00,21.186,-0.336,0.000,1846,60.58,86.02,417.47,17.401,14.22,27.29,58.98,false,true,false,false
2026-09-11T10:02:04.400Z,COLH-DEMO-01,true,-22.66738640,-47.80338418,3d,1.5,6.000,90.00,21.185,-0.323,0.000,1846,60.59,86.02,417.47,17.402,14.22,27.29,58.98,false,true,false,false
2026-09-11T10:02:04.500Z,COLH-DEMO-01,true,-22.66738640,-47.80338256,3d,1.5,6.000,90.00,21.185,-0.309,0.000,1845,60.61,86.01,417.46,17.402,14.22,27.29,58.98,false,true,false,false
2026-09-11T10:02:04.600Z,COLH-DEMO-01,true,-22.66738640,-47.80338094,3d,1.5,6.000,90.00,21.184,-0.296,0.000,1845,60.63,86.01,417.46,17.402,14.22,27.29,58.98,false,true,false,false
2026-09-11T10:02:04.700Z,COLH-DEMO-01,true,-22.66738640,-47.80337931,3d,1.5,6.000,90.00,21.184,-0.282,0.000,1845,60.65,86.01,417.45,17.402,14.22,27.29,58.98,false,true,false,false
2026-09-11T10:02:04.800Z,COLH-DEMO-01,true,-22.66738640,-47.80337769,3d,1.5,6.000,90.00,21.184,-0.269,0.000,1845,60.66,86.01,417.45,17.402,14.22,27.29,58.98,false,true,false,false
2026-09-11T10:02:04.900Z,COLH-DEMO-01,true,-22.66738640,-47.80337607,3d,1.5,6.000,90.00,21.184,-0.255,0.000,1845,60.68,86.01,417.44,17.403,14.22,27.29,58.98,false,true,false,false
2026-09-11T10:02:05.000Z,COLH-DEMO-01,true,-22.66738640,-47.80337445,3d,1.5,6.000,90.00,21.184,-0.242,0.000,1844,60.70,86.01,417.44,17.403,14.22,27.30,58.98,false,true,false,false
2026-09-11T10:02:05.100Z,COLH-DEMO-01,true,-22.66738640,-47.80337282,3d,1.5,6.000,90.00,21.184,-0.228,0.000,1844,60.72,86.01,417.43,17.403,14.22,27.30,58.98,false,true,false,false
2026-09-11T10:02:05.200Z,COLH-DEMO-01,true,-22.66738640,-47.80337120,3d,1.5,6.000,90.00,21.185,-0.214,0.000,1844,60.74,86.01,417.43,17.403,14.22,27.30,58.98,false,true,false,false
2026-09-11T10:02:05.300Z,COLH-DEMO-01,true,-22.66738640,-47.80336958,3d,1.5,6.000,90.00,21.185,-0.200,0.000,1844,60.75,86.00,417.42,17.403,14.22,27.30,58.98,false,true,false,false
2026-09-11T10:02:05.400Z,COLH-DEMO-01,true,-22.66738640,-47.80336796,3d,1.5,6.000,90.00,21.185,-0.186,0.000,1843,60.77,86.00,417.42,17.404,14.22,27.30,58.98,false,true,false,false
2026-09-11T10:02:05.500Z,COLH-DEMO-01,true,-22.66738640,-47.80336633,3d,1.5,6.000,90.00,21.186,-0.173,0.000,1843,60.79,86.00,417.41,17.404,14.22,27.30,58.98,false,true,false,false
2026-09-11T10:02:05.600Z,COLH-DEMO-01,true,-22.66738640,-47.80336471,3d,1.5,6.000,90.00,21.187,-0.159,0.000,1843,60.81,86.00,417.41,17.404,14.22,27.30,58.98,false,true,false,false
2026-09-11T10:02:05.700Z,COLH-DEMO-01,true,-22.66738640,-47.80336309,3d,1.5,6.000,90.00,21.188,-0.145,0.000,1843,60.83,86.00,417.40,17.404,14.22,27.30,58.98,false,true,false,false
2026-09-11T10:02:05.800Z,COLH-DEMO-01,true,-22.66738640,-47.80336147,3d,1.5,6.000,90.00,21.189,-0.131,0.000,1843,60.85,86.00,417.40,17.405,14.22,27.30,58.99,false,true,false,false
2026-09-11T10:02:05.900Z,COLH-DEMO-01,true,-22.66738640,-47.80335984,3d,1.5,6.000,90.00,21.190,-0.117,0.000,1842,60.86,86.00,417.39,17.405,14.22,27.30,58.99,false,true,false,false
2026-09-11T10:02:06.000Z,COLH-DEMO-01,true,-22.66738640,-47.80335822,3d,1.5,6.000,90.00,21.191,-0.103,0.000,1842,60.88,86.00,417.39,17.405,14.22,27.30,58.99,false,true,false,false
2026-09-11T10:02:06.100Z,COLH-DEMO-01,true,-22.66738640,-47.80335660,3d,1.5,6.000,90.00,21.192,-0.089,0.000,1842,60.90,85.99,417.38,17.406,14.22,27.30,58.99,false,true,false,false
2026-09-11T10:02:06.200Z,COLH-DEMO-01,true,-22.66738640,-47.80335498,3d,1.5,6.000,90.00,21.193,-0.075,0.000,1842,60.92,85.99,417.38,17.406,14.22,27.30,58.99,false,true,false,false
2026-09-11T10:02:06.300Z,COLH-DEMO-01,true,-22.66738640,-47.80335335,3d,1.5,6.000,90.00,21.195,-0.061,0.000,1841,60.94,85.99,417.37,17.406,14.22,27.30,58.99,false,true,false,false
2026-09-11T10:02:06.400Z,COLH-DEMO-01,true,-22.66738640,-47.80335173,3d,1.5,6.000,90.00,21.196,-0.047,0.000,1841,60.96,85.99,417.37,17.407,14.22,27.30,58.99,false,true,false,false
2026-09-11T10:02:06.500Z,COLH-DEMO-01,true,-22.66738640,-47.80335011,3d,1.5,6.000,90.00,21.198,-0.033,0.000,1841,60.97,85.99,417.36,17.407,14.22,27.30,58.99,false,true,false,false
2026-09-11T10:02:06.600Z,COLH-DEMO-01,true,-22.66738640,-47.80334849,3d,1.5,6.000,90.00,21.200,-0.019,0.000,1841,60.99,85.99,417.36,17.407,14.22,27.30,58.99,false,true,false,false
2026-09-11T10:02:06.700Z,COLH-DEMO-01,true,-22.66738640,-47.80334686,3d,1.5,6.000,90.00,21.202,-0.004,0.000,1841,61.01,85.99,417.35,17.408,14.22,27.30,58.99,false,true,false,false
2026-09-11T10:02:06.800Z,COLH-DEMO-01,true,-22.66738640,-47.80334524,3d,1.5,6.000,90.00,21.204,0.010,0.000,1840,61.03,85.99,417.35,17.408,14.22,27.30,58.99,false,true,false,false
2026-09-11T10:02:06.900Z,COLH-DEMO-01,true,-22.66738640,-47.80334362,3d,1.5,6.000,90.00,21.206,0.024,0.000,1840,61.05,85.98,417.34,17.408,14.22,27.30,58.99,false,true,false,false
2026-09-11T10:02:07.000Z,COLH-DEMO-01,true,-22.66738640,-47.80334200,3d,1.5,6.000,90.00,21.208,0.038,0.000,1840,61.07,85.98,417.34,17.409,14.22,27.30,58.99,false,true,false,false
2026-09-11T10:02:07.100Z,COLH-DEMO-01,true,-22.66738640,-47.80334037,3d,1.5,6.000,90.00,21.210,0.052,0.000,1840,61.08,85.98,417.33,17.409,14.22,27.30,58.99,false,true,false,false
2026-09-11T10:02:07.200Z,COLH-DEMO-01,true,-22.66738640,-47.80333875,3d,1.5,6.000,90.00,21.212,0.066,0.000,1839,61.10,85.98,417.33,17.410,14.22,27.30,58.99,false,true,false,false
2026-09-11T10:02:07.300Z,COLH-DEMO-01,true,-22.66738640,-47.80333713,3d,1.5,6.000,90.00,21.215,0.080,0.000,1839,61.12,85.98,417.32,17.410,14.22,27.30,58.99,false,true,false,false
2026-09-11T10:02:07.400Z,COLH-DEMO-01,true,-22.66738640,-47.80333551,3d,1.5,6.000,90.00,21.217,0.094,0.000,1839,61.14,85.98,417.32,17.411,14.22,27.30,58.99,false,true,false,false
2026-09-11T10:02:07.500Z,COLH-DEMO-01,true,-22.66738640,-47.80333388,3d,1.5,6.000,90.00,21.220,0.108,0.000,1839,61.16,85.98,417.32,17.411,14.22,27.30,58.99,false,true,false,false
2026-09-11T10:02:07.600Z,COLH-DEMO-01,true,-22.66738640,-47.80333226,3d,1.5,6.000,90.00,21.223,0.122,0.000,1839,61.18,85.98,417.31,17.411,14.22,27.30,58.99,false,true,false,false
2026-09-11T10:02:07.700Z,COLH-DEMO-01,true,-22.66738640,-47.80333064,3d,1.5,6.000,90.00,21.226,0.136,0.000,1838,61.20,85.97,417.31,17.412,14.22,27.30,58.99,false,true,false,false
2026-09-11T10:02:07.800Z,COLH-DEMO-01,true,-22.66738640,-47.80332901,3d,1.5,6.000,90.00,21.228,0.150,0.000,1838,61.22,85.97,417.30,17.412,14.22,27.30,58.99,false,true,false,false
2026-09-11T10:02:07.900Z,COLH-DEMO-01,true,-22.66738640,-47.80332739,3d,1.5,6.000,90.00,21.231,0.164,0.000,1838,61.23,85.97,417.30,17.413,14.22,27.30,58.99,false,true,false,false
2026-09-11T10:02:08.000Z,COLH-DEMO-01,true,-22.66738640,-47.80332577,3d,1.5,6.000,90.00,21.235,0.178,0.000,1838,61.25,85.97,417.29,17.413,14.22,27.30,58.99,false,true,false,false
2026-09-11T10:02:08.100Z,COLH-DEMO-01,true,-22.66738640,-47.80332415,3d,1.5,6.000,90.00,20.977,0.192,0.000,1838,61.27,85.97,417.29,17.414,14.22,27.30,58.99,false,true,false,false
2026-09-11T10:02:08.200Z,COLH-DEMO-01,true,-22.66738640,-47.80332252,3d,1.5,6.000,90.00,21.241,0.205,0.000,1837,61.29,85.97,417.28,17.414,14.22,27.30,58.99,false,true,false,false
2026-09-11T10:02:08.300Z,COLH-DEMO-01,true,-22.66738640,-47.80332090,3d,1.5,6.000,90.00,21.244,0.219,0.000,1837,61.31,85.97,417.28,17.415,14.22,27.30,58.99,false,true,false,false
2026-09-11T10:02:08.400Z,COLH-DEMO-01,true,-22.66738640,-47.80331928,3d,1.5,6.000,90.00,21.248,0.233,0.000,1837,61.33,85.97,417.28,17.415,14.22,27.30,58.99,false,true,false,false
2026-09-11T10:02:08.500Z,COLH-DEMO-01,true,-22.66738640,-47.80331766,3d,1.5,6.000,90.00,21.251,0.246,0.000,1837,61.35,85.96,417.27,17.416,14.22,27.30,58.99,false,true,false,false
2026-09-11T10:02:08.600Z,COLH-DEMO-01,true,-22.66738640,-47.80331603,3d,1.5,6.000,90.00,20.994,0.260,0.000,1836,61.37,85.96,417.27,17.416,14.22,27.30,58.99,false,true,false,false
2026-09-11T10:02:08.700Z,COLH-DEMO-01,true,-22.66738640,-47.80331441,3d,1.5,6.000,90.00,21.259,0.274,0.000,1836,61.38,85.96,417.26,17.417,14.22,27.30,58.99,false,true,false,false
2026-09-11T10:02:08.800Z,COLH-DEMO-01,true,-22.66738640,-47.80331279,3d,1.5,6.000,90.00,21.262,0.287,0.000,1836,61.40,85.96,417.26,17.417,14.22,27.30,58.99,false,true,false,false
2026-09-11T10:02:08.900Z,COLH-DEMO-01,true,-22.66738640,-47.80331117,3d,1.5,6.000,90.00,21.266,0.301,0.000,1836,61.42,85.96,417.26,17.418,14.22,27.30,58.99,false,true,false,false
2026-09-11T10:02:09.000Z,COLH-DEMO-01,true,-22.66738640,-47.80330954,3d,1.5,6.000,90.00,21.270,0.314,0.000,1836,61.44,85.96,417.25,17.419,14.22,27.30,58.99,false,true,false,false
2026-09-11T10:02:09.100Z,COLH-DEMO-01,true,-22.66738640,-47.80330792,3d,1.5,6.000,90.00,21.013,0.327,0.000,1835,61.46,85.96,417.25,17.419,14.22,27.30,58.99,false,true,false,false
2026-09-11T10:02:09.200Z,COLH-DEMO-01,true,-22.66738640,-47.80330630,3d,1.5,6.000,90.00,21.278,0.341,0.000,1835,61.48,85.96,417.24,17.420,14.22,27.30,58.99,false,true,false,false
2026-09-11T10:02:09.300Z,COLH-DEMO-01,true,-22.66738640,-47.80330468,3d,1.5,6.000,90.00,21.282,0.354,0.000,1835,61.50,85.95,417.24,17.420,14.22,27.30,58.99,false,true,false,false
2026-09-11T10:02:09.400Z,COLH-DEMO-01,true,-22.66738640,-47.80330305,3d,1.5,6.000,90.00,21.287,0.367,0.000,1835,61.52,85.95,417.24,17.421,14.22,27.30,58.99,false,true,false,false
2026-09-11T10:02:09.500Z,COLH-DEMO-01,true,-22.66738640,-47.80330143,3d,1.5,6.000,90.00,21.291,0.380,0.000,1835,61.53,85.95,417.23,17.421,14.22,27.30,58.99,false,true,false,false
2026-09-11T10:02:09.600Z,COLH-DEMO-01,true,-22.66738640,-47.80329981,3d,1.5,6.000,90.00,21.034,0.393,0.000,1834,61.55,85.95,417.23,17.422,14.22,27.30,58.99,false,true,false,false
2026-09-11T10:02:09.700Z,COLH-DEMO-01,true,-22.66738640,-47.80329819,3d,1.5,6.000,90.00,21.039,0.406,0.000,1834,61.57,85.95,417.22,17.423,14.22,27.30,58.99,false,true,false,false
2026-09-11T10:02:09.800Z,COLH-DEMO-01,true,-22.66738640,-47.80329656,3d,1.5,6.000,90.00,21.304,0.419,0.000,1834,61.59,85.95,417.22,17.423,14.22,27.30,58.99,false,true,false,false
2026-09-11T10:02:09.900Z,COLH-DEMO-01,true,-22.66738640,-47.80329494,3d,1.5,6.000,90.00,21.309,0.432,0.000,1834,61.61,85.95,417.22,17.424,14.22,27.30,58.99,false,true,false,false
2026-09-11T10:02:10.000Z,COLH-DEMO-01,true,-22.66738640,-47.80329332,3d,1.5,6.000,90.00,21.314,0.444,0.000,1834,61.63,85.95,417.21,17.425,14.22,27.30,58.99,false,true,false,false
2026-09-11T10:02:10.100Z,COLH-DEMO-01,true,-22.66738640,-47.80329170,3d,1.5,6.000,90.00,21.057,0.457,0.000,1833,61.65,85.94,417.21,17.425,14.22,27.30,58.99,false,true,false,false
2026-09-11T10:02:10.200Z,COLH-DEMO-01,true,-22.66738640,-47.80329007,3d,1.5,6.000,90.00,21.062,0.469,0.000,1833,61.67,85.94,417.21,17.426,14.22,27.30,58.99,false,true,false,false
2026-09-11T10:02:10.300Z,COLH-DEMO-01,true,-22.66738640,-47.80328845,3d,1.5,6.000,90.00,21.328,0.482,0.000,1833,61.69,85.94,417.20,17.427,14.22,27.30,58.99,false,true,false,false
2026-09-11T10:02:10.400Z,COLH-DEMO-01,true,-22.66738640,-47.80328683,3d,1.5,6.000,90.00,21.333,0.494,0.000,1833,61.71,85.94,417.20,17.427,14.22,27.30,58.99,false,true,false,false
2026-09-11T10:02:10.500Z,COLH-DEMO-01,true,-22.66738640,-47.80328521,3d,1.5,6.000,90.00,21.338,0.506,0.000,1833,61.72,85.94,417.19,17.428,14.22,27.30,58.99,false,true,false,false
2026-09-11T10:02:10.600Z,COLH-DEMO-01,true,-22.66738640,-47.80328358,3d,1.5,6.000,90.00,21.342,0.518,0.000,1833,61.74,85.94,417.19,17.429,14.22,27.30,58.99,false,true,false,false
2026-09-11T10:02:10.700Z,COLH-DEMO-01,true,-22.66738640,-47.80328196,3d,1.5,6.000,90.00,21.087,0.530,0.000,1832,61.76,85.94,417.19,17.429,14.22,27.30,58.99,false,true,false,false
2026-09-11T10:02:10.800Z,COLH-DEMO-01,true,-22.66738640,-47.80328034,3d,1.5,6.000,90.00,21.092,0.542,0.000,1832,61.78,85.94,417.18,17.430,14.22,27.30,58.99,false,true,false,false
2026-09-11T10:02:10.900Z,COLH-DEMO-01,true,-22.66738640,-47.80327872,3d,1.5,6.000,90.00,21.358,0.554,0.000,1832,61.80,85.93,417.18,17.431,14.21,27.30,58.99,false,true,false,false
2026-09-11T10:02:11.000Z,COLH-DEMO-01,true,-22.66738640,-47.80327709,3d,1.5,6.000,90.00,21.363,0.566,0.000,1832,61.82,85.93,417.18,17.432,14.21,27.30,58.99,false,true,false,false
2026-09-11T10:02:11.100Z,COLH-DEMO-01,true,-22.66738640,-47.80327547,3d,1.5,6.000,90.00,21.368,0.577,0.000,1832,61.84,85.93,417.17,17.432,14.21,27.30,58.99,false,true,false,false
2026-09-11T10:02:11.200Z,COLH-DEMO-01,true,-22.66738640,-47.80327385,3d,1.5,6.000,90.00,21.112,0.589,0.000,1831,61.86,85.93,417.17,17.433,14.21,27.30,58.99,false,true,false,false
2026-09-11T10:02:11.300Z,COLH-DEMO-01,true,-22.66738640,-47.80327223,3d,1.5,6.000,90.00,21.118,0.600,0.000,1831,61.88,85.93,417.17,17.434,14.21,27.30,58.99,false,true,false,false
2026-09-11T10:02:11.400Z,COLH-DEMO-01,true,-22.66738640,-47.80327060,3d,1.5,6.000,90.00,21.123,0.611,0.000,1831,61.90,85.93,417.16,17.435,14.21,27.30,58.99,false,true,false,false
2026-09-11T10:02:11.500Z,COLH-DEMO-01,true,-22.66738640,-47.80326898,3d,1.5,6.000,90.00,21.389,0.622,0.000,1831,61.91,85.93,417.16,17.435,14.21,27.30,58.99,false,true,false,false
2026-09-11T10:02:11.600Z,COLH-DEMO-01,true,-22.66738640,-47.80326736,3d,1.5,6.000,90.00,21.395,0.633,0.000,1831,61.93,85.93,417.16,17.436,14.21,27.30,58.99,false,true,false,false
2026-09-11T10:02:11.700Z,COLH-DEMO-01,true,-22.66738640,-47.80326574,3d,1.5,6.000,90.00,21.400,0.644,0.000,1831,61.95,85.92,417.15,17.437,14.21,27.30,58.99,false,true,false,false
2026-09-11T10:02:11.800Z,COLH-DEMO-01,true,-22.66738640,-47.80326411,3d,1.5,6.000,90.00,21.144,0.655,0.000,1830,61.97,85.92,417.15,17.438,14.21,27.30,58.99,false,true,false,false
2026-09-11T10:02:11.900Z,COLH-DEMO-01,true,-22.66738640,-47.80326249,3d,1.5,6.000,90.00,21.150,0.665,0.000,1830,61.99,85.92,417.15,17.439,14.21,27.30,58.99,false,true,false,false
2026-09-11T10:02:12.000Z,COLH-DEMO-01,true,-22.66738640,-47.80326087,3d,1.5,6.000,90.00,21.155,0.676,0.000,1830,62.01,85.92,417.15,17.439,14.21,27.30,58.99,false,true,false,false
2026-09-11T10:02:12.100Z,COLH-DEMO-01,true,-22.66738640,-47.80325924,3d,1.5,6.000,90.00,21.422,0.686,0.000,1830,62.03,85.92,417.14,17.440,14.21,27.30,58.99,false,true,false,false
2026-09-11T10:02:12.200Z,COLH-DEMO-01,true,-22.66738640,-47.80325762,3d,1.5,6.000,90.00,21.428,0.696,0.000,1830,62.05,85.92,417.14,17.441,14.21,27.30,58.99,false,true,false,false
2026-09-11T10:02:12.300Z,COLH-DEMO-01,true,-22.66738640,-47.80325600,3d,1.5,6.000,90.00,21.172,0.706,0.000,1830,62.07,85.92,417.14,17.442,14.21,27.30,58.99,false,true,false,false
2026-09-11T10:02:12.400Z,COLH-DEMO-01,true,-22.66738640,-47.80325438,3d,1.5,6.000,90.00,21.178,0.716,0.000,1829,62.09,85.92,417.13,17.443,14.21,27.30,59.00,false,true,false,false
2026-09-11T10:02:12.500Z,COLH-DEMO-01,true,-22.66738640,-47.80325275,3d,1.5,6.000,90.00,21.183,0.726,0.000,1829,62.11,85.91,417.13,17.444,14.21,27.30,59.00,false,true,false,false
2026-09-11T10:02:12.600Z,COLH-DEMO-01,true,-22.66738640,-47.80325113,3d,1.5,6.000,90.00,21.189,0.736,0.000,1829,62.12,85.91,417.13,17.445,14.21,27.30,59.00,false,true,false,false
2026-09-11T10:02:12.700Z,COLH-DEMO-01,true,-22.66738640,-47.80324951,3d,1.5,6.000,90.00,21.456,0.745,0.000,1829,62.14,85.91,417.12,17.445,14.21,27.30,59.00,false,true,false,false
2026-09-11T10:02:12.800Z,COLH-DEMO-01,true,-22.66738640,-47.80324789,3d,1.5,6.000,90.00,21.461,0.754,0.000,1829,62.16,85.91,417.12,17.446,14.21,27.30,59.00,false,true,false,false
2026-09-11T10:02:12.900Z,COLH-DEMO-01,true,-22.66738640,-47.80324626,3d,1.5,6.000,90.00,21.206,0.764,0.000,1829,62.18,85.91,417.12,17.447,14.21,27.30,59.00,false,true,false,false
2026-09-11T10:02:13.000Z,COLH-DEMO-01,true,-22.66738640,-47.80324464,3d,1.5,6.000,90.00,21.211,0.773,0.000,1828,62.20,85.91,417.12,17.448,14.21,27.30,59.00,false,true,false,false
2026-09-11T10:02:13.100Z,COLH-DEMO-01,true,-22.66738640,-47.80324302,3d,1.5,6.000,90.00,21.217,0.781,0.000,1828,62.22,85.91,417.11,17.449,14.21,27.30,59.00,false,true,false,false
2026-09-11T10:02:13.200Z,COLH-DEMO-01,true,-22.66738640,-47.80324140,3d,1.5,6.000,90.00,21.223,0.790,0.000,1828,62.24,85.91,417.11,17.450,14.21,27.30,59.00,false,true,false,false
2026-09-11T10:02:13.300Z,COLH-DEMO-01,true,-22.66738640,-47.80323977,3d,1.5,6.000,90.00,21.489,0.799,0.000,1828,62.26,85.91,417.11,17.451,14.21,27.30,59.00,false,true,false,false
2026-09-11T10:02:13.400Z,COLH-DEMO-01,true,-22.66738640,-47.80323815,3d,1.5,6.000,90.00,21.495,0.807,0.000,1828,62.28,85.90,417.11,17.452,14.21,27.30,59.00,false,true,false,false
2026-09-11T10:02:13.500Z,COLH-DEMO-01,true,-22.66738640,-47.80323653,3d,1.5,6.000,90.00,21.240,0.815,0.000,1828,62.30,85.90,417.10,17.453,14.21,27.30,59.00,false,true,false,false
2026-09-11T10:02:13.600Z,COLH-DEMO-01,true,-22.66738640,-47.80323491,3d,1.5,6.000,90.00,21.245,0.823,0.000,1827,62.31,85.90,417.10,17.454,14.21,27.30,59.00,false,true,false,false
2026-09-11T10:02:13.700Z,COLH-DEMO-01,true,-22.66738640,-47.80323328,3d,1.5,6.000,90.00,21.251,0.831,0.000,1827,62.33,85.90,417.10,17.455,14.21,27.30,59.00,false,true,false,false
2026-09-11T10:02:13.800Z,COLH-DEMO-01,true,-22.66738640,-47.80323166,3d,1.5,6.000,90.00,21.257,0.839,0.000,1827,62.35,85.90,417.10,17.456,14.21,27.30,59.00,false,true,false,false
2026-09-11T10:02:13.900Z,COLH-DEMO-01,true,-22.66738640,-47.80323004,3d,1.5,6.000,90.00,21.262,0.847,0.000,1827,62.37,85.90,417.09,17.457,14.21,27.30,59.00,false,true,false,false
2026-09-11T10:02:14.000Z,COLH-DEMO-01,true,-22.66738640,-47.80322842,3d,1.5,6.000,90.00,21.529,0.854,0.000,1827,62.39,85.90,417.09,17.458,14.21,27.30,59.00,false,true,false,false
2026-09-11T10:02:14.100Z,COLH-DEMO-01,true,-22.66738640,-47.80322679,3d,1.5,6.000,90.00,21.535,0.861,0.000,1827,62.41,85.90,417.09,17.459,14.21,27.30,59.00,false,true,false,false
2026-09-11T10:02:14.200Z,COLH-DEMO-01,true,-22.66738640,-47.80322517,3d,1.5,6.000,90.00,21.279,0.868,0.000,1827,62.43,85.89,417.09,17.460,14.21,27.30,59.00,false,true,false,false
2026-09-11T10:02:14.300Z,COLH-DEMO-01,true,-22.66738640,-47.80322355,3d,1.5,6.000,90.00,21.285,0.875,0.000,1826,62.45,85.89,417.08,17.461,14.21,27.30,59.00,false,true,false,false
2026-09-11T10:02:14.400Z,COLH-DEMO-01,true,-22.66738640,-47.80322193,3d,1.5,6.000,90.00,21.290,0.882,0.000,1826,62.47,85.89,417.08,17.462,14.21,27.30,59.00,false,true,false,false
2026-09-11T10:02:14.500Z,COLH-DEMO-01,true,-22.66738640,-47.80322030,3d,1.5,6.000,90.00,21.296,0.889,0.000,1826,62.49,85.89,417.08,17.463,14.21,27.30,59.00,false,true,false,false
2026-09-11T10:02:14.600Z,COLH-DEMO-01,true,-22.66738640,-47.80321868,3d,1.5,6.000,90.00,21.562,0.895,0.000,1826,62.50,85.89,417.08,17.464,14.21,27.30,59.00,false,true,false,false
2026-09-11T10:02:14.700Z,COLH-DEMO-01,true,-22.66738640,-47.80321706,3d,1.5,6.000,90.00,21.568,0.901,0.000,1826,62.52,85.89,417.07,17.465,14.21,27.30,59.00,false,true,false,false
2026-09-11T10:02:14.800Z,COLH-DEMO-01,true,-22.66738640,-47.80321544,3d,1.5,6.000,90.00,21.312,0.907,0.000,1826,62.54,85.89,417.07,17.466,14.21,27.30,59.00,false,true,false,false
2026-09-11T10:02:14.900Z,COLH-DEMO-01,true,-22.66738640,-47.80321381,3d,1.5,6.000,90.00,21.317,0.913,0.000,1826,62.56,85.89,417.07,17.467,14.21,27.30,59.00,false,true,false,false
2026-09-11T10:02:15.000Z,COLH-DEMO-01,true,-22.66738640,-47.80321219,3d,1.5,6.000,90.00,21.323,0.919,0.000,1825,62.58,85.88,417.07,17.468,14.21,27.30,59.00,false,true,false,false
2026-09-11T10:02:15.100Z,COLH-DEMO-01,true,-22.66738640,-47.80321057,3d,1.5,6.000,90.00,21.328,0.924,0.000,1825,62.60,85.88,417.07,17.469,14.21,27.30,59.00,false,true,false,false
2026-09-11T10:02:15.200Z,COLH-DEMO-01,true,-22.66738640,-47.80320895,3d,1.5,6.000,90.00,21.333,0.929,0.000,1825,62.62,85.88,417.06,17.470,14.21,27.30,59.00,false,true,false,false
2026-09-11T10:02:15.300Z,COLH-DEMO-01,true,-22.66738640,-47.80320732,3d,1.5,6.000,90.00,21.600,0.934,0.000,1825,62.64,85.88,417.06,17.471,14.21,27.30,59.00,false,true,false,false
2026-09-11T10:02:15.400Z,COLH-DEMO-01,true,-22.66738640,-47.80320570,3d,1.5,6.000,90.00,21.605,0.939,0.000,1825,62.65,85.88,417.06,17.472,14.21,27.30,59.00,false,true,false,false
2026-09-11T10:02:15.500Z,COLH-DEMO-01,true,-22.66738640,-47.80320408,3d,1.5,6.000,90.00,21.349,0.944,0.000,1825,62.67,85.88,417.06,17.473,14.21,27.30,59.00,false,true,false,false
2026-09-11T10:02:15.600Z,COLH-DEMO-01,true,-22.66738640,-47.80320246,3d,1.5,6.000,90.00,21.354,0.949,0.000,1825,62.69,85.88,417.06,17.474,14.21,27.30,59.00,false,true,false,false
2026-09-11T10:02:15.700Z,COLH-DEMO-01,true,-22.66738640,-47.80320083,3d,1.5,6.000,90.00,21.359,0.953,0.000,1825,62.71,85.88,417.05,17.475,14.21,27.30,59.00,false,true,false,false
2026-09-11T10:02:15.800Z,COLH-DEMO-01,true,-22.66738640,-47.80319921,3d,1.5,6.000,90.00,21.364,0.957,0.000,1824,62.73,85.87,417.05,17.477,14.21,27.30,59.00,false,true,false,false
2026-09-11T10:02:15.900Z,COLH-DEMO-01,true,-22.66738640,-47.80319759,3d,1.5,6.000,90.00,21.369,0.961,0.000,1824,62.75,85.87,417.05,17.478,14.21,27.30,59.00,false,true,false,false
2026-09-11T10:02:16.000Z,COLH-DEMO-01,true,-22.66738640,-47.80319597,3d,1.5,6.000,90.00,21.374,0.965,0.000,1824,62.77,85.87,417.05,17.479,14.21,27.30,59.00,false,true,false,false
2026-09-11T10:02:16.100Z,COLH-DEMO-01,true,-22.66738640,-47.80319434,3d,1.5,6.000,90.00,21.640,0.969,0.000,1824,62.79,85.87,417.05,17.480,14.21,27.30,59.00,false,true,false,false
2026-09-11T10:02:16.200Z,COLH-DEMO-01,true,-22.66738640,-47.80319272,3d,1.5,6.000,90.00,21.645,0.972,0.000,1824,62.80,85.87,417.04,17.481,14.21,27.30,59.00,false,true,false,false
2026-09-11T10:02:16.300Z,COLH-DEMO-01,true,-22.66738640,-47.80319110,3d,1.5,6.000,90.00,21.388,0.975,0.000,1824,62.82,85.87,417.04,17.482,14.21,27.30,59.00,false,true,false,false
2026-09-11T10:02:16.400Z,COLH-DEMO-01,true,-22.66738640,-47.80318947,3d,1.5,6.000,90.00,21.393,0.978,0.000,1824,62.84,85.87,417.04,17.483,14.21,27.30,59.00,false,true,false,false
2026-09-11T10:02:16.500Z,COLH-DEMO-01,true,-22.66738640,-47.80318785,3d,1.5,6.000,90.00,21.398,0.981,0.000,1824,62.86,85.87,417.04,17.485,14.21,27.30,59.00,false,true,false,false
2026-09-11T10:02:16.600Z,COLH-DEMO-01,true,-22.66738640,-47.80318623,3d,1.5,6.000,90.00,21.402,0.984,0.000,1824,62.88,85.86,417.04,17.486,14.21,27.30,59.00,false,true,false,false
2026-09-11T10:02:16.700Z,COLH-DEMO-01,true,-22.66738640,-47.80318461,3d,1.5,6.000,90.00,21.407,0.986,0.000,1823,62.90,85.86,417.04,17.487,14.21,27.30,59.00,false,true,false,false
2026-09-11T10:02:16.800Z,COLH-DEMO-01,true,-22.66738640,-47.80318298,3d,1.5,6.000,90.00,21.411,0.988,0.000,1823,62.92,85.86,417.03,17.488,14.21,27.30,59.00,false,true,false,false
2026-09-11T10:02:16.900Z,COLH-DEMO-01,true,-22.66738640,-47.80318136,3d,1.5,6.000,90.00,21.677,0.990,0.000,1823,62.93,85.86,417.03,17.489,14.21,27.30,59.00,false,true,false,false
2026-09-11T10:02:17.000Z,COLH-DEMO-01,true,-22.66738640,-47.80317974,3d,1.5,6.000,90.00,21.681,0.992,0.000,1823,62.95,85.86,417.03,17.491,14.21,27.30,59.00,false,true,false,false
2026-09-11T10:02:17.100Z,COLH-DEMO-01,true,-22.66738640,-47.80317812,3d,1.5,6.000,90.00,21.424,0.994,0.000,1823,62.97,85.86,417.03,17.492,14.21,27.30,59.00,false,true,false,false
2026-09-11T10:02:17.200Z,COLH-DEMO-01,true,-22.66738640,-47.80317649,3d,1.5,6.000,90.00,21.428,0.995,0.000,1823,62.99,85.86,417.03,17.493,14.21,27.30,59.00,false,true,false,false
2026-09-11T10:02:17.300Z,COLH-DEMO-01,true,-22.66738640,-47.80317487,3d,1.5,6.000,90.00,21.432,0.997,0.000,1823,63.01,85.86,417.03,17.494,14.21,27.30,59.00,false,true,false,false
2026-09-11T10:02:17.400Z,COLH-DEMO-01,true,-22.66738640,-47.80317325,3d,1.5,6.000,90.00,21.436,0.998,0.000,1823,63.03,85.86,417.03,17.496,14.21,27.30,59.00,false,true,false,false
2026-09-11T10:02:17.500Z,COLH-DEMO-01,true,-22.66738640,-47.80317163,3d,1.5,6.000,90.00,21.440,0.999,0.000,1823,63.05,85.85,417.02,17.497,14.21,27.30,59.00,false,true,false,false
2026-09-11T10:02:17.600Z,COLH-DEMO-01,true,-22.66738640,-47.80317000,3d,1.5,6.000,90.00,21.444,0.999,0.000,1822,63.06,85.85,417.02,17.498,14.21,27.30,59.00,false,true,false,false
2026-09-11T10:02:17.700Z,COLH-DEMO-01,true,-22.66738640,-47.80316838,3d,1.5,6.000,90.00,21.448,1.000,0.000,1822,63.08,85.85,417.02,17.499,14.21,27.30,59.00,false,true,false,false
2026-09-11T10:02:17.800Z,COLH-DEMO-01,true,-22.66738640,-47.80316676,3d,1.5,6.000,90.00,21.713,1.000,0.000,1822,63.10,85.85,417.02,17.501,14.21,27.30,59.00,false,true,false,false
2026-09-11T10:02:17.900Z,COLH-DEMO-01,true,-22.66738640,-47.80316514,3d,1.5,6.000,90.00,21.455,1.000,0.000,1822,63.12,85.85,417.02,17.502,14.21,27.30,59.00,false,true,false,false
2026-09-11T10:02:18.000Z,COLH-DEMO-01,true,-22.66738640,-47.80316351,3d,1.5,6.000,90.00,21.459,1.000,0.000,1822,63.14,85.85,417.02,17.503,14.21,27.30,59.00,false,true,false,false
2026-09-11T10:02:18.100Z,COLH-DEMO-01,true,-22.66738640,-47.80316189,3d,1.5,6.000,90.00,21.462,1.000,0.000,1822,63.16,85.85,417.02,17.505,14.21,27.30,59.00,false,true,false,false
2026-09-11T10:02:18.200Z,COLH-DEMO-01,true,-22.66738640,-47.80316027,3d,1.5,6.000,90.00,21.466,0.999,0.000,1822,63.17,85.85,417.02,17.506,14.21,27.30,59.00,false,true,false,false
2026-09-11T10:02:18.300Z,COLH-DEMO-01,true,-22.66738640,-47.80315865,3d,1.5,6.000,90.00,21.469,0.998,0.000,1822,63.19,85.84,417.02,17.507,14.21,27.30,59.00,false,true,false,false
2026-09-11T10:02:18.400Z,COLH-DEMO-01,true,-22.66738640,-47.80315702,3d,1.5,6.000,90.00,21.472,0.997,0.000,1822,63.21,85.84,417.01,17.508,14.21,27.30,59.00,false,true,false,false
2026-09-11T10:02:18.500Z,COLH-DEMO-01,true,-22.66738640,-47.80315540,3d,1.5,6.000,90.00,21.475,0.996,0.000,1822,63.23,85.84,417.01,17.510,14.21,27.30,59.00,false,true,false,false
2026-09-11T10:02:18.600Z,COLH-DEMO-01,true,-22.66738640,-47.80315378,3d,1.5,6.000,90.00,21.478,0.995,0.000,1822,63.25,85.84,417.01,17.511,14.21,27.30,59.00,false,true,false,false
2026-09-11T10:02:18.700Z,COLH-DEMO-01,true,-22.66738640,-47.80315216,3d,1.5,6.000,90.00,21.481,0.993,0.000,1822,63.26,85.84,417.01,17.512,14.21,27.30,59.00,false,true,false,false
2026-09-11T10:02:18.800Z,COLH-DEMO-01,true,-22.66738640,-47.80315053,3d,1.5,6.000,90.00,21.484,0.992,0.000,1822,63.28,85.84,417.01,17.514,14.21,27.30,59.00,false,true,false,false
2026-09-11T10:02:18.900Z,COLH-DEMO-01,true,-22.66738640,-47.80314891,3d,1.5,6.000,90.00,21.487,0.990,0.000,1821,63.30,85.84,417.01,17.515,14.21,27.30,59.00,false,true,false,false
2026-09-11T10:02:19.000Z,COLH-DEMO-01,true,-22.66738640,-47.80314729,3d,1.5,6.000,90.00,21.489,0.988,0.000,1821,63.32,85.84,417.01,17.517,14.21,27.30,59.00,false,true,false,false
2026-09-11T10:02:19.100Z,COLH-DEMO-01,true,-22.66738640,-47.80314567,3d,1.5,6.000,90.00,21.492,0.985,0.000,1821,63.34,85.84,417.01,17.518,14.21,27.30,59.00,false,true,false,false
2026-09-11T10:02:19.200Z,COLH-DEMO-01,true,-22.66738640,-47.80314404,3d,1.5,6.000,90.00,21.495,0.983,0.000,1821,63.35,85.83,417.01,17.519,14.21,27.30,59.00,false,true,false,false
2026-09-11T10:02:19.300Z,COLH-DEMO-01,true,-22.66738640,-47.80314242,3d,1.5,6.000,90.00,21.497,0.980,0.000,1821,63.37,85.83,417.01,17.521,14.21,27.30,59.00,false,true,false,false
2026-09-11T10:02:19.400Z,COLH-DEMO-01,true,-22.66738640,-47.80314080,3d,1.5,6.000,90.00,21.499,0.977,0.000,1821,63.39,85.83,417.01,17.522,14.21,27.30,59.00,false,true,false,false
2026-09-11T10:02:19.500Z,COLH-DEMO-01,true,-22.66738640,-47.80313918,3d,1.5,6.000,90.00,21.501,0.974,0.000,1821,63.41,85.83,417.01,17.523,14.21,27.30,59.00,false,true,false,false
2026-09-11T10:02:19.600Z,COLH-DEMO-01,true,-22.66738640,-47.80313755,3d,1.5,6.000,90.00,21.503,0.971,0.000,1821,63.43,85.83,417.01,17.525,14.21,27.30,59.00,false,true,false,false
2026-09-11T10:02:19.700Z,COLH-DEMO-01,true,-22.66738640,-47.80313593,3d,1.5,6.000,90.00,21.505,0.967,0.000,1821,63.44,85.83,417.00,17.526,14.21,27.30,59.00,false,true,false,false
2026-09-11T10:02:19.800Z,COLH-DEMO-01,true,-22.66738640,-47.80313431,3d,1.5,6.000,90.00,21.507,0.964,0.000,1821,63.46,85.83,417.00,17.528,14.21,27.30,59.00,false,true,false,false
2026-09-11T10:02:19.900Z,COLH-DEMO-01,true,-22.66738640,-47.80313269,3d,1.5,6.000,90.00,21.509,0.960,0.000,1821,63.48,85.83,417.00,17.529,14.21,27.30,59.00,false,true,false,false
2026-09-11T10:02:20.000Z,COLH-DEMO-01,true,-22.66738640,-47.80313106,3d,1.5,6.000,90.00,21.511,0.956,0.000,1821,63.50,85.82,417.00,17.531,14.21,27.30,59.00,false,true,false,false
2026-09-11T10:02:20.100Z,COLH-DEMO-01,true,-22.66738640,-47.80312944,3d,1.5,6.000,90.00,21.512,0.952,0.000,1821,63.51,85.82,417.00,17.532,14.21,27.30,59.00,false,true,false,false
2026-09-11T10:02:20.200Z,COLH-DEMO-01,true,-22.66738640,-47.80312782,3d,1.5,6.000,90.00,21.514,0.947,0.000,1821,63.53,85.82,417.00,17.533,14.21,27.30,59.00,false,true,false,false
2026-09-11T10:02:20.300Z,COLH-DEMO-01,true,-22.66738640,-47.80312620,3d,1.5,6.000,90.00,21.515,0.943,0.000,1821,63.55,85.82,417.00,17.535,14.21,27.30,59.00,false,true,false,false
2026-09-11T10:02:20.400Z,COLH-DEMO-01,true,-22.66738640,-47.80312457,3d,1.5,6.000,90.00,21.516,0.938,0.000,1821,63.57,85.82,417.00,17.536,14.21,27.30,59.00,false,true,false,false
2026-09-11T10:02:20.500Z,COLH-DEMO-01,true,-22.66738640,-47.80312295,3d,1.5,6.000,90.00,21.517,0.933,0.000,1821,63.58,85.82,417.00,17.538,14.21,27.30,59.00,false,true,false,false
2026-09-11T10:02:20.600Z,COLH-DEMO-01,true,-22.66738640,-47.80312133,3d,1.5,6.000,90.00,21.518,0.928,0.000,1820,63.60,85.82,417.00,17.539,14.21,27.30,59.00,false,true,false,false
2026-09-11T10:02:20.700Z,COLH-DEMO-01,true,-22.66738640,-47.80311970,3d,1.5,6.000,90.00,21.519,0.922,0.000,1820,63.62,85.82,417.00,17.541,14.21,27.30,59.00,false,true,false,false
2026-09-11T10:02:20.800Z,COLH-DEMO-01,true,-22.66738640,-47.80311808,3d,1.5,6.000,90.00,21.520,0.917,0.000,1820,63.64,85.82,417.00,17.542,14.21,27.30,59.00,false,true,false,false
2026-09-11T10:02:20.900Z,COLH-DEMO-01,true,-22.66738640,-47.80311646,3d,1.5,6.000,90.00,21.521,0.911,0.000,1820,63.65,85.81,417.00,17.544,14.21,27.30,59.00,false,true,false,false
2026-09-11T10:02:21.000Z,COLH-DEMO-01,true,-22.66738640,-47.80311484,3d,1.5,6.000,90.00,21.522,0.905,0.000,1820,63.67,85.81,417.00,17.545,14.21,27.30,59.00,false,true,false,false
2026-09-11T10:02:21.100Z,COLH-DEMO-01,true,-22.66738640,-47.80311321,3d,1.5,6.000,90.00,21.522,0.899,0.000,1820,63.69,85.81,417.00,17.547,14.21,27.30,59.00,false,true,false,false
2026-09-11T10:02:21.200Z,COLH-DEMO-01,true,-22.66738640,-47.80311159,3d,1.5,6.000,90.00,21.522,0.893,0.000,1820,63.71,85.81,417.00,17.548,14.21,27.30,59.00,false,true,false,false
2026-09-11T10:02:21.300Z,COLH-DEMO-01,true,-22.66738640,-47.80310997,3d,1.5,6.000,90.00,21.523,0.887,0.000,1820,63.72,85.81,417.00,17.550,14.21,27.30,59.00,false,true,false,false
2026-09-11T10:02:21.400Z,COLH-DEMO-01,true,-22.66738640,-47.80310835,3d,1.5,6.000,90.00,21.523,0.880,0.000,1820,63.74,85.81,417.00,17.551,14.21,27.30,59.00,false,true,false,false
2026-09-11T10:02:21.500Z,COLH-DEMO-01,true,-22.66738640,-47.80310672,3d,1.5,6.000,90.00,21.523,0.873,0.000,1820,63.76,85.81,417.00,17.553,14.21,27.30,59.00,false,true,false,false
2026-09-11T10:02:21.600Z,COLH-DEMO-01,true,-22.66738640,-47.80310510,3d,1.5,6.000,90.00,21.523,0.866,0.000,1820,63.77,85.81,417.00,17.554,14.21,27.30,59.00,false,true,false,false
2026-09-11T10:02:21.700Z,COLH-DEMO-01,true,-22.66738640,-47.80310348,3d,1.5,6.000,90.00,21.523,0.859,0.000,1820,63.79,85.80,417.00,17.556,14.21,27.30,59.00,false,true,false,false
2026-09-11T10:02:21.800Z,COLH-DEMO-01,true,-22.66738640,-47.80310186,3d,1.5,6.000,90.00,21.523,0.852,0.000,1820,63.81,85.80,417.00,17.558,14.21,27.30,59.00,false,true,false,false
2026-09-11T10:02:21.900Z,COLH-DEMO-01,true,-22.66738640,-47.80310023,3d,1.5,6.000,90.00,21.522,0.844,0.000,1820,63.83,85.80,417.00,17.559,14.21,27.30,59.00,false,true,false,false
2026-09-11T10:02:22.000Z,COLH-DEMO-01,true,-22.66738640,-47.80309861,3d,1.5,6.000,90.00,21.522,0.837,0.000,1820,63.84,85.80,417.00,17.561,14.21,27.30,59.00,false,true,false,false
2026-09-11T10:02:22.100Z,COLH-DEMO-01,true,-22.66738640,-47.80309699,3d,1.5,6.000,90.00,21.521,0.829,0.000,1820,63.86,85.80,417.00,17.562,14.21,27.30,59.00,false,true,false,false
2026-09-11T10:02:22.200Z,COLH-DEMO-01,true,-22.66738640,-47.80309537,3d,1.5,6.000,90.00,21.521,0.821,0.000,1820,63.88,85.80,417.00,17.564,14.21,27.30,59.00,false,true,false,false
2026-09-11T10:02:22.300Z,COLH-DEMO-01,true,-22.66738640,-47.80309374,3d,1.5,6.000,90.00,21.520,0.813,0.000,1820,63.89,85.80,417.00,17.565,14.21,27.30,59.00,false,true,false,false
2026-09-11T10:02:22.400Z,COLH-DEMO-01,true,-22.66738640,-47.80309212,3d,1.5,6.000,90.00,21.519,0.804,0.000,1820,63.91,85.80,417.00,17.567,14.21,27.30,59.00,false,true,false,false
2026-09-11T10:02:22.500Z,COLH-DEMO-01,true,-22.66738640,-47.80309050,3d,1.5,6.000,90.00,21.518,0.796,0.000,1820,63.93,85.80,417.00,17.569,14.21,27.30,59.00,false,true,false,false
2026-09-11T10:02:22.600Z,COLH-DEMO-01,true,-22.66738640,-47.80308888,3d,1.5,6.000,90.00,21.517,0.787,0.000,1820,63.94,85.79,417.00,17.570,14.21,27.30,59.00,false,true,false,false
2026-09-11T10:02:22.700Z,COLH-DEMO-01,true,-22.66738640,-47.80308725,3d,1.5,6.000,90.00,21.516,0.779,0.000,1820,63.96,85.79,417.00,17.572,14.21,27.30,59.00,false,true,false,false
2026-09-11T10:02:22.800Z,COLH-DEMO-01,true,-22.66738640,-47.80308563,3d,1.5,6.000,90.00,21.514,0.770,0.000,1820,63.98,85.79,417.00,17.573,14.21,27.30,59.00,false,true,false,false
2026-09-11T10:02:22.900Z,COLH-DEMO-01,true,-22.66738640,-47.80308401,3d,1.5,6.000,90.00,21.513,0.761,0.000,1820,63.99,85.79,417.00,17.575,14.21,27.30,59.00,false,true,false,false
2026-09-11T10:02:23.000Z,COLH-DEMO-01,true,-22.66738640,-47.80308239,3d,1.5,6.000,90.00,21.512,0.751,0.000,1820,64.01,85.79,417.00,17.577,14.21,27.30,59.00,false,true,false,false
2026-09-11T10:02:23.100Z,COLH-DEMO-01,true,-22.66738640,-47.80308076,3d,1.5,6.000,90.00,21.249,0.742,0.000,1820,64.03,85.79,417.00,17.578,14.21,27.30,59.00,false,true,false,false
2026-09-11T10:02:23.200Z,COLH-DEMO-01,true,-22.66738640,-47.80307914,3d,1.5,6.000,90.00,21.508,0.733,0.000,1820,64.04,85.79,417.01,17.580,14.21,27.30,59.00,false,true,false,false
2026-09-11T10:02:23.300Z,COLH-DEMO-01,true,-22.66738640,-47.80307752,3d,1.5,6.000,90.00,21.506,0.723,0.000,1820,64.06,85.79,417.01,17.582,14.21,27.30,59.00,false,true,false,false
2026-09-11T10:02:23.400Z,COLH-DEMO-01,true,-22.66738640,-47.80307590,3d,1.5,6.000,90.00,21.504,0.713,0.000,1820,64.07,85.79,417.01,17.583,14.21,27.30,59.00,false,true,false,false
2026-09-11T10:02:23.500Z,COLH-DEMO-01,true,-22.66738640,-47.80307427,3d,1.5,6.000,90.00,21.502,0.703,0.000,1820,64.09,85.78,417.01,17.585,14.21,27.30,59.00,false,true,false,false
2026-09-11T10:02:23.600Z,COLH-DEMO-01,true,-22.66738640,-47.80307265,3d,1.5,6.000,90.00,21.500,0.693,0.000,1820,64.11,85.78,417.01,17.587,14.21,27.30,59.00,false,true,false,false
2026-09-11T10:02:23.700Z,COLH-DEMO-01,true,-22.66738640,-47.80307103,3d,1.5,6.000,90.00,21.498,0.683,0.000,1820,64.12,85.78,417.01,17.588,14.21,27.30,59.00,false,true,false,false
2026-09-11T10:02:23.800Z,COLH-DEMO-01,true,-22.66738640,-47.80306941,3d,1.5,6.000,90.00,21.496,0.673,0.000,1820,64.14,85.78,417.01,17.590,14.21,27.30,59.00,false,true,false,false
2026-09-11T10:02:23.900Z,COLH-DEMO-01,true,-22.66738640,-47.80306778,3d,1.5,6.000,90.00,21.493,0.662,0.000,1820,64.16,85.78,417.01,17.592,14.21,27.30,59.00,false,true,false,false
2026-09-11T10:02:24.000Z,COLH-DEMO-01,true,-22.66738640,-47.80306616,3d,1.5,6.000,90.00,21.223,0.651,0.000,1820,64.17,85.78,417.01,17.593,14.21,27.30,59.00,false,true,false,false
2026-09-11T10:02:24.100Z,COLH-DEMO-01,true,-22.66738640,-47.80306456,3d,1.5,5.850,90.00,22.743,0.641,0.000,1820,64.19,85.78,417.01,17.595,14.21,27.30,59.00,false,true,false,false
2026-09-11T10:02:24.200Z,COLH-DEMO-01,true,-22.66738640,-47.80306300,3d,1.5,5.700,90.00,24.262,0.630,0.000,1820,64.20,85.78,417.01,17.597,14.21,27.30,59.00,false,true,false,false
2026-09-11T10:02:24.300Z,COLH-DEMO-01,true,-22.66738640,-47.80306148,3d,1.5,5.550,90.00,25.782,0.619,0.000,1820,64.22,85.78,417.01,17.598,14.21,27.30,59.00,false,true,false,true
2026-09-11T10:02:24.400Z,COLH-DEMO-01,true,-22.66738640,-47.80305999,3d,1.5,5.400,90.00,27.301,0.608,0.000,1820,64.24,85.77,417.02,17.600,14.21,27.30,59.00,false,true,false,true
2026-09-11T10:02:24.500Z,COLH-DEMO-01,true,-22.66738640,-47.80305855,3d,1.5,5.250,90.00,28.821,0.596,0.000,1820,64.25,85.77,417.02,17.602,14.21,27.30,59.00,false,true,false,true
2026-09-11T10:02:24.600Z,COLH-DEMO-01,true,-22.66738640,-47.80305716,3d,1.5,5.100,90.00,30.340,0.585,0.000,1820,64.27,85.77,417.02,17.604,14.21,27.30,59.00,false,true,false,true
2026-09-11T10:02:24.700Z,COLH-DEMO-01,true,-22.66738640,-47.80305580,3d,1.5,4.950,90.00,31.859,0.574,0.000,1820,64.28,85.77,417.02,17.605,14.21,27.30,59.00,false,true,false,true
2026-09-11T10:02:24.800Z,COLH-DEMO-01,true,-22.66738640,-47.80305448,3d,1.5,4.800,90.00,33.379,0.562,0.000,1820,64.30,85.77,417.02,17.607,14.21,27.30,59.00,false,true,false,true
2026-09-11T10:02:24.900Z,COLH-DEMO-01,true,-22.66738640,-47.80305320,3d,1.5,4.650,90.00,34.898,0.550,0.000,1820,64.31,85.77,417.02,17.609,14.21,27.30,59.00,false,true,false,true
2026-09-11T10:02:25.000Z,COLH-DEMO-01,true,-22.66738640,-47.80305196,3d,1.5,4.500,90.00,36.418,0.538,0.000,1820,64.33,85.77,417.02,17.611,14.21,27.30,59.00,false,true,false,true
2026-09-11T10:02:25.100Z,COLH-DEMO-01,true,-22.66738640,-47.80305077,3d,1.5,4.350,90.00,37.937,0.527,0.000,1820,64.34,85.77,417.02,17.612,14.21,27.30,59.00,false,true,false,true
2026-09-11T10:02:25.200Z,COLH-DEMO-01,true,-22.66738640,-47.80304961,3d,1.5,4.200,90.00,39.456,0.515,0.000,1820,64.36,85.77,417.02,17.614,14.21,27.30,59.00,false,true,false,true
2026-09-11T10:02:25.300Z,COLH-DEMO-01,true,-22.66738640,-47.80304849,3d,1.5,4.050,90.00,40.976,0.502,0.000,1820,64.38,85.76,417.03,17.616,14.21,27.30,59.00,false,true,false,true
2026-09-11T10:02:25.400Z,COLH-DEMO-01,true,-22.66738640,-47.80304742,3d,1.5,3.900,90.00,42.495,0.490,0.000,1821,64.39,85.76,417.03,17.618,14.21,27.30,59.00,false,true,false,true
2026-09-11T10:02:25.500Z,COLH-DEMO-01,true,-22.66738640,-47.80304639,3d,1.5,3.750,90.00,44.015,0.478,0.000,1821,64.41,85.76,417.03,17.619,14.21,27.30,59.00,false,true,false,true
2026-09-11T10:02:25.600Z,COLH-DEMO-01,true,-22.66738640,-47.80304539,3d,1.5,3.600,90.00,45.534,0.465,0.000,1821,64.42,85.76,417.03,17.621,14.21,27.30,59.00,false,true,false,true
2026-09-11T10:02:25.700Z,COLH-DEMO-01,true,-22.66738640,-47.80304444,3d,1.5,3.450,90.00,47.053,0.453,0.000,1821,64.44,85.76,417.03,17.623,14.21,27.30,59.00,false,true,false,true
2026-09-11T10:02:25.800Z,COLH-DEMO-01,true,-22.66738640,-47.80304353,3d,1.5,3.300,90.00,48.573,0.440,0.000,1821,64.45,85.76,417.03,17.625,14.21,27.30,59.00,false,true,false,true
2026-09-11T10:02:25.900Z,COLH-DEMO-01,true,-22.66738640,-47.80304265,3d,1.5,3.150,90.00,50.092,0.428,0.000,1821,64.47,85.76,417.03,17.627,14.21,27.30,59.00,false,true,false,true
2026-09-11T10:02:26.000Z,COLH-DEMO-01,true,-22.66738640,-47.80304182,3d,1.5,3.000,90.00,51.612,0.415,0.000,1821,64.48,85.76,417.04,17.628,14.21,27.30,59.00,false,true,false,true
2026-09-11T10:02:26.100Z,COLH-DEMO-01,true,-22.66738640,-47.80304103,3d,1.5,2.850,90.00,53.131,0.402,0.000,1821,64.50,85.76,417.04,17.630,14.21,27.30,59.00,false,true,false,true
2026-09-11T10:02:26.200Z,COLH-DEMO-01,true,-22.66738640,-47.80304028,3d,1.5,2.700,90.00,54.651,0.389,0.000,1821,64.51,85.75,417.04,17.632,14.21,27.30,59.00,false,true,false,true
2026-09-11T10:02:26.300Z,COLH-DEMO-01,true,-22.66738640,-47.80303957,3d,1.5,2.550,90.00,56.170,0.376,0.000,1821,64.53,85.75,417.04,17.634,14.21,27.30,59.00,false,true,false,true
2026-09-11T10:02:26.400Z,COLH-DEMO-01,true,-22.66738640,-47.80303890,3d,1.5,2.400,90.00,57.689,0.363,0.000,1821,64.54,85.75,417.04,17.636,14.21,27.30,59.00,false,true,false,true
2026-09-11T10:02:26.500Z,COLH-DEMO-01,true,-22.66738640,-47.80303827,3d,1.5,2.250,90.00,59.209,0.350,0.000,1821,64.56,85.75,417.04,17.638,14.21,27.30,59.00,false,true,false,true
2026-09-11T10:02:26.600Z,COLH-DEMO-01,true,-22.66738640,-47.80303768,3d,1.5,2.100,90.00,60.728,0.337,0.000,1821,64.57,85.75,417.05,17.639,14.21,27.30,59.00,false,true,false,true
2026-09-11T10:02:26.700Z,COLH-DEMO-01,true,-22.66738640,-47.80303714,3d,1.5,1.950,90.00,62.248,0.323,0.000,1821,64.58,85.75,417.05,17.641,14.21,27.30,59.00,false,true,false,true
2026-09-11T10:02:26.800Z,COLH-DEMO-01,true,-22.66738640,-47.80303663,3d,1.5,1.800,90.00,63.767,0.310,0.000,1821,64.60,85.75,417.05,17.643,14.21,27.30,59.00,false,true,false,true
2026-09-11T10:02:26.900Z,COLH-DEMO-01,true,-22.66738640,-47.80303616,3d,1.5,1.650,90.00,65.286,0.296,0.000,1821,64.61,85.75,417.05,17.645,14.21,27.30,59.00,false,true,false,true
2026-09-11T10:02:27.000Z,COLH-DEMO-01,true,-22.66738640,-47.80303574,3d,1.5,1.500,90.00,66.806,0.283,0.000,1821,64.63,85.75,417.05,17.647,14.21,27.30,59.00,false,true,false,true
2026-09-11T10:02:27.100Z,COLH-DEMO-01,true,-22.66738640,-47.80303535,3d,1.5,1.350,90.00,68.325,0.269,0.000,1822,64.64,85.74,417.05,17.649,14.21,27.30,59.00,false,true,false,true
2026-09-11T10:02:27.200Z,COLH-DEMO-01,true,-22.66738640,-47.80303501,3d,1.5,1.200,90.00,69.845,0.256,0.000,1822,64.66,85.74,417.06,17.651,14.21,27.30,59.00,false,true,false,true
2026-09-11T10:02:27.300Z,COLH-DEMO-01,true,-22.66738640,-47.80303470,3d,1.5,1.050,90.00,71.364,0.242,0.000,1822,64.67,85.74,417.06,17.652,14.21,27.30,59.00,false,true,false,true
2026-09-11T10:02:27.400Z,COLH-DEMO-01,true,-22.66738640,-47.80303444,3d,1.5,0.900,90.00,72.884,0.229,0.000,1822,64.68,85.74,417.06,17.654,14.21,27.30,59.00,false,true,false,true
2026-09-11T10:02:27.500Z,COLH-DEMO-01,true,-22.66738640,-47.80303422,3d,1.5,0.750,90.00,74.403,0.215,0.000,1822,64.70,85.74,417.06,17.656,14.21,27.30,59.00,false,true,false,true
2026-09-11T10:02:27.600Z,COLH-DEMO-01,true,-22.66738640,-47.80303403,3d,1.5,0.600,90.00,75.922,0.201,0.000,1822,64.71,85.74,417.06,17.658,14.21,27.30,59.00,false,true,false,true
2026-09-11T10:02:27.700Z,COLH-DEMO-01,true,-22.66738640,-47.80303389,3d,1.5,0.450,90.00,77.442,0.187,0.000,1822,64.73,85.74,417.07,17.660,14.21,27.30,59.00,false,true,false,true
2026-09-11T10:02:27.800Z,COLH-DEMO-01,true,-22.66738640,-47.80303379,3d,1.5,0.300,90.00,78.961,0.173,0.000,1822,64.74,85.74,417.07,17.662,14.21,27.30,59.00,false,true,false,true
2026-09-11T10:02:27.900Z,COLH-DEMO-01,true,-22.66738640,-47.80303373,3d,1.5,0.150,90.00,80.481,0.159,0.000,1822,64.75,85.74,417.07,17.664,14.21,27.30,59.00,false,true,false,true
2026-09-11T10:02:28.000Z,COLH-DEMO-01,true,-22.66738640,-47.80303371,3d,1.5,0.000,90.00,82.103,0.146,0.000,1822,64.77,85.74,417.07,17.666,14.21,27.30,59.00,false,true,false,true
2026-09-11T10:02:28.100Z,COLH-DEMO-01,true,-22.66738640,-47.80303371,3d,1.5,0.000,90.00,82.097,0.132,0.000,1822,64.78,85.73,417.08,17.668,14.21,27.30,59.00,false,true,false,true
2026-09-11T10:02:28.200Z,COLH-DEMO-01,true,-22.66738640,-47.80303371,3d,1.5,0.000,90.00,82.092,0.118,0.000,1822,64.80,85.73,417.08,17.670,14.21,27.30,59.00,false,true,false,true
2026-09-11T10:02:28.300Z,COLH-DEMO-01,true,-22.66738640,-47.80303371,3d,1.5,0.000,90.00,82.087,0.104,0.000,1823,64.81,85.73,417.08,17.672,14.21,27.30,59.00,false,true,false,true
2026-09-11T10:02:28.400Z,COLH-DEMO-01,true,-22.66738640,-47.80303371,3d,1.5,0.000,90.00,82.081,0.090,0.000,1823,64.82,85.73,417.08,17.673,14.21,27.30,59.00,false,true,false,true
2026-09-11T10:02:28.500Z,COLH-DEMO-01,true,-22.66738640,-47.80303371,3d,1.5,0.000,90.00,82.076,0.076,0.000,1823,64.84,85.73,417.08,17.675,14.21,27.30,59.00,false,true,false,true
2026-09-11T10:02:28.600Z,COLH-DEMO-01,true,-22.66738640,-47.80303371,3d,1.5,0.000,90.00,82.070,0.062,0.000,1823,64.85,85.73,417.09,17.677,14.21,27.30,59.00,false,true,false,true
2026-09-11T10:02:28.700Z,COLH-DEMO-01,true,-22.66738640,-47.80303371,3d,1.5,0.000,90.00,82.065,0.047,0.000,1823,64.86,85.73,417.09,17.679,14.21,27.30,59.00,false,true,false,true
2026-09-11T10:02:28.800Z,COLH-DEMO-01,true,-22.66738640,-47.80303371,3d,1.5,0.000,90.00,82.059,0.033,0.000,1823,64.88,85.73,417.09,17.681,14.20,27.30,59.00,false,true,false,true
2026-09-11T10:02:28.900Z,COLH-DEMO-01,true,-22.66738640,-47.80303371,3d,1.5,0.000,90.00,82.054,0.019,0.000,1823,64.89,85.73,417.09,17.683,14.20,27.30,59.00,false,true,false,true
2026-09-11T10:02:29.000Z,COLH-DEMO-01,true,-22.66738640,-47.80303371,3d,1.5,0.000,90.00,82.048,0.005,0.000,1823,64.90,85.72,417.10,17.685,14.20,27.30,59.00,false,true,false,true
2026-09-11T10:02:29.100Z,COLH-DEMO-01,true,-22.66738640,-47.80303371,3d,1.5,0.000,90.00,82.043,-0.009,0.000,1823,64.92,85.72,417.10,17.687,14.20,27.30,59.00,false,true,false,true
2026-09-11T10:02:29.200Z,COLH-DEMO-01,true,-22.66738640,-47.80303371,3d,1.5,0.000,90.00,82.037,-0.023,0.000,1823,64.93,85.72,417.10,17.689,14.20,27.30,59.00,false,true,false,true
2026-09-11T10:02:29.300Z,COLH-DEMO-01,true,-22.66738640,-47.80303371,3d,1.5,0.000,90.00,82.031,-0.037,0.000,1824,64.94,85.72,417.10,17.691,14.20,27.30,59.00,false,true,false,true
2026-09-11T10:02:29.400Z,COLH-DEMO-01,true,-22.66738640,-47.80303371,3d,1.5,0.000,90.00,82.026,-0.051,0.000,1824,64.95,85.72,417.11,17.693,14.20,27.30,59.00,false,true,false,true
2026-09-11T10:02:29.500Z,COLH-DEMO-01,true,-22.66738640,-47.80303371,3d,1.5,0.000,90.00,82.020,-0.065,0.000,1824,64.97,85.72,417.11,17.695,14.20,27.30,59.00,false,true,false,true
2026-09-11T10:02:29.600Z,COLH-DEMO-01,true,-22.66738640,-47.80303371,3d,1.5,0.000,90.00,82.014,-0.079,0.000,1824,64.98,85.72,417.11,17.697,14.20,27.30,59.00,false,true,false,true
2026-09-11T10:02:29.700Z,COLH-DEMO-01,true,-22.66738640,-47.80303371,3d,1.5,0.000,90.00,82.009,-0.093,0.000,1824,64.99,85.72,417.11,17.699,14.20,27.30,59.00,false,true,false,true
2026-09-11T10:02:29.800Z,COLH-DEMO-01,true,-22.66738640,-47.80303371,3d,1.5,0.000,90.00,82.003,-0.107,0.000,1824,65.01,85.72,417.12,17.701,14.20,27.30,59.00,false,true,false,true
2026-09-11T10:02:29.900Z,COLH-DEMO-01,true,-22.66738640,-47.80303371,3d,1.5,0.000,90.00,81.997,-0.121,0.000,1824,65.02,85.72,417.12,17.703,14.20,27.30,59.00,false,true,false,true
2026-09-11T10:02:30.000Z,COLH-DEMO-01,true,-22.66738640,-47.80303371,3d,1.5,0.000,90.00,81.992,-0.135,0.000,1824,65.03,85.71,417.12,17.705,14.20,27.30,59.00,false,true,false,true
2026-09-11T10:02:30.100Z,COLH-DEMO-01,true,-22.66738640,-47.80303371,3d,1.5,0.000,90.00,81.986,-0.149,0.000,1824,65.04,85.71,417.13,17.707,14.20,27.30,59.00,false,true,false,true
2026-09-11T10:02:30.200Z,COLH-DEMO-01,true,-22.66738640,-47.80303371,3d,1.5,0.000,90.00,81.980,-0.163,0.000,1825,65.06,85.71,417.13,17.709,14.20,27.30,59.00,false,true,false,true
2026-09-11T10:02:30.300Z,COLH-DEMO-01,true,-22.66738640,-47.80303371,3d,1.5,0.000,90.00,81.975,-0.177,0.000,1825,65.07,85.71,417.13,17.711,14.20,27.30,59.00,false,true,false,true
2026-09-11T10:02:30.400Z,COLH-DEMO-01,true,-22.66738640,-47.80303371,3d,1.5,0.000,90.00,81.969,-0.191,0.000,1825,65.08,85.71,417.13,17.713,14.20,27.30,58.99,false,true,false,true
2026-09-11T10:02:30.500Z,COLH-DEMO-01,true,-22.66738640,-47.80303371,3d,1.5,0.000,90.00,81.964,-0.205,0.000,1825,65.09,85.71,417.14,17.715,14.20,27.30,58.99,false,true,false,true
2026-09-11T10:02:30.600Z,COLH-DEMO-01,true,-22.66738640,-47.80303371,3d,1.5,0.000,90.00,81.958,-0.218,0.000,1825,65.10,85.71,417.14,17.717,14.20,27.30,58.99,false,true,false,true
2026-09-11T10:02:30.700Z,COLH-DEMO-01,true,-22.66738640,-47.80303371,3d,1.5,0.000,90.00,81.952,-0.232,0.000,1825,65.12,85.71,417.14,17.719,14.20,27.30,58.99,false,true,false,true
2026-09-11T10:02:30.800Z,COLH-DEMO-01,true,-22.66738640,-47.80303371,3d,1.5,0.000,90.00,81.947,-0.246,0.000,1825,65.13,85.71,417.15,17.721,14.20,27.30,58.99,false,true,false,true
2026-09-11T10:02:30.900Z,COLH-DEMO-01,true,-22.66738640,-47.80303371,3d,1.5,0.000,90.00,81.941,-0.259,0.000,1825,65.14,85.71,417.15,17.723,14.20,27.30,58.99,false,true,false,true
2026-09-11T10:02:31.000Z,COLH-DEMO-01,true,-22.66738640,-47.80303371,3d,1.5,0.000,90.00,81.936,-0.273,0.000,1826,65.15,85.70,417.15,17.725,14.20,27.30,58.99,false,true,false,true
2026-09-11T10:02:31.100Z,COLH-DEMO-01,true,-22.66738640,-47.80303371,3d,1.5,0.000,90.00,81.930,-0.286,0.000,1826,65.16,85.70,417.16,17.727,14.20,27.30,58.99,false,true,false,true
2026-09-11T10:02:31.200Z,COLH-DEMO-01,true,-22.66738640,-47.80303371,3d,1.5,0.000,90.00,81.925,-0.300,0.000,1826,65.17,85.70,417.16,17.729,14.20,27.30,58.99,false,true,false,true
2026-09-11T10:02:31.300Z,COLH-DEMO-01,true,-22.66738640,-47.80303371,3d,1.5,0.000,90.00,81.919,-0.313,0.000,1826,65.19,85.70,417.16,17.732,14.20,27.30,58.99,false,true,false,true
2026-09-11T10:02:31.400Z,COLH-DEMO-01,true,-22.66738640,-47.80303371,3d,1.5,0.000,90.00,81.914,-0.327,0.000,1826,65.20,85.70,417.17,17.734,14.20,27.30,58.99,false,true,false,true
2026-09-11T10:02:31.500Z,COLH-DEMO-01,true,-22.66738640,-47.80303371,3d,1.5,0.000,90.00,81.908,-0.340,0.000,1826,65.21,85.70,417.17,17.736,14.20,27.30,58.99,false,true,false,true
2026-09-11T10:02:31.600Z,COLH-DEMO-01,true,-22.66738640,-47.80303371,3d,1.5,0.000,90.00,81.903,-0.353,0.000,1826,65.22,85.70,417.17,17.738,14.20,27.30,58.99,false,true,false,true
2026-09-11T10:02:31.700Z,COLH-DEMO-01,true,-22.66738640,-47.80303371,3d,1.5,0.000,90.00,81.898,-0.366,0.000,1827,65.23,85.70,417.18,17.740,14.20,27.30,58.99,false,true,false,true
2026-09-11T10:02:31.800Z,COLH-DEMO-01,true,-22.66738640,-47.80303371,3d,1.5,0.000,90.00,81.892,-0.379,0.000,1827,65.24,85.70,417.18,17.742,14.20,27.30,58.99,false,true,false,true
2026-09-11T10:02:31.900Z,COLH-DEMO-01,true,-22.66738640,-47.80303371,3d,1.5,0.000,90.00,81.887,-0.392,0.000,1827,65.25,85.70,417.18,17.744,14.20,27.30,58.99,false,true,false,true
2026-09-11T10:02:32.000Z,COLH-DEMO-01,true,-22.66738640,-47.80303371,3d,1.5,0.000,90.00,81.882,-0.405,0.000,1827,65.27,85.69,417.19,17.746,14.20,27.30,58.99,false,true,false,true
2026-09-11T10:02:32.100Z,COLH-DEMO-01,true,-22.66738640,-47.80303371,3d,1.5,0.000,90.00,81.877,-0.418,0.000,1827,65.28,85.69,417.19,17.748,14.20,27.30,58.99,false,true,false,true
2026-09-11T10:02:32.200Z,COLH-DEMO-01,true,-22.66738640,-47.80303371,3d,1.5,0.000,90.00,81.872,-0.431,0.000,1827,65.29,85.69,417.19,17.750,14.20,27.30,58.99,false,true,false,true
2026-09-11T10:02:32.300Z,COLH-DEMO-01,true,-22.66738640,-47.80303371,3d,1.5,0.000,90.00,81.866,-0.444,0.000,1827,65.30,85.69,417.20,17.752,14.20,27.30,58.99,false,true,false,true
2026-09-11T10:02:32.400Z,COLH-DEMO-01,true,-22.66738640,-47.80303371,3d,1.5,0.000,90.00,81.861,-0.456,0.000,1828,65.31,85.69,417.20,17.754,14.20,27.30,58.99,false,true,false,true
2026-09-11T10:02:32.500Z,COLH-DEMO-01,true,-22.66738640,-47.80303371,3d,1.5,0.000,90.00,81.856,-0.469,0.000,1828,65.32,85.69,417.20,17.757,14.20,27.30,58.99,false,true,false,true
2026-09-11T10:02:32.600Z,COLH-DEMO-01,true,-22.66738640,-47.80303371,3d,1.5,0.000,90.00,81.851,-0.481,0.000,1828,65.33,85.69,417.21,17.759,14.20,27.30,58.99,false,true,false,true
2026-09-11T10:02:32.700Z,COLH-DEMO-01,true,-22.66738640,-47.80303371,3d,1.5,0.000,90.00,81.847,-0.493,0.000,1828,65.34,85.69,417.21,17.761,14.20,27.30,58.99,false,true,false,true
2026-09-11T10:02:32.800Z,COLH-DEMO-01,true,-22.66738640,-47.80303371,3d,1.5,0.000,90.00,81.842,-0.506,0.000,1828,65.35,85.69,417.22,17.763,14.20,27.30,58.99,false,true,false,true
2026-09-11T10:02:32.900Z,COLH-DEMO-01,true,-22.66738640,-47.80303371,3d,1.5,0.000,90.00,81.837,-0.518,0.000,1828,65.36,85.69,417.22,17.765,14.20,27.30,58.99,false,true,false,true
2026-09-11T10:02:33.000Z,COLH-DEMO-01,true,-22.66738640,-47.80303371,3d,1.5,0.000,90.00,81.832,-0.530,0.000,1829,65.37,85.68,417.22,17.767,14.20,27.30,58.99,false,true,false,true
2026-09-11T10:02:33.100Z,COLH-DEMO-01,true,-22.66738640,-47.80303371,3d,1.5,0.000,90.00,81.828,-0.542,0.000,1829,65.38,85.68,417.23,17.769,14.20,27.30,58.99,false,true,false,true
2026-09-11T10:02:33.200Z,COLH-DEMO-01,true,-22.66738640,-47.80303371,3d,1.5,0.000,90.00,81.823,-0.553,0.000,1829,65.39,85.68,417.23,17.771,14.20,27.30,58.99,false,true,false,true
2026-09-11T10:02:33.300Z,COLH-DEMO-01,true,-22.66738640,-47.80303371,3d,1.5,0.000,90.00,81.818,-0.565,0.000,1829,65.40,85.68,417.23,17.774,14.20,27.30,58.99,false,true,false,true
2026-09-11T10:02:33.400Z,COLH-DEMO-01,true,-22.66738640,-47.80303371,3d,1.5,0.000,90.00,81.814,-0.577,0.000,1829,65.41,85.68,417.24,17.776,14.20,27.30,58.99,false,true,false,true
2026-09-11T10:02:33.500Z,COLH-DEMO-01,true,-22.66738640,-47.80303371,3d,1.5,0.000,90.00,81.810,-0.588,0.000,1829,65.42,85.68,417.24,17.778,14.20,27.30,58.99,false,true,false,true
2026-09-11T10:02:33.600Z,COLH-DEMO-01,true,-22.66738640,-47.80303371,3d,1.5,0.000,90.00,81.805,-0.599,0.000,1830,65.43,85.68,417.25,17.780,14.20,27.30,58.99,false,true,false,true
2026-09-11T10:02:33.700Z,COLH-DEMO-01,true,-22.66738640,-47.80303371,3d,1.5,0.000,90.00,81.801,-0.611,0.000,1830,65.44,85.68,417.25,17.782,14.20,27.30,58.99,false,true,false,true
2026-09-11T10:02:33.800Z,COLH-DEMO-01,true,-22.66738640,-47.80303371,3d,1.5,0.000,90.00,81.797,-0.622,0.000,1830,65.45,85.68,417.25,17.784,14.20,27.30,58.99,false,true,false,true
2026-09-11T10:02:33.900Z,COLH-DEMO-01,true,-22.66738640,-47.80303371,3d,1.5,0.000,90.00,81.793,-0.633,0.000,1830,65.46,85.68,417.26,17.786,14.20,27.30,58.99,false,true,false,true
2026-09-11T10:02:34.000Z,COLH-DEMO-01,true,-22.66738640,-47.80303371,3d,1.5,0.000,90.00,81.789,-0.643,0.000,1830,65.47,85.67,417.26,17.789,14.20,27.30,58.99,false,true,false,true
2026-09-11T10:02:34.100Z,COLH-DEMO-01,true,-22.66738640,-47.80303371,3d,1.5,0.000,90.00,81.785,-0.654,0.000,1830,65.48,85.67,417.27,17.791,14.20,27.30,58.99,false,true,false,true
2026-09-11T10:02:34.200Z,COLH-DEMO-01,true,-22.66738640,-47.80303371,3d,1.5,0.000,90.00,81.781,-0.665,0.000,1831,65.49,85.67,417.27,17.793,14.20,27.30,58.99,false,true,false,true
2026-09-11T10:02:34.300Z,COLH-DEMO-01,true,-22.66738640,-47.80303371,3d,1.5,0.000,90.00,81.777,-0.675,0.000,1831,65.50,85.67,417.27,17.795,14.20,27.30,58.99,false,true,false,true
2026-09-11T10:02:34.400Z,COLH-DEMO-01,true,-22.66738640,-47.80303371,3d,1.5,0.000,90.00,81.773,-0.686,0.000,1831,65.51,85.67,417.28,17.797,14.20,27.30,58.99,false,true,false,true
2026-09-11T10:02:34.500Z,COLH-DEMO-01,true,-22.66738640,-47.80303371,3d,1.5,0.000,90.00,81.769,-0.696,0.000,1831,65.52,85.67,417.28,17.799,14.20,27.30,58.99,false,true,false,true
2026-09-11T10:02:34.600Z,COLH-DEMO-01,true,-22.66738640,-47.80303371,3d,1.5,0.000,90.00,81.766,-0.706,0.000,1831,65.53,85.67,417.29,17.802,14.20,27.30,58.99,false,true,false,true
2026-09-11T10:02:34.700Z,COLH-DEMO-01,true,-22.66738640,-47.80303371,3d,1.5,0.000,90.00,81.762,-0.716,0.000,1831,65.53,85.67,417.29,17.804,14.20,27.30,58.99,false,true,false,true
2026-09-11T10:02:34.800Z,COLH-DEMO-01,true,-22.66738640,-47.80303371,3d,1.5,0.000,90.00,81.759,-0.725,0.000,1832,65.54,85.67,417.30,17.806,14.20,27.30,58.99,false,true,false,true
2026-09-11T10:02:34.900Z,COLH-DEMO-01,true,-22.66738640,-47.80303371,3d,1.5,0.000,90.00,81.756,-0.735,0.000,1832,65.55,85.67,417.30,17.808,14.20,27.30,58.99,false,true,false,true
2026-09-11T10:02:35.000Z,COLH-DEMO-01,true,-22.66738640,-47.80303371,3d,1.5,0.000,90.00,81.752,-0.745,0.000,1832,65.56,85.67,417.30,17.810,14.20,27.30,58.99,false,true,false,true
2026-09-11T10:02:35.100Z,COLH-DEMO-01,true,-22.66738640,-47.80303371,3d,1.5,0.000,90.00,81.749,-0.754,0.000,1832,65.57,85.66,417.31,17.813,14.20,27.30,58.99,false,true,false,true
2026-09-11T10:02:35.200Z,COLH-DEMO-01,true,-22.66738640,-47.80303371,3d,1.5,0.000,90.00,81.746,-0.763,0.000,1832,65.58,85.66,417.31,17.815,14.20,27.30,58.99,false,true,false,true
2026-09-11T10:02:35.300Z,COLH-DEMO-01,true,-22.66738640,-47.80303371,3d,1.5,0.000,90.00,81.743,-0.772,0.000,1833,65.59,85.66,417.32,17.817,14.20,27.30,58.99,false,true,false,true
2026-09-11T10:02:35.400Z,COLH-DEMO-01,true,-22.66738640,-47.80303371,3d,1.5,0.000,90.00,81.740,-0.781,0.000,1833,65.59,85.66,417.32,17.819,14.20,27.30,58.99,false,true,false,true
2026-09-11T10:02:35.500Z,COLH-DEMO-01,true,-22.66738640,-47.80303371,3d,1.5,0.000,90.00,81.738,-0.790,0.000,1833,65.60,85.66,417.33,17.821,14.20,27.30,58.99,false,true,false,true
2026-09-11T10:02:35.600Z,COLH-DEMO-01,true,-22.66738640,-47.80303371,3d,1.5,0.000,90.00,81.735,-0.798,0.000,1833,65.61,85.66,417.33,17.824,14.20,27.30,58.99,false,true,false,true
2026-09-11T10:02:35.700Z,COLH-DEMO-01,true,-22.66738640,-47.80303371,3d,1.5,0.000,90.00,81.732,-0.807,0.000,1833,65.62,85.66,417.34,17.826,14.20,27.30,58.99,false,true,false,true
2026-09-11T10:02:35.800Z,COLH-DEMO-01,true,-22.66738640,-47.80303371,3d,1.5,0.000,90.00,81.730,-0.815,0.000,1834,65.63,85.66,417.34,17.828,14.20,27.30,58.99,false,true,false,true
2026-09-11T10:02:35.900Z,COLH-DEMO-01,true,-22.66738640,-47.80303371,3d,1.5,0.000,90.00,81.727,-0.823,0.000,1834,65.64,85.66,417.34,17.830,14.20,27.30,58.99,false,true,false,true
2026-09-11T10:02:36.000Z,COLH-DEMO-01,true,-22.66738640,-47.80303371,3d,1.5,0.000,90.00,81.725,-0.831,0.000,1834,65.64,85.66,417.35,17.832,14.20,27.30,58.99,false,true,false,true
2026-09-11T10:02:36.100Z,COLH-DEMO-01,true,-22.66738640,-47.80303371,3d,1.5,0.000,90.00,81.723,-0.839,0.000,1834,65.65,85.66,417.35,17.835,14.20,27.30,58.99,false,true,false,true
2026-09-11T10:02:36.200Z,COLH-DEMO-01,true,-22.66738640,-47.80303371,3d,1.5,0.000,90.00,81.721,-0.846,0.000,1834,65.66,85.65,417.36,17.837,14.20,27.30,58.99,false,true,false,true
2026-09-11T10:02:36.300Z,COLH-DEMO-01,true,-22.66738640,-47.80303371,3d,1.5,0.000,90.00,81.719,-0.854,0.000,1834,65.67,85.65,417.36,17.839,14.20,27.30,58.99,false,true,false,true
2026-09-11T10:02:36.400Z,COLH-DEMO-01,true,-22.66738640,-47.80303371,3d,1.5,0.000,90.00,81.717,-0.861,0.000,1835,65.67,85.65,417.37,17.841,14.20,27.30,58.99,false,true,false,true
2026-09-11T10:02:36.500Z,COLH-DEMO-01,true,-22.66738640,-47.80303371,3d,1.5,0.000,90.00,81.715,-0.868,0.000,1835,65.68,85.65,417.37,17.843,14.20,27.30,58.99,false,true,false,true
2026-09-11T10:02:36.600Z,COLH-DEMO-01,true,-22.66738640,-47.80303371,3d,1.5,0.000,90.00,81.713,-0.875,0.000,1835,65.69,85.65,417.38,17.846,14.20,27.30,58.99,false,true,false,true
2026-09-11T10:02:36.700Z,COLH-DEMO-01,true,-22.66738640,-47.80303371,3d,1.5,0.000,90.00,81.712,-0.882,0.000,1835,65.70,85.65,417.38,17.848,14.20,27.30,58.99,false,true,false,true
2026-09-11T10:02:36.800Z,COLH-DEMO-01,true,-22.66738640,-47.80303371,3d,1.5,0.000,90.00,81.710,-0.888,0.000,1835,65.70,85.65,417.39,17.850,14.20,27.30,58.99,false,true,false,true
2026-09-11T10:02:36.900Z,COLH-DEMO-01,true,-22.66738640,-47.80303371,3d,1.5,0.000,90.00,81.709,-0.895,0.000,1836,65.71,85.65,417.39,17.852,14.20,27.30,58.99,false,true,false,true
2026-09-11T10:02:37.000Z,COLH-DEMO-01,true,-22.66738640,-47.80303371,3d,1.5,0.000,90.00,81.707,-0.901,0.000,1836,65.72,85.65,417.40,17.855,14.20,27.30,58.98,false,true,false,true
2026-09-11T10:02:37.100Z,COLH-DEMO-01,true,-22.66738640,-47.80303371,3d,1.5,0.000,90.00,81.706,-0.907,0.000,1836,65.72,85.65,417.40,17.857,14.20,27.30,58.98,false,true,false,true
2026-09-11T10:02:37.200Z,COLH-DEMO-01,true,-22.66738640,-47.80303371,3d,1.5,0.000,90.00,81.705,-0.913,0.000,1836,65.73,85.65,417.41,17.859,14.20,27.30,58.98,false,true,false,true
2026-09-11T10:02:37.300Z,COLH-DEMO-01,true,-22.66738640,-47.80303371,3d,1.5,0.000,90.00,81.704,-0.918,0.000,1837,65.74,85.64,417.41,17.861,14.20,27.30,58.98,false,true,false,true
2026-09-11T10:02:37.400Z,COLH-DEMO-01,true,-22.66738640,-47.80303371,3d,1.5,0.000,90.00,81.703,-0.924,0.000,1837,65.75,85.64,417.42,17.864,14.20,27.30,58.98,false,true,false,true
2026-09-11T10:02:37.500Z,COLH-DEMO-01,true,-22.66738640,-47.80303371,3d,1.5,0.000,90.00,81.702,-0.929,0.000,1837,65.75,85.64,417.42,17.866,14.20,27.30,58.98,false,true,false,true
2026-09-11T10:02:37.600Z,COLH-DEMO-01,true,-22.66738640,-47.80303371,3d,1.5,0.000,90.00,81.702,-0.934,0.000,1837,65.76,85.64,417.43,17.868,14.20,27.30,58.98,false,true,false,true
2026-09-11T10:02:37.700Z,COLH-DEMO-01,true,-22.66738640,-47.80303371,3d,1.5,0.000,90.00,81.701,-0.939,0.000,1837,65.77,85.64,417.43,17.870,14.20,27.30,58.98,false,true,false,true
2026-09-11T10:02:37.800Z,COLH-DEMO-01,true,-22.66738640,-47.80303371,3d,1.5,0.000,90.00,81.701,-0.944,0.000,1838,65.77,85.64,417.44,17.873,14.20,27.30,58.98,false,true,false,true
2026-09-11T10:02:37.900Z,COLH-DEMO-01,true,-22.66738640,-47.80303371,3d,1.5,0.000,90.00,81.700,-0.948,0.000,1838,65.78,85.64,417.44,17.875,14.20,27.29,58.98,false,true,false,true
2026-09-11T10:02:38.000Z,COLH-DEMO-01,true,-22.66738640,-47.80303371,3d,1.5,0.000,90.00,81.700,-0.953,0.000,1838,65.78,85.64,417.45,17.877,14.20,27.29,58.98,false,true,false,true
2026-09-11T10:02:38.100Z,COLH-DEMO-01,true,-22.66738640,-47.80303371,3d,1.5,0.000,90.00,81.700,-0.957,0.000,1838,65.79,85.64,417.45,17.879,14.20,27.29,58.98,false,true,false,true
2026-09-11T10:02:38.200Z,COLH-DEMO-01,true,-22.66738640,-47.80303371,3d,1.5,0.000,90.00,81.700,-0.961,0.000,1838,65.80,85.64,417.46,17.882,14.20,27.29,58.98,false,true,false,true
2026-09-11T10:02:38.300Z,COLH-DEMO-01,true,-22.66738640,-47.80303371,3d,1.5,0.000,90.00,81.700,-0.965,0.000,1839,65.80,85.64,417.47,17.884,14.20,27.29,58.98,false,true,false,true
2026-09-11T10:02:38.400Z,COLH-DEMO-01,true,-22.66738640,-47.80303371,3d,1.5,0.000,90.00,81.700,-0.968,0.000,1839,65.81,85.63,417.47,17.886,14.20,27.29,58.98,false,true,false,true
2026-09-11T10:02:38.500Z,COLH-DEMO-01,true,-22.66738640,-47.80303371,3d,1.5,0.000,90.00,81.701,-0.972,0.000,1839,65.81,85.63,417.48,17.888,14.20,27.29,58.98,false,true,false,true
2026-09-11T10:02:38.600Z,COLH-DEMO-01,true,-22.66738640,-47.80303371,3d,1.5,0.000,90.00,81.701,-0.975,0.000,1839,65.82,85.63,417.48,17.891,14.20,27.29,58.98,false,true,false,true
2026-09-11T10:02:38.700Z,COLH-DEMO-01,true,-22.66738640,-47.80303371,3d,1.5,0.000,90.00,81.701,-0.978,0.000,1839,65.83,85.63,417.49,17.893,14.20,27.29,58.98,false,true,false,true
2026-09-11T10:02:38.800Z,COLH-DEMO-01,true,-22.66738640,-47.80303371,3d,1.5,0.000,90.00,81.702,-0.981,0.000,1840,65.83,85.63,417.49,17.895,14.20,27.29,58.98,false,true,false,true
2026-09-11T10:02:38.900Z,COLH-DEMO-01,true,-22.66738640,-47.80303371,3d,1.5,0.000,90.00,81.703,-0.984,0.000,1840,65.84,85.63,417.50,17.898,14.20,27.29,58.98,false,true,false,true
2026-09-11T10:02:39.000Z,COLH-DEMO-01,true,-22.66738640,-47.80303371,3d,1.5,0.000,90.00,81.704,-0.986,0.000,1840,65.84,85.63,417.50,17.900,14.20,27.29,58.98,false,true,false,true
2026-09-11T10:02:39.100Z,COLH-DEMO-01,true,-22.66738640,-47.80303371,3d,1.5,0.000,90.00,81.705,-0.988,0.000,1840,65.85,85.63,417.51,17.902,14.20,27.29,58.98,false,true,false,true
2026-09-11T10:02:39.200Z,COLH-DEMO-01,true,-22.66738640,-47.80303371,3d,1.5,0.000,90.00,81.706,-0.990,0.000,1841,65.85,85.63,417.51,17.904,14.20,27.29,58.98,false,true,false,true
2026-09-11T10:02:39.300Z,COLH-DEMO-01,true,-22.66738640,-47.80303371,3d,1.5,0.000,90.00,81.707,-0.992,0.000,1841,65.86,85.63,417.52,17.907,14.20,27.29,58.98,false,true,false,true
2026-09-11T10:02:39.400Z,COLH-DEMO-01,true,-22.66738640,-47.80303371,3d,1.5,0.000,90.00,81.708,-0.994,0.000,1841,65.86,85.63,417.53,17.909,14.20,27.29,58.98,false,true,false,true
2026-09-11T10:02:39.500Z,COLH-DEMO-01,true,-22.66738640,-47.80303371,3d,1.5,0.000,90.00,81.709,-0.995,0.000,1841,65.87,85.63,417.53,17.911,14.20,27.29,58.98,false,true,false,true
2026-09-11T10:02:39.600Z,COLH-DEMO-01,true,-22.66738640,-47.80303371,3d,1.5,0.000,90.00,81.711,-0.997,0.000,1841,65.87,85.62,417.54,17.913,14.20,27.29,58.98,false,true,false,true
2026-09-11T10:02:39.700Z,COLH-DEMO-01,true,-22.66738640,-47.80303371,3d,1.5,0.000,90.00,81.712,-0.998,0.000,1842,65.88,85.62,417.54,17.916,14.20,27.29,58.98,false,true,false,true
2026-09-11T10:02:39.800Z,COLH-DEMO-01,true,-22.66738640,-47.80303371,3d,1.5,0.000,90.00,81.714,-0.998,0.000,1842,65.88,85.62,417.55,17.918,14.20,27.29,58.98,false,true,false,true
2026-09-11T10:02:39.900Z,COLH-DEMO-01,true,-22.66738640,-47.80303371,3d,1.5,0.000,90.00,81.716,-0.999,0.000,1842,65.89,85.62,417.55,17.920,14.20,27.29,58.98,false,true,false,true
2026-09-11T10:02:40.000Z,COLH-DEMO-01,true,-22.66738640,-47.80303371,3d,1.5,0.000,90.00,81.718,-1.000,0.000,1842,65.89,85.62,417.56,17.923,14.20,27.29,58.98,false,true,false,true
2026-09-11T10:02:40.100Z,COLH-DEMO-01,true,-22.66738640,-47.80303371,3d,1.5,0.000,90.00,81.719,-1.000,0.000,1843,65.89,85.62,417.57,17.925,14.20,27.29,58.98,false,true,false,true
2026-09-11T10:02:40.200Z,COLH-DEMO-01,true,-22.66738640,-47.80303371,3d,1.5,0.000,90.00,81.722,-1.000,0.000,1843,65.90,85.62,417.57,17.927,14.20,27.29,58.98,false,true,false,true
2026-09-11T10:02:40.300Z,COLH-DEMO-01,true,-22.66738640,-47.80303371,3d,1.5,0.000,90.00,81.724,-1.000,0.000,1843,65.90,85.62,417.58,17.929,14.20,27.29,58.98,false,true,false,true
2026-09-11T10:02:40.400Z,COLH-DEMO-01,true,-22.66738640,-47.80303371,3d,1.5,0.000,90.00,81.726,-1.000,0.000,1843,65.91,85.62,417.58,17.932,14.20,27.29,58.98,false,true,false,true
2026-09-11T10:02:40.500Z,COLH-DEMO-01,true,-22.66738640,-47.80303371,3d,1.5,0.000,90.00,81.728,-0.999,0.000,1843,65.91,85.62,417.59,17.934,14.20,27.29,58.98,false,true,false,true
2026-09-11T10:02:40.600Z,COLH-DEMO-01,true,-22.66738640,-47.80303371,3d,1.5,0.000,90.00,81.731,-0.998,0.000,1844,65.92,85.62,417.60,17.936,14.20,27.29,58.98,false,true,false,true
2026-09-11T10:02:40.700Z,COLH-DEMO-01,true,-22.66738640,-47.80303371,3d,1.5,0.000,90.00,81.733,-0.997,0.000,1844,65.92,85.62,417.60,17.939,14.20,27.29,58.98,false,true,false,true
2026-09-11T10:02:40.800Z,COLH-DEMO-01,true,-22.66738640,-47.80303371,3d,1.5,0.000,90.00,81.736,-0.996,0.000,1844,65.92,85.62,417.61,17.941,14.20,27.29,58.98,false,true,false,true
2026-09-11T10:02:40.900Z,COLH-DEMO-01,true,-22.66738640,-47.80303371,3d,1.5,0.000,90.00,81.739,-0.995,0.000,1844,65.93,85.61,417.61,17.943,14.20,27.29,58.98,false,true,false,true
2026-09-11T10:02:41.000Z,COLH-DEMO-01,true,-22.66738640,-47.80303371,3d,1.5,0.000,90.00,81.741,-0.993,0.000,1845,65.93,85.61,417.62,17.946,14.20,27.29,58.98,false,true,false,true
2026-09-11T10:02:41.100Z,COLH-DEMO-01,true,-22.66738640,-47.80303371,3d,1.5,0.000,90.00,81.744,-0.992,0.000,1845,65.93,85.61,417.63,17.948,14.20,27.29,58.98,false,true,false,true
2026-09-11T10:02:41.200Z,COLH-DEMO-01,true,-22.66738640,-47.80303371,3d,1.5,0.000,90.00,81.747,-0.990,0.000,1845,65.94,85.61,417.63,17.950,14.20,27.29,58.98,false,true,false,true
2026-09-11T10:02:41.300Z,COLH-DEMO-01,true,-22.66738640,-47.80303371,3d,1.5,0.000,90.00,81.751,-0.988,0.000,1845,65.94,85.61,417.64,17.952,14.20,27.29,58.98,false,true,false,true
2026-09-11T10:02:41.400Z,COLH-DEMO-01,true,-22.66738640,-47.80303371,3d,1.5,0.000,90.00,81.754,-0.986,0.000,1845,65.94,85.61,417.64,17.955,14.20,27.29,58.98,false,true,false,true
2026-09-11T10:02:41.500Z,COLH-DEMO-01,true,-22.66738640,-47.80303371,3d,1.5,0.000,90.00,81.757,-0.983,0.000,1846,65.95,85.61,417.65,17.957,14.20,27.29,58.98,false,true,false,true
2026-09-11T10:02:41.600Z,COLH-DEMO-01,true,-22.66738640,-47.80303371,3d,1.5,0.000,90.00,81.760,-0.980,0.000,1846,65.95,85.61,417.66,17.959,14.20,27.29,58.97,false,true,false,true
2026-09-11T10:02:41.700Z,COLH-DEMO-01,true,-22.66738640,-47.80303371,3d,1.5,0.000,90.00,81.764,-0.977,0.000,1846,65.95,85.61,417.66,17.962,14.20,27.29,58.97,false,true,false,true
2026-09-11T10:02:41.800Z,COLH-DEMO-01,true,-22.66738640,-47.80303371,3d,1.5,0.000,90.00,81.767,-0.974,0.000,1846,65.96,85.61,417.67,17.964,14.20,27.29,58.97,false,true,false,true
2026-09-11T10:02:41.900Z,COLH-DEMO-01,true,-22.66738640,-47.80303371,3d,1.5,0.000,90.00,81.771,-0.971,0.000,1847,65.96,85.61,417.68,17.966,14.20,27.29,58.97,false,true,false,true
2026-09-11T10:02:42.000Z,COLH-DEMO-01,true,-22.66738640,-47.80303371,3d,1.5,0.000,90.00,81.775,-0.968,0.000,1847,65.96,85.61,417.68,17.969,14.20,27.29,58.97,false,true,false,true
2026-09-11T10:02:42.100Z,COLH-DEMO-01,true,-22.66738640,-47.80303371,3d,1.5,0.000,90.00,81.778,-0.964,0.000,1847,65.96,85.60,417.69,17.971,14.20,27.29,58.97,false,true,false,true
2026-09-11T10:02:42.200Z,COLH-DEMO-01,true,-22.66738640,-47.80303371,3d,1.5,0.000,90.00,81.782,-0.960,0.000,1847,65.97,85.60,417.69,17.973,14.20,27.29,58.97,false,true,false,true
2026-09-11T10:02:42.300Z,COLH-DEMO-01,true,-22.66738640,-47.80303371,3d,1.5,0.000,90.00,81.786,-0.956,0.000,1848,65.97,85.60,417.70,17.975,14.20,27.29,58.97,false,true,false,true
2026-09-11T10:02:42.400Z,COLH-DEMO-01,true,-22.66738640,-47.80303371,3d,1.5,0.000,90.00,81.790,-0.952,0.000,1848,65.97,85.60,417.71,17.978,14.20,27.29,58.97,false,true,false,true
2026-09-11T10:02:42.500Z,COLH-DEMO-01,true,-22.66738640,-47.80303371,3d,1.5,0.000,90.00,81.794,-0.948,0.000,1848,65.97,85.60,417.71,17.980,14.20,27.29,58.97,false,true,false,true
2026-09-11T10:02:42.600Z,COLH-DEMO-01,true,-22.66738640,-47.80303371,3d,1.5,0.000,90.00,81.798,-0.943,0.000,1848,65.98,85.60,417.72,17.982,14.20,27.29,58.97,false,true,false,true
2026-09-11T10:02:42.700Z,COLH-DEMO-01,true,-22.66738640,-47.80303371,3d,1.5,0.000,90.00,81.803,-0.938,0.000,1848,65.98,85.60,417.73,17.985,14.20,27.29,58.97,false,true,false,true
2026-09-11T10:02:42.800Z,COLH-DEMO-01,true,-22.66738640,-47.80303371,3d,1.5,0.000,90.00,81.807,-0.933,0.000,1849,65.98,85.60,417.73,17.987,14.20,27.29,58.97,false,true,false,true
2026-09-11T10:02:42.900Z,COLH-DEMO-01,true,-22.66738640,-47.80303371,3d,1.5,0.000,90.00,81.811,-0.928,0.000,1849,65.98,85.60,417.74,17.989,14.20,27.29,58.97,false,true,false,true
2026-09-11T10:02:43.000Z,COLH-DEMO-01,true,-22.66738640,-47.80303371,3d,1.5,0.000,90.00,81.816,-0.923,0.000,1849,65.98,85.60,417.75,17.992,14.20,27.29,58.97,false,true,false,true
2026-09-11T10:02:43.100Z,COLH-DEMO-01,true,-22.66738640,-47.80303371,3d,1.5,0.000,90.00,81.820,-0.917,0.000,1849,65.98,85.60,417.75,17.994,14.20,27.29,58.97,false,true,false,true
2026-09-11T10:02:43.200Z,COLH-DEMO-01,true,-22.66738640,-47.80303371,3d,1.5,0.000,90.00,81.825,-0.911,0.000,1850,65.99,85.60,417.76,17.996,14.20,27.29,58.97,false,true,false,true
2026-09-11T10:02:43.300Z,COLH-DEMO-01,true,-22.66738640,-47.80303371,3d,1.5,0.000,90.00,81.829,-0.906,0.000,1850,65.99,85.60,417.77,17.999,14.20,27.29,58.97,false,true,false,true
2026-09-11T10:02:43.400Z,COLH-DEMO-01,true,-22.66738640,-47.80303371,3d,1.5,0.000,90.00,81.834,-0.900,0.000,1850,65.99,85.60,417.77,18.001,14.20,27.29,58.97,false,true,false,true
2026-09-11T10:02:43.500Z,COLH-DEMO-01,true,-22.66738640,-47.80303371,3d,1.5,0.000,90.00,81.839,-0.893,0.000,1850,65.99,85.59,417.78,18.003,14.20,27.29,58.97,false,true,false,true
2026-09-11T10:02:43.600Z,COLH-DEMO-01,true,-22.66738640,-47.80303371,3d,1.5,0.000,90.00,81.844,-0.887,0.000,1851,65.99,85.59,417.79,18.005,14.20,27.29,58.97,false,true,false,true
2026-09-11T10:02:43.700Z,COLH-DEMO-01,true,-22.66738640,-47.80303371,3d,1.5,0.000,90.00,81.849,-0.880,0.000,1851,65.99,85.59,417.79,18.008,14.20,27.29,58.97,false,true,false,true
2026-09-11T10:02:43.800Z,COLH-DEMO-01,true,-22.66738640,-47.80303371,3d,1.5,0.000,90.00,81.853,-0.873,0.000,1851,65.99,85.59,417.80,18.010,14.20,27.29,58.97,false,true,false,true
2026-09-11T10:02:43.900Z,COLH-DEMO-01,true,-22.66738640,-47.80303371,3d,1.5,0.000,90.00,81.858,-0.867,0.000,1851,66.00,85.59,417.81,18.012,14.20,27.29,58.97,false,true,false,true
2026-09-11T10:02:44.000Z,COLH-DEMO-01,true,-22.66738640,-47.80303371,3d,1.5,0.000,90.00,81.863,-0.859,0.000,1851,66.00,85.59,417.81,18.015,14.20,27.29,58.97,false,true,false,true
2026-09-11T10:02:44.100Z,COLH-DEMO-01,true,-22.66738640,-47.80303371,3d,1.5,0.000,90.00,81.869,-0.852,0.000,1852,66.00,85.59,417.82,18.017,14.20,27.29,58.97,false,true,false,true
2026-09-11T10:02:44.200Z,COLH-DEMO-01,true,-22.66738640,-47.80303371,3d,1.5,0.000,90.00,81.874,-0.845,0.000,1852,66.00,85.59,417.83,18.019,14.20,27.29,58.97,false,true,false,true
2026-09-11T10:02:44.300Z,COLH-DEMO-01,true,-22.66738640,-47.80303371,3d,1.5,0.000,90.00,81.879,-0.837,0.000,1852,66.00,85.59,417.83,18.022,14.20,27.29,58.97,false,true,false,true
2026-09-11T10:02:44.400Z,COLH-DEMO-01,true,-22.66738640,-47.80303371,3d,1.5,0.000,90.00,81.884,-0.829,0.000,1852,66.00,85.59,417.84,18.024,14.20,27.29,58.97,false,true,false,true
2026-09-11T10:02:44.500Z,COLH-DEMO-01,true,-22.66738640,-47.80303371,3d,1.5,0.000,90.00,81.889,-0.821,0.000,1853,66.00,85.59,417.85,18.026,14.20,27.29,58.97,false,true,false,true
2026-09-11T10:02:44.600Z,COLH-DEMO-01,true,-22.66738640,-47.80303371,3d,1.5,0.000,90.00,81.895,-0.813,0.000,1853,66.00,85.59,417.86,18.029,14.20,27.29,58.97,false,true,false,true
2026-09-11T10:02:44.700Z,COLH-DEMO-01,true,-22.66738640,-47.80303371,3d,1.5,0.000,90.00,81.900,-0.805,0.000,1853,66.00,85.59,417.86,18.031,14.20,27.29,58.97,false,true,false,true
2026-09-11T10:02:44.800Z,COLH-DEMO-01,true,-22.66738640,-47.80303371,3d,1.5,0.000,90.00,81.905,-0.796,0.000,1853,66.00,85.59,417.87,18.033,14.20,27.29,58.97,false,true,false,true
2026-09-11T10:02:44.900Z,COLH-DEMO-01,true,-22.66738640,-47.80303371,3d,1.5,0.000,90.00,81.911,-0.788,0.000,1854,66.00,85.58,417.88,18.035,14.20,27.29,58.97,false,true,false,true
2026-09-11T10:02:45.000Z,COLH-DEMO-01,true,-22.66738640,-47.80303371,3d,1.5,0.000,90.00,81.916,-0.779,0.000,1854,66.00,85.58,417.88,18.038,14.20,27.29,58.97,false,true,false,true
2026-09-11T10:02:45.100Z,COLH-DEMO-01,true,-22.66738640,-47.80303371,3d,1.5,0.000,90.00,81.921,-0.770,0.000,1854,66.00,85.58,417.89,18.040,14.20,27.29,58.97,false,true,false,true
2026-09-11T10:02:45.200Z,COLH-DEMO-01,true,-22.66738640,-47.80303371,3d,1.5,0.000,90.00,81.927,-0.761,0.000,1854,66.00,85.58,417.90,18.042,14.20,27.29,58.97,false,true,false,true
2026-09-11T10:02:45.300Z,COLH-DEMO-01,true,-22.66738640,-47.80303371,3d,1.5,0.000,90.00,81.932,-0.752,0.000,1854,66.00,85.58,417.90,18.045,14.20,27.29,58.96,false,true,false,true
2026-09-11T10:02:45.400Z,COLH-DEMO-01,true,-22.66738640,-47.80303371,3d,1.5,0.000,90.00,81.938,-0.743,0.000,1855,66.00,85.58,417.91,18.047,14.20,27.29,58.96,false,true,false,true
2026-09-11T10:02:45.500Z,COLH-DEMO-01,true,-22.66738640,-47.80303371,3d,1.5,0.000,90.00,81.943,-0.733,0.000,1855,66.00,85.58,417.92,18.049,14.19,27.29,58.96,false,true,false,true
2026-09-11T10:02:45.600Z,COLH-DEMO-01,true,-22.66738640,-47.80303371,3d,1.5,0.000,90.00,81.949,-0.723,0.000,1855,66.00,85.58,417.93,18.052,14.19,27.29,58.96,false,true,false,true
2026-09-11T10:02:45.700Z,COLH-DEMO-01,true,-22.66738640,-47.80303371,3d,1.5,0.000,90.00,81.955,-0.714,0.000,1855,66.00,85.58,417.93,18.054,14.19,27.29,58.96,false,true,false,true
2026-09-11T10:02:45.800Z,COLH-DEMO-01,true,-22.66738640,-47.80303371,3d,1.5,0.000,90.00,81.960,-0.704,0.000,1856,66.00,85.58,417.94,18.056,14.19,27.29,58.96,false,true,false,true
2026-09-11T10:02:45.900Z,COLH-DEMO-01,true,-22.66738640,-47.80303371,3d,1.5,0.000,90.00,81.966,-0.694,0.000,1856,66.00,85.58,417.95,18.058,14.19,27.29,58.96,false,true,false,true
2026-09-11T10:02:46.000Z,COLH-DEMO-01,true,-22.66738640,-47.80303371,3d,1.5,0.000,90.00,81.971,-0.683,0.000,1856,65.99,85.58,417.96,18.061,14.19,27.29,58.96,false,true,false,true
2026-09-11T10:02:46.100Z,COLH-DEMO-01,true,-22.66738640,-47.80303371,3d,1.5,0.000,90.00,81.977,-0.673,0.000,1856,65.99,85.58,417.96,18.063,14.19,27.29,58.96,false,true,false,true
2026-09-11T10:02:46.200Z,COLH-DEMO-01,true,-22.66738640,-47.80303371,3d,1.5,0.000,90.00,81.983,-0.663,0.000,1856,65.99,85.58,417.97,18.065,14.19,27.29,58.96,false,true,false,true
2026-09-11T10:02:46.300Z,COLH-DEMO-01,true,-22.66738640,-47.80303371,3d,1.5,0.000,90.00,81.988,-0.652,0.000,1857,65.99,85.58,417.98,18.068,14.19,27.29,58.96,false,true,false,true
2026-09-11T10:02:46.400Z,COLH-DEMO-01,true,-22.66738640,-47.80303371,3d,1.5,0.000,90.00,81.994,-0.641,0.000,1857,65.99,85.57,417.98,18.070,14.19,27.29,58.96,false,true,false,true
2026-09-11T10:02:46.500Z,COLH-DEMO-01,true,-22.66738640,-47.80303371,3d,1.5,0.000,90.00,82.000,-0.630,0.000,1857,65.99,85.57,417.99,18.072,14.19,27.29,58.96,false,true,false,true
2026-09-11T10:02:46.600Z,COLH-DEMO-01,true,-22.66738640,-47.80303371,3d,1.5,0.000,90.00,82.005,-0.619,0.000,1857,65.99,85.57,418.00,18.075,14.19,27.29,58.96,false,true,false,true
2026-09-11T10:02:46.700Z,COLH-DEMO-01,true,-22.66738640,-47.80303371,3d,1.5,0.000,90.00,82.011,-0.608,0.000,1858,65.99,85.57,418.01,18.077,14.19,27.29,58.96,false,true,false,true
2026-09-11T10:02:46.800Z,COLH-DEMO-01,true,-22.66738640,-47.80303371,3d,1.5,0.000,90.00,82.017,-0.597,0.000,1858,65.98,85.57,418.01,18.079,14.19,27.29,58.96,false,true,false,true
2026-09-11T10:02:46.900Z,COLH-DEMO-01,true,-22.66738640,-47.80303371,3d,1.5,0.000,90.00,82.022,-0.586,0.000,1858,65.98,85.57,418.02,18.081,14.19,27.29,58.96,false,true,false,true
2026-09-11T10:02:47.000Z,COLH-DEMO-01,true,-22.66738640,-47.80303371,3d,1.5,0.000,90.00,82.028,-0.574,0.000,1858,65.98,85.57,418.03,18.084,14.19,27.29,58.96,false,true,false,true
2026-09-11T10:02:47.100Z,COLH-DEMO-01,true,-22.66738640,-47.80303371,3d,1.5,0.000,90.00,82.034,-0.563,0.000,1859,65.98,85.57,418.04,18.086,14.19,27.29,58.96,false,true,false,true
2026-09-11T10:02:47.200Z,COLH-DEMO-01,true,-22.66738640,-47.80303371,3d,1.5,0.000,90.00,82.039,-0.551,0.000,1859,65.98,85.57,418.04,18.088,14.19,27.29,58.96,false,true,false,true
2026-09-11T10:02:47.300Z,COLH-DEMO-01,true,-22.66738640,-47.80303371,3d,1.5,0.000,90.00,82.045,-0.539,0.000,1859,65.97,85.57,418.05,18.091,14.19,27.29,58.96,false,true,false,true
2026-09-11T10:02:47.400Z,COLH-DEMO-01,true,-22.66738640,-47.80303371,3d,1.5,0.000,90.00,82.050,-0.527,0.000,1859,65.97,85.57,418.06,18.093,14.19,27.29,58.96,false,true,false,true
2026-09-11T10:02:47.500Z,COLH-DEMO-01,true,-22.66738640,-47.80303371,3d,1.5,0.000,90.00,82.056,-0.515,0.000,1859,65.97,85.57,418.07,18.095,14.19,27.29,58.96,false,true,false,true
2026-09-11T10:02:47.600Z,COLH-DEMO-01,true,-22.66738640,-47.80303371,3d,1.5,0.000,90.00,82.062,-0.503,0.000,1860,65.97,85.57,418.08,18.097,14.19,27.29,58.96,false,true,false,true
2026-09-11T10:02:47.700Z,COLH-DEMO-01,true,-22.66738640,-47.80303371,3d,1.5,0.000,90.00,82.067,-0.491,0.000,1860,65.97,85.57,418.08,18.100,14.19,27.29,58.96,false,true,false,true
2026-09-11T10:02:47.800Z,COLH-DEMO-01,true,-22.66738640,-47.80303371,3d,1.5,0.000,90.00,82.073,-0.478,0.000,1860,65.96,85.57,418.09,18.102,14.19,27.29,58.96,false,true,false,true
2026-09-11T10:02:47.900Z,COLH-DEMO-01,true,-22.66738640,-47.80303371,3d,1.5,0.000,90.00,82.078,-0.466,0.000,1860,65.96,85.56,418.10,18.104,14.19,27.29,58.96,false,true,false,true
2026-09-11T10:02:48.000Z,COLH-DEMO-01,true,-22.66738640,-47.80303371,3d,1.5,0.000,90.00,82.084,-0.454,0.000,1860,65.96,85.56,418.11,18.106,14.19,27.29,58.96,false,true,false,true
2026-09-11T10:02:48.100Z,COLH-DEMO-01,true,-22.66738640,-47.80303371,3d,1.5,0.000,90.00,82.089,-0.441,0.000,1861,65.95,85.56,418.11,18.109,14.19,27.29,58.96,false,true,false,true
2026-09-11T10:02:48.200Z,COLH-DEMO-01,true,-22.66738640,-47.80303371,3d,1.5,0.000,90.00,82.094,-0.428,0.000,1861,65.95,85.56,418.12,18.111,14.19,27.29,58.96,false,true,false,true
2026-09-11T10:02:48.300Z,COLH-DEMO-01,true,-22.66738640,-47.80303371,3d,1.5,0.000,90.00,82.100,-0.416,0.000,1861,65.95,85.56,418.13,18.113,14.19,27.29,58.96,false,true,false,true
2026-09-11T10:02:48.400Z,COLH-DEMO-01,true,-22.66738640,-47.80303371,3d,1.5,0.000,90.00,82.105,-0.403,0.000,1861,65.95,85.56,418.14,18.116,14.19,27.29,58.96,false,true,false,true
2026-09-11T10:02:48.500Z,COLH-DEMO-01,true,-22.66738640,-47.80303371,3d,1.5,0.000,90.00,82.110,-0.390,0.000,1862,65.94,85.56,418.15,18.118,14.19,27.29,58.95,false,true,false,true
2026-09-11T10:02:48.600Z,COLH-DEMO-01,true,-22.66738640,-47.80303371,3d,1.5,0.000,90.00,82.116,-0.377,0.000,1862,65.94,85.56,418.15,18.120,14.19,27.29,58.95,false,true,false,true
2026-09-11T10:02:48.700Z,COLH-DEMO-01,true,-22.66738640,-47.80303371,3d,1.5,0.000,90.00,82.121,-0.364,0.000,1862,65.94,85.56,418.16,18.122,14.19,27.29,58.95,false,true,false,true
2026-09-11T10:02:48.800Z,COLH-DEMO-01,true,-22.66738640,-47.80303371,3d,1.5,0.000,90.00,82.126,-0.350,0.000,1862,65.93,85.56,418.17,18.125,14.19,27.29,58.95,false,true,false,true
2026-09-11T10:02:48.900Z,COLH-DEMO-01,true,-22.66738640,-47.80303371,3d,1.5,0.000,90.00,82.131,-0.337,0.000,1862,65.93,85.56,418.18,18.127,14.19,27.29,58.95,false,true,false,true
2026-09-11T10:02:49.000Z,COLH-DEMO-01,true,-22.66738640,-47.80303371,3d,1.5,0.000,90.00,82.136,-0.324,0.000,1863,65.93,85.56,418.18,18.129,14.19,27.29,58.95,false,true,false,true
2026-09-11T10:02:49.100Z,COLH-DEMO-01,true,-22.66738640,-47.80303371,3d,1.5,0.000,90.00,82.141,-0.311,0.000,1863,65.92,85.56,418.19,18.131,14.19,27.29,58.95,false,true,false,true
2026-09-11T10:02:49.200Z,COLH-DEMO-01,true,-22.66738640,-47.80303371,3d,1.5,0.000,90.00,82.146,-0.297,0.000,1863,65.92,85.56,418.20,18.134,14.19,27.29,58.95,false,true,false,true
2026-09-11T10:02:49.300Z,COLH-DEMO-01,true,-22.66738640,-47.80303371,3d,1.5,0.000,90.00,82.151,-0.284,0.000,1863,65.91,85.56,418.21,18.136,14.19,27.29,58.95,false,true,false,true
2026-09-11T10:02:49.400Z,COLH-DEMO-01,true,-22.66738640,-47.80303371,3d,1.5,0.000,90.00,82.156,-0.270,0.000,1863,65.91,85.56,418.22,18.138,14.19,27.29,58.95,false,true,false,true
2026-09-11T10:02:49.500Z,COLH-DEMO-01,true,-22.66738640,-47.80303371,3d,1.5,0.000,90.00,82.161,-0.257,0.000,1864,65.91,85.56,418.22,18.140,14.19,27.29,58.95,false,true,false,true
2026-09-11T10:02:49.600Z,COLH-DEMO-01,true,-22.66738640,-47.80303371,3d,1.5,0.000,90.00,82.165,-0.243,0.000,1864,65.90,85.55,418.23,18.143,14.19,27.29,58.95,false,true,false,true
2026-09-11T10:02:49.700Z,COLH-DEMO-01,true,-22.66738640,-47.80303371,3d,1.5,0.000,90.00,82.170,-0.229,0.000,1864,65.90,85.55,418.24,18.145,14.19,27.29,58.95,false,true,false,true
2026-09-11T10:02:49.800Z,COLH-DEMO-01,true,-22.66738640,-47.80303371,3d,1.5,0.000,90.00,82.175,-0.216,0.000,1864,65.89,85.55,418.25,18.147,14.19,27.29,58.95,false,true,false,true
2026-09-11T10:02:49.900Z,COLH-DEMO-01,true,-22.66738640,-47.80303371,3d,1.5,0.000,90.00,82.179,-0.202,0.000,1864,65.89,85.55,418.26,18.149,14.19,27.29,58.95,false,true,false,true
2026-09-11T10:02:50.000Z,COLH-DEMO-01,true,-22.66738640,-47.80303371,3d,1.5,0.000,90.00,82.184,-0.188,0.000,1865,65.88,85.55,418.27,18.152,14.19,27.28,58.95,false,true,false,true
2026-09-11T10:02:50.100Z,COLH-DEMO-01,true,-22.66738640,-47.80303371,3d,1.5,0.000,90.00,82.188,-0.174,0.000,1865,65.88,85.55,418.27,18.154,14.19,27.28,58.95,false,true,false,true
2026-09-11T10:02:50.200Z,COLH-DEMO-01,true,-22.66738640,-47.80303371,3d,1.5,0.000,90.00,82.193,-0.160,0.000,1865,65.87,85.55,418.28,18.156,14.19,27.28,58.95,false,true,false,true
2026-09-11T10:02:50.300Z,COLH-DEMO-01,true,-22.66738640,-47.80303371,3d,1.5,0.000,90.00,82.197,-0.146,0.000,1865,65.87,85.55,418.29,18.158,14.19,27.28,58.95,false,true,false,true
2026-09-11T10:02:50.400Z,COLH-DEMO-01,true,-22.66738640,-47.80303371,3d,1.5,0.000,90.00,82.201,-0.132,0.000,1865,65.87,85.55,418.30,18.160,14.19,27.28,58.95,false,true,false,true
2026-09-11T10:02:50.500Z,COLH-DEMO-01,true,-22.66738640,-47.80303371,3d,1.5,0.000,90.00,82.205,-0.118,0.000,1866,65.86,85.55,418.31,18.163,14.19,27.28,58.95,false,true,false,true
2026-09-11T10:02:50.600Z,COLH-DEMO-01,true,-22.66738640,-47.80303371,3d,1.5,0.000,90.00,82.209,-0.104,0.000,1866,65.86,85.55,418.31,18.165,14.19,27.28,58.95,false,true,false,true
2026-09-11T10:02:50.700Z,COLH-DEMO-01,true,-22.66738640,-47.80303371,3d,1.5,0.000,90.00,82.213,-0.090,0.000,1866,65.85,85.55,418.32,18.167,14.19,27.28,58.95,false,true,false,true
2026-09-11T10:02:50.800Z,COLH-DEMO-01,true,-22.66738640,-47.80303371,3d,1.5,0.000,90.00,82.217,-0.076,0.000,1866,65.84,85.55,418.33,18.169,14.19,27.28,58.95,false,true,false,true
2026-09-11T10:02:50.900Z,COLH-DEMO-01,true,-22.66738640,-47.80303371,3d,1.5,0.000,90.00,82.221,-0.062,0.000,1866,65.84,85.55,418.34,18.172,14.19,27.28,58.95,false,true,false,true
2026-09-11T10:02:51.000Z,COLH-DEMO-01,true,-22.66738640,-47.80303371,3d,1.5,0.000,90.00,82.225,-0.048,0.000,1867,65.83,85.55,418.35,18.174,14.19,27.28,58.95,false,true,false,true
2026-09-11T10:02:51.100Z,COLH-DEMO-01,true,-22.66738640,-47.80303371,3d,1.5,0.000,90.00,82.229,-0.034,0.000,1867,65.83,85.55,418.36,18.176,14.19,27.28,58.95,false,true,false,true
2026-09-11T10:02:51.200Z,COLH-DEMO-01,true,-22.66738640,-47.80303371,3d,1.5,0.000,90.00,82.232,-0.020,0.000,1867,65.82,85.55,418.36,18.178,14.19,27.28,58.95,false,true,false,true
2026-09-11T10:02:51.300Z,COLH-DEMO-01,true,-22.66738640,-47.80303371,3d,1.5,0.000,90.00,82.236,-0.006,0.000,1867,65.82,85.55,418.37,18.180,14.19,27.28,58.95,false,true,false,true
2026-09-11T10:02:51.400Z,COLH-DEMO-01,true,-22.66738640,-47.80303371,3d,1.5,0.000,90.00,82.239,0.008,0.000,1867,65.81,85.54,418.38,18.183,14.19,27.28,58.94,false,true,false,true
2026-09-11T10:02:51.500Z,COLH-DEMO-01,true,-22.66738640,-47.80303371,3d,1.5,0.000,90.00,82.243,0.022,0.000,1868,65.81,85.54,418.39,18.185,14.19,27.28,58.94,false,true,false,true
2026-09-11T10:02:51.600Z,COLH-DEMO-01,true,-22.66738640,-47.80303371,3d,1.5,0.000,90.00,82.246,0.036,0.000,1868,65.80,85.54,418.40,18.187,14.19,27.28,58.94,false,true,false,true
2026-09-11T10:02:51.700Z,COLH-DEMO-01,true,-22.66738640,-47.80303371,3d,1.5,0.000,90.00,82.249,0.050,0.000,1868,65.79,85.54,418.41,18.189,14.19,27.28,58.94,false,true,false,true
2026-09-11T10:02:51.800Z,COLH-DEMO-01,true,-22.66738640,-47.80303371,3d,1.5,0.000,90.00,82.252,0.064,0.000,1868,65.79,85.54,418.42,18.191,14.19,27.28,58.94,false,true,false,true
2026-09-11T10:02:51.900Z,COLH-DEMO-01,true,-22.66738640,-47.80303371,3d,1.5,0.000,90.00,82.255,0.078,0.000,1868,65.78,85.54,418.42,18.193,14.19,27.28,58.94,false,true,false,true
2026-09-11T10:02:52.000Z,COLH-DEMO-01,true,-22.66738640,-47.80303371,3d,1.5,0.000,90.00,82.258,0.092,0.000,1868,65.78,85.54,418.43,18.196,14.19,27.28,58.94,false,true,false,true
2026-09-11T10:02:52.100Z,COLH-DEMO-01,true,-22.66738640,-47.80303371,3d,1.5,0.000,90.00,82.261,0.106,0.000,1869,65.77,85.54,418.44,18.198,14.19,27.28,58.94,false,true,false,true
2026-09-11T10:02:52.200Z,COLH-DEMO-01,true,-22.66738640,-47.80303371,3d,1.5,0.000,90.00,82.264,0.120,0.000,1869,65.76,85.54,418.45,18.200,14.19,27.28,58.94,false,true,false,true
2026-09-11T10:02:52.300Z,COLH-DEMO-01,true,-22.66738640,-47.80303371,3d,1.5,0.000,90.00,82.266,0.134,0.000,1869,65.76,85.54,418.46,18.202,14.19,27.28,58.94,false,true,false,true
2026-09-11T10:02:52.400Z,COLH-DEMO-01,true,-22.66738640,-47.80303371,3d,1.5,0.000,90.00,82.269,0.148,0.000,1869,65.75,85.54,418.47,18.204,14.19,27.28,58.94,false,true,false,true
2026-09-11T10:02:52.500Z,COLH-DEMO-01,true,-22.66738640,-47.80303371,3d,1.5,0.000,90.00,82.271,0.162,0.000,1869,65.74,85.54,418.48,18.207,14.19,27.28,58.94,false,true,false,true
2026-09-11T10:02:52.600Z,COLH-DEMO-01,true,-22.66738640,-47.80303371,3d,1.5,0.000,90.00,82.274,0.176,0.000,1870,65.74,85.54,418.48,18.209,14.19,27.28,58.94,false,true,false,true
2026-09-11T10:02:52.700Z,COLH-DEMO-01,true,-22.66738640,-47.80303371,3d,1.5,0.000,90.00,82.276,0.190,0.000,1870,65.73,85.54,418.49,18.211,14.19,27.28,58.94,false,true,false,true
2026-09-11T10:02:52.800Z,COLH-DEMO-01,true,-22.66738640,-47.80303371,3d,1.5,0.000,90.00,82.278,0.204,0.000,1870,65.72,85.54,418.50,18.213,14.19,27.28,58.94,false,true,false,true
2026-09-11T10:02:52.900Z,COLH-DEMO-01,true,-22.66738640,-47.80303371,3d,1.5,0.000,90.00,82.280,0.218,0.000,1870,65.72,85.54,418.51,18.215,14.19,27.28,58.94,false,true,false,true
2026-09-11T10:02:53.000Z,COLH-DEMO-01,true,-22.66738640,-47.80303371,3d,1.5,0.000,90.00,82.282,0.231,0.000,1870,65.71,85.54,418.52,18.217,14.19,27.28,58.94,false,true,false,true
2026-09-11T10:02:53.100Z,COLH-DEMO-01,true,-22.66738640,-47.80303371,3d,1.5,0.000,90.00,82.284,0.245,0.000,1870,65.70,85.54,418.53,18.219,14.19,27.28,58.94,false,true,false,true
2026-09-11T10:02:53.200Z,COLH-DEMO-01,true,-22.66738640,-47.80303371,3d,1.5,0.000,90.00,82.286,0.259,0.000,1871,65.69,85.54,418.54,18.222,14.19,27.28,58.94,false,true,false,true
2026-09-11T10:02:53.300Z,COLH-DEMO-01,true,-22.66738640,-47.80303371,3d,1.5,0.000,90.00,82.288,0.272,0.000,1871,65.69,85.54,418.54,18.224,14.19,27.28,58.94,false,true,false,true
2026-09-11T10:02:53.400Z,COLH-DEMO-01,true,-22.66738640,-47.80303371,3d,1.5,0.000,90.00,82.289,0.286,0.000,1871,65.68,85.54,418.55,18.226,14.19,27.28,58.94,false,true,false,true
2026-09-11T10:02:53.500Z,COLH-DEMO-01,true,-22.66738640,-47.80303371,3d,1.5,0.000,90.00,82.291,0.299,0.000,1871,65.67,85.53,418.56,18.228,14.19,27.28,58.94,false,true,false,true
2026-09-11T10:02:53.600Z,COLH-DEMO-01,true,-22.66738640,-47.80303371,3d,1.5,0.000,90.00,82.292,0.313,0.000,1871,65.66,85.53,418.57,18.230,14.19,27.28,58.94,false,true,false,true
2026-09-11T10:02:53.700Z,COLH-DEMO-01,true,-22.66738640,-47.80303371,3d,1.5,0.000,90.00,82.293,0.326,0.000,1871,65.66,85.53,418.58,18.232,14.19,27.28,58.94,false,true,false,true
2026-09-11T10:02:53.800Z,COLH-DEMO-01,true,-22.66738640,-47.80303371,3d,1.5,0.000,90.00,82.294,0.339,0.000,1872,65.65,85.53,418.59,18.234,14.19,27.28,58.94,false,true,false,true
2026-09-11T10:02:53.900Z,COLH-DEMO-01,true,-22.66738640,-47.80303371,3d,1.5,0.000,90.00,82.295,0.352,0.000,1872,65.64,85.53,418.60,18.237,14.19,27.28,58.94,false,true,false,true
2026-09-11T10:02:54.000Z,COLH-DEMO-01,true,-22.66738640,-47.80303371,3d,1.5,0.000,90.00,82.296,0.366,0.000,1872,65.63,85.53,418.61,18.239,14.19,27.28,58.94,false,true,false,true
2026-09-11T10:02:54.100Z,COLH-DEMO-01,true,-22.66738640,-47.80303371,3d,1.5,0.000,90.00,82.297,0.379,0.000,1872,65.62,85.53,418.62,18.241,14.19,27.28,58.93,false,true,false,true
2026-09-11T10:02:54.200Z,COLH-DEMO-01,true,-22.66738640,-47.80303371,3d,1.5,0.000,90.00,82.298,0.392,0.000,1872,65.62,85.53,418.62,18.243,14.19,27.28,58.93,false,true,false,true
2026-09-11T10:02:54.300Z,COLH-DEMO-01,true,-22.66738640,-47.80303371,3d,1.5,0.000,90.00,82.299,0.405,0.000,1872,65.61,85.53,418.63,18.245,14.19,27.28,58.93,false,true,false,true
2026-09-11T10:02:54.400Z,COLH-DEMO-01,true,-22.66738640,-47.80303371,3d,1.5,0.000,90.00,82.299,0.417,0.000,1873,65.60,85.53,418.64,18.247,14.19,27.28,58.93,false,true,false,true
2026-09-11T10:02:54.500Z,COLH-DEMO-01,true,-22.66738640,-47.80303371,3d,1.5,0.000,90.00,82.299,0.430,0.000,1873,65.59,85.53,418.65,18.249,14.19,27.28,58.93,false,true,false,true
2026-09-11T10:02:54.600Z,COLH-DEMO-01,true,-22.66738640,-47.80303371,3d,1.5,0.000,90.00,82.300,0.443,0.000,1873,65.58,85.53,418.66,18.251,14.19,27.28,58.93,false,true,false,true
2026-09-11T10:02:54.700Z,COLH-DEMO-01,true,-22.66738640,-47.80303371,3d,1.5,0.000,90.00,82.300,0.455,0.000,1873,65.58,85.53,418.67,18.253,14.19,27.28,58.93,false,true,false,true
2026-09-11T10:02:54.800Z,COLH-DEMO-01,true,-22.66738640,-47.80303371,3d,1.5,0.000,90.00,82.300,0.468,0.000,1873,65.57,85.53,418.68,18.256,14.19,27.28,58.93,false,true,false,true
2026-09-11T10:02:54.900Z,COLH-DEMO-01,true,-22.66738640,-47.80303371,3d,1.5,0.000,90.00,82.300,0.480,0.000,1873,65.56,85.53,418.69,18.258,14.19,27.28,58.93,false,true,false,true
2026-09-11T10:02:55.000Z,COLH-DEMO-01,true,-22.66738640,-47.80303371,3d,1.5,0.000,90.00,82.300,0.493,0.000,1873,65.55,85.53,418.70,18.260,14.19,27.28,58.93,false,true,false,true
2026-09-11T10:02:55.100Z,COLH-DEMO-01,true,-22.66738640,-47.80303371,3d,1.5,0.000,90.00,82.300,0.505,0.000,1874,65.54,85.53,418.70,18.262,14.19,27.28,58.93,false,true,false,true
2026-09-11T10:02:55.200Z,COLH-DEMO-01,true,-22.66738640,-47.80303371,3d,1.5,0.000,90.00,82.299,0.517,0.000,1874,65.53,85.53,418.71,18.264,14.19,27.28,58.93,false,true,false,true
2026-09-11T10:02:55.300Z,COLH-DEMO-01,true,-22.66738640,-47.80303371,3d,1.5,0.000,90.00,82.299,0.529,0.000,1874,65.52,85.53,418.72,18.266,14.19,27.28,58.93,false,true,false,true
2026-09-11T10:02:55.400Z,COLH-DEMO-01,true,-22.66738640,-47.80303371,3d,1.5,0.000,90.00,82.298,0.541,0.000,1874,65.51,85.53,418.73,18.268,14.19,27.28,58.93,false,true,false,true
2026-09-11T10:02:55.500Z,COLH-DEMO-01,true,-22.66738640,-47.80303371,3d,1.5,0.000,90.00,82.298,0.553,0.000,1874,65.50,85.53,418.74,18.270,14.19,27.28,58.93,false,true,false,true
2026-09-11T10:02:55.600Z,COLH-DEMO-01,true,-22.66738640,-47.80303371,3d,1.5,0.000,90.00,82.297,0.564,0.000,1874,65.50,85.53,418.75,18.272,14.19,27.28,58.93,false,true,false,true
2026-09-11T10:02:55.700Z,COLH-DEMO-01,true,-22.66738640,-47.80303371,3d,1.5,0.000,90.00,82.296,0.576,0.000,1874,65.49,85.53,418.76,18.274,14.19,27.28,58.93,false,true,false,true
2026-09-11T10:02:55.800Z,COLH-DEMO-01,true,-22.66738640,-47.80303371,3d,1.5,0.000,90.00,82.295,0.587,0.000,1875,65.48,85.52,418.77,18.276,14.19,27.28,58.93,false,true,false,true
2026-09-11T10:02:55.900Z,COLH-DEMO-01,true,-22.66738640,-47.80303371,3d,1.5,0.000,90.00,82.294,0.599,0.000,1875,65.47,85.52,418.78,18.278,14.19,27.28,58.93,false,true,false,true
2026-09-11T10:02:56.000Z,COLH-DEMO-01,true,-22.66738640,-47.80303371,3d,1.5,0.000,90.00,82.293,0.610,0.000,1875,65.46,85.52,418.79,18.280,14.19,27.28,58.93,false,true,false,true
2026-09-11T10:02:56.100Z,COLH-DEMO-01,true,-22.66738640,-47.80303371,3d,1.5,0.000,90.00,82.291,0.621,0.000,1875,65.45,85.52,418.80,18.282,14.19,27.28,58.93,false,true,false,true
2026-09-11T10:02:56.200Z,COLH-DEMO-01,true,-22.66738640,-47.80303371,3d,1.5,0.000,90.00,82.290,0.632,0.000,1875,65.44,85.52,418.80,18.284,14.19,27.28,58.93,false,true,false,true
2026-09-11T10:02:56.300Z,COLH-DEMO-01,true,-22.66738640,-47.80303371,3d,1.5,0.000,90.00,82.289,0.643,0.000,1875,65.43,85.52,418.81,18.286,14.19,27.28,58.93,false,true,false,true
2026-09-11T10:02:56.400Z,COLH-DEMO-01,true,-22.66738640,-47.80303371,3d,1.5,0.000,90.00,82.287,0.654,0.000,1875,65.42,85.52,418.82,18.288,14.19,27.28,58.93,false,true,false,true
2026-09-11T10:02:56.500Z,COLH-DEMO-01,true,-22.66738640,-47.80303371,3d,1.5,0.000,90.00,82.285,0.664,0.000,1875,65.41,85.52,418.83,18.290,14.19,27.28,58.92,false,true,false,true
2026-09-11T10:02:56.600Z,COLH-DEMO-01,true,-22.66738640,-47.80303371,3d,1.5,0.000,90.00,82.283,0.675,0.000,1876,65.40,85.52,418.84,18.292,14.19,27.28,58.92,false,true,false,true
2026-09-11T10:02:56.700Z,COLH-DEMO-01,true,-22.66738640,-47.80303371,3d,1.5,0.000,90.00,82.282,0.685,0.000,1876,65.39,85.52,418.85,18.294,14.19,27.28,58.92,false,true,false,true
2026-09-11T10:02:56.800Z,COLH-DEMO-01,true,-22.66738640,-47.80303371,3d,1.5,0.000,90.00,82.280,0.695,0.000,1876,65.38,85.52,418.86,18.296,14.19,27.28,58.92,false,true,false,true
2026-09-11T10:02:56.900Z,COLH-DEMO-01,true,-22.66738640,-47.80303371,3d,1.5,0.000,90.00,82.277,0.705,0.000,1876,65.37,85.52,418.87,18.298,14.19,27.28,58.92,false,true,false,true
2026-09-11T10:02:57.000Z,COLH-DEMO-01,true,-22.66738640,-47.80303371,3d,1.5,0.000,90.00,82.275,0.715,0.000,1876,65.36,85.52,418.88,18.300,14.19,27.28,58.92,false,true,false,true
2026-09-11T10:02:57.100Z,COLH-DEMO-01,true,-22.66738640,-47.80303371,3d,1.5,0.000,90.00,82.273,0.725,0.000,1876,65.35,85.52,418.89,18.302,14.19,27.28,58.92,false,true,false,true
2026-09-11T10:02:57.200Z,COLH-DEMO-01,true,-22.66738640,-47.80303371,3d,1.5,0.000,90.00,82.270,0.735,0.000,1876,65.34,85.52,418.90,18.304,14.19,27.28,58.92,false,true,false,true
2026-09-11T10:02:57.300Z,COLH-DEMO-01,true,-22.66738640,-47.80303371,3d,1.5,0.000,90.00,82.268,0.744,0.000,1876,65.33,85.52,418.91,18.306,14.19,27.28,58.92,false,true,false,true
2026-09-11T10:02:57.400Z,COLH-DEMO-01,true,-22.66738640,-47.80303371,3d,1.5,0.000,90.00,82.265,0.753,0.000,1876,65.32,85.52,418.92,18.308,14.19,27.28,58.92,false,true,false,true
2026-09-11T10:02:57.500Z,COLH-DEMO-01,true,-22.66738640,-47.80303371,3d,1.5,0.000,90.00,82.263,0.763,0.000,1877,65.30,85.52,418.92,18.310,14.19,27.28,58.92,false,true,false,true
2026-09-11T10:02:57.600Z,COLH-DEMO-01,true,-22.66738640,-47.80303371,3d,1.5,0.000,90.00,82.260,0.772,0.000,1877,65.29,85.52,418.93,18.312,14.19,27.28,58.92,false,true,false,true
2026-09-11T10:02:57.700Z,COLH-DEMO-01,true,-22.66738640,-47.80303371,3d,1.5,0.000,90.00,82.257,0.780,0.000,1877,65.28,85.52,418.94,18.314,14.19,27.28,58.92,false,true,false,true
2026-09-11T10:02:57.800Z,COLH-DEMO-01,true,-22.66738640,-47.80303371,3d,1.5,0.000,90.00,82.254,0.789,0.000,1877,65.27,85.52,418.95,18.316,14.19,27.28,58.92,false,true,false,true
2026-09-11T10:02:57.900Z,COLH-DEMO-01,true,-22.66738640,-47.80303371,3d,1.5,0.000,90.00,82.251,0.798,0.000,1877,65.26,85.52,418.96,18.318,14.19,27.28,58.92,false,true,false,true
2026-09-11T10:02:58.000Z,COLH-DEMO-01,true,-22.66738640,-47.80303371,3d,1.5,0.000,90.00,82.248,0.806,0.000,1877,65.25,85.52,418.97,18.320,14.19,27.28,58.92,false,true,false,true
2026-09-11T10:02:58.100Z,COLH-DEMO-01,true,-22.66738640,-47.80303371,3d,1.5,0.000,90.00,82.245,0.814,0.000,1877,65.24,85.52,418.98,18.322,14.19,27.28,58.92,false,true,false,true
2026-09-11T10:02:58.200Z,COLH-DEMO-01,true,-22.66738640,-47.80303371,3d,1.5,0.000,90.00,82.241,0.823,0.000,1877,65.23,85.52,418.99,18.324,14.19,27.28,58.92,false,true,false,true
2026-09-11T10:02:58.300Z,COLH-DEMO-01,true,-22.66738640,-47.80303371,3d,1.5,0.000,90.00,82.238,0.830,0.000,1877,65.22,85.52,419.00,18.326,14.19,27.28,58.92,false,true,false,true
2026-09-11T10:02:58.400Z,COLH-DEMO-01,true,-22.66738640,-47.80303371,3d,1.5,0.000,90.00,82.234,0.838,0.000,1877,65.21,85.52,419.01,18.328,14.19,27.27,58.92,false,true,false,true
2026-09-11T10:02:58.500Z,COLH-DEMO-01,true,-22.66738640,-47.80303371,3d,1.5,0.000,90.00,82.231,0.846,0.000,1878,65.19,85.52,419.02,18.330,14.19,27.27,58.92,false,true,false,true
2026-09-11T10:02:58.600Z,COLH-DEMO-01,true,-22.66738640,-47.80303371,3d,1.5,0.000,90.00,82.227,0.853,0.000,1878,65.18,85.52,419.03,18.332,14.19,27.27,58.92,false,true,false,true
2026-09-11T10:02:58.700Z,COLH-DEMO-01,true,-22.66738640,-47.80303371,3d,1.5,0.000,90.00,82.224,0.861,0.000,1878,65.17,85.51,419.04,18.334,14.19,27.27,58.92,false,true,false,true
2026-09-11T10:02:58.800Z,COLH-DEMO-01,true,-22.66738640,-47.80303371,3d,1.5,0.000,90.00,82.220,0.868,0.000,1878,65.16,85.51,419.05,18.336,14.19,27.27,58.91,false,true,false,true
2026-09-11T10:02:58.900Z,COLH-DEMO-01,true,-22.66738640,-47.80303371,3d,1.5,0.000,90.00,82.216,0.875,0.000,1878,65.15,85.51,419.06,18.338,14.19,27.27,58.91,false,true,false,true
2026-09-11T10:02:59.000Z,COLH-DEMO-01,true,-22.66738640,-47.80303371,3d,1.5,0.000,90.00,82.212,0.881,0.000,1878,65.14,85.51,419.07,18.339,14.19,27.27,58.91,false,true,false,true
2026-09-11T10:02:59.100Z,COLH-DEMO-01,true,-22.66738640,-47.80303371,3d,1.5,0.000,90.00,82.208,0.888,0.000,1878,65.12,85.51,419.08,18.341,14.19,27.27,58.91,false,true,false,true
2026-09-11T10:02:59.200Z,COLH-DEMO-01,true,-22.66738640,-47.80303371,3d,1.5,0.000,90.00,82.204,0.894,0.000,1878,65.11,85.51,419.09,18.343,14.19,27.27,58.91,false,true,false,true
2026-09-11T10:02:59.300Z,COLH-DEMO-01,true,-22.66738640,-47.80303371,3d,1.5,0.000,90.00,82.199,0.900,0.000,1878,65.10,85.51,419.09,18.345,14.19,27.27,58.91,false,true,false,true
2026-09-11T10:02:59.400Z,COLH-DEMO-01,true,-22.66738640,-47.80303371,3d,1.5,0.000,90.00,82.195,0.906,0.000,1878,65.09,85.51,419.10,18.347,14.19,27.27,58.91,false,true,false,true
2026-09-11T10:02:59.500Z,COLH-DEMO-01,true,-22.66738640,-47.80303371,3d,1.5,0.000,90.00,82.191,0.912,0.000,1878,65.08,85.51,419.11,18.349,14.19,27.27,58.91,false,true,false,true
2026-09-11T10:02:59.600Z,COLH-DEMO-01,true,-22.66738640,-47.80303371,3d,1.5,0.000,90.00,82.186,0.918,0.000,1878,65.06,85.51,419.12,18.351,14.19,27.27,58.91,false,true,false,true
2026-09-11T10:02:59.700Z,COLH-DEMO-01,true,-22.66738640,-47.80303371,3d,1.5,0.000,90.00,82.182,0.924,0.000,1879,65.05,85.51,419.13,18.353,14.19,27.27,58.91,false,true,false,true
2026-09-11T10:02:59.800Z,COLH-DEMO-01,true,-22.66738640,-47.80303371,3d,1.5,0.000,90.00,82.177,0.929,0.000,1879,65.04,85.51,419.14,18.355,14.19,27.27,58.91,false,true,false,true
2026-09-11T10:02:59.900Z,COLH-DEMO-01,true,-22.66738640,-47.80303371,3d,1.5,0.000,90.00,82.173,0.934,0.000,1879,65.03,85.51,419.15,18.356,14.19,27.27,58.91,false,true,false,true
2026-09-11T10:03:00.000Z,COLH-DEMO-01,true,-22.66738640,-47.80303371,3d,1.5,0.000,90.00,82.168,0.939,0.000,1879,65.01,85.51,419.16,18.358,14.19,27.27,58.91,false,true,false,true
2026-09-11T10:03:00.100Z,COLH-DEMO-01,true,-22.66738640,-47.80303371,3d,1.5,0.000,90.00,82.163,0.944,0.000,1879,65.00,85.51,419.17,18.360,14.19,27.27,58.91,false,true,false,true
2026-09-11T10:03:00.200Z,COLH-DEMO-01,true,-22.66738640,-47.80303371,3d,1.5,0.000,90.00,82.159,0.948,0.000,1879,64.99,85.51,419.18,18.362,14.19,27.27,58.91,false,true,false,true
2026-09-11T10:03:00.300Z,COLH-DEMO-01,true,-22.66738640,-47.80303371,3d,1.5,0.000,90.00,82.154,0.953,0.000,1879,64.98,85.51,419.19,18.364,14.19,27.27,58.91,false,true,false,true
2026-09-11T10:03:00.400Z,COLH-DEMO-01,true,-22.66738640,-47.80303371,3d,1.5,0.000,90.00,82.149,0.957,0.000,1879,64.96,85.51,419.20,18.366,14.19,27.27,58.91,false,true,false,true
2026-09-11T10:03:00.500Z,COLH-DEMO-01,true,-22.66738640,-47.80303371,3d,1.5,0.000,90.00,82.144,0.961,0.000,1879,64.95,85.51,419.21,18.367,14.19,27.27,58.91,false,true,false,true
2026-09-11T10:03:00.600Z,COLH-DEMO-01,true,-22.66738640,-47.80303371,3d,1.5,0.000,90.00,82.139,0.965,0.000,1879,64.94,85.51,419.22,18.369,14.19,27.27,58.91,false,true,false,true
2026-09-11T10:03:00.700Z,COLH-DEMO-01,true,-22.66738640,-47.80303371,3d,1.5,0.000,90.00,82.134,0.968,0.000,1879,64.92,85.51,419.23,18.371,14.19,27.27,58.91,false,true,false,true
2026-09-11T10:03:00.800Z,COLH-DEMO-01,true,-22.66738640,-47.80303371,3d,1.5,0.000,90.00,82.129,0.972,0.000,1879,64.91,85.51,419.24,18.373,14.19,27.27,58.91,false,true,false,true
2026-09-11T10:03:00.900Z,COLH-DEMO-01,true,-22.66738640,-47.80303371,3d,1.5,0.000,90.00,82.124,0.975,0.000,1879,64.90,85.51,419.25,18.375,14.19,27.27,58.91,false,true,false,true
2026-09-11T10:03:01.000Z,COLH-DEMO-01,true,-22.66738640,-47.80303371,3d,1.5,0.000,90.00,82.119,0.978,0.000,1879,64.89,85.51,419.26,18.377,14.19,27.27,58.90,false,true,false,true
2026-09-11T10:03:01.100Z,COLH-DEMO-01,true,-22.66738640,-47.80303371,3d,1.5,0.000,90.00,82.113,0.981,0.000,1879,64.87,85.51,419.27,18.378,14.19,27.27,58.90,false,true,false,true
2026-09-11T10:03:01.200Z,COLH-DEMO-01,true,-22.66738640,-47.80303371,3d,1.5,0.000,90.00,82.108,0.983,0.000,1879,64.86,85.51,419.28,18.380,14.19,27.27,58.90,false,true,false,true
2026-09-11T10:03:01.300Z,COLH-DEMO-01,true,-22.66738640,-47.80303371,3d,1.5,0.000,90.00,82.103,0.986,0.000,1879,64.85,85.51,419.29,18.382,14.19,27.27,58.90,false,true,false,true
2026-09-11T10:03:01.400Z,COLH-DEMO-01,true,-22.66738640,-47.80303371,3d,1.5,0.000,90.00,82.098,0.988,0.000,1879,64.83,85.51,419.30,18.384,14.19,27.27,58.90,false,true,false,true
2026-09-11T10:03:01.500Z,COLH-DEMO-01,true,-22.66738640,-47.80303371,3d,1.5,0.000,90.00,82.092,0.990,0.000,1880,64.82,85.51,419.31,18.385,14.19,27.27,58.90,false,true,false,true
2026-09-11T10:03:01.600Z,COLH-DEMO-01,true,-22.66738640,-47.80303371,3d,1.5,0.000,90.00,82.087,0.992,0.000,1880,64.81,85.51,419.32,18.387,14.19,27.27,58.90,false,true,false,true
2026-09-11T10:03:01.700Z,COLH-DEMO-01,true,-22.66738640,-47.80303371,3d,1.5,0.000,90.00,82.081,0.994,0.000,1880,64.79,85.51,419.33,18.389,14.19,27.27,58.90,false,true,false,true
2026-09-11T10:03:01.800Z,COLH-DEMO-01,true,-22.66738640,-47.80303371,3d,1.5,0.000,90.00,82.076,0.995,0.000,1880,64.78,85.51,419.34,18.391,14.19,27.27,58.90,false,true,false,true
2026-09-11T10:03:01.900Z,COLH-DEMO-01,true,-22.66738640,-47.80303371,3d,1.5,0.000,90.00,82.070,0.996,0.000,1880,64.76,85.51,419.35,18.392,14.19,27.27,58.90,false,true,false,true
2026-09-11T10:03:02.000Z,COLH-DEMO-01,true,-22.66738640,-47.80303371,3d,1.5,0.000,90.00,82.065,0.998,0.000,1880,64.75,85.51,419.36,18.394,14.19,27.27,58.90,false,true,false,true
2026-09-11T10:03:02.100Z,COLH-DEMO-01,true,-22.66738640,-47.80303371,3d,1.5,0.000,90.00,82.059,0.998,0.000,1880,64.74,85.51,419.37,18.396,14.19,27.27,58.90,false,true,false,true
2026-09-11T10:03:02.200Z,COLH-DEMO-01,true,-22.66738640,-47.80303371,3d,1.5,0.000,90.00,82.054,0.999,0.000,1880,64.72,85.51,419.38,18.398,14.19,27.27,58.90,false,true,false,true
2026-09-11T10:03:02.300Z,COLH-DEMO-01,true,-22.66738640,-47.80303371,3d,1.5,0.000,90.00,82.048,1.000,0.000,1880,64.71,85.51,419.38,18.399,14.19,27.27,58.90,false,true,false,true
2026-09-11T10:03:02.400Z,COLH-DEMO-01,true,-22.66738640,-47.80303371,3d,1.5,0.000,90.00,82.043,1.000,0.000,1880,64.69,85.51,419.39,18.401,14.19,27.27,58.90,false,true,false,true
2026-09-11T10:03:02.500Z,COLH-DEMO-01,true,-22.66738640,-47.80303371,3d,1.5,0.000,90.00,82.037,1.000,0.000,1880,64.68,85.51,419.40,18.403,14.19,27.27,58.90,false,true,false,true
2026-09-11T10:03:02.600Z,COLH-DEMO-01,true,-22.66738640,-47.80303371,3d,1.5,0.000,90.00,82.031,1.000,0.000,1880,64.67,85.51,419.41,18.405,14.19,27.27,58.90,false,true,false,true
2026-09-11T10:03:02.700Z,COLH-DEMO-01,true,-22.66738640,-47.80303371,3d,1.5,0.000,90.00,82.026,1.000,0.000,1880,64.65,85.51,419.42,18.406,14.19,27.27,58.90,false,true,false,true
2026-09-11T10:03:02.800Z,COLH-DEMO-01,true,-22.66738640,-47.80303371,3d,1.5,0.000,90.00,82.020,0.999,0.000,1880,64.64,85.51,419.43,18.408,14.19,27.27,58.90,false,true,false,true
2026-09-11T10:03:02.900Z,COLH-DEMO-01,true,-22.66738640,-47.80303371,3d,1.5,0.000,90.00,82.014,0.998,0.000,1880,64.62,85.50,419.44,18.410,14.19,27.27,58.90,false,true,false,true
2026-09-11T10:03:03.000Z,COLH-DEMO-01,true,-22.66738640,-47.80303371,3d,1.5,0.000,90.00,82.009,0.997,0.000,1880,64.61,85.50,419.45,18.411,14.19,27.27,58.89,false,true,false,true
2026-09-11T10:03:03.100Z,COLH-DEMO-01,true,-22.66738640,-47.80303371,3d,1.5,0.000,90.00,82.003,0.996,0.000,1880,64.59,85.50,419.46,18.413,14.19,27.27,58.89,false,true,false,true
2026-09-11T10:03:03.200Z,COLH-DEMO-01,true,-22.66738640,-47.80303371,3d,1.5,0.000,90.00,81.997,0.995,0.000,1880,64.58,85.50,419.47,18.415,14.19,27.27,58.89,false,true,false,true
2026-09-11T10:03:03.300Z,COLH-DEMO-01,true,-22.66738640,-47.80303371,3d,1.5,0.000,90.00,81.992,0.994,0.000,1880,64.57,85.50,419.48,18.416,14.18,27.27,58.89,false,true,false,true
2026-09-11T10:03:03.400Z,COLH-DEMO-01,true,-22.66738640,-47.80303371,3d,1.5,0.000,90.00,81.986,0.992,0.000,1880,64.55,85.50,419.49,18.418,14.18,27.27,58.89,false,true,false,true
2026-09-11T10:03:03.500Z,COLH-DEMO-01,true,-22.66738640,-47.80303371,3d,1.5,0.000,90.00,81.980,0.990,0.000,1880,64.54,85.50,419.50,18.420,14.18,27.27,58.89,false,true,false,true
2026-09-11T10:03:03.600Z,COLH-DEMO-01,true,-22.66738640,-47.80303371,3d,1.5,0.000,90.00,81.975,0.988,0.000,1880,64.52,85.50,419.51,18.421,14.18,27.27,58.89,false,true,false,true
2026-09-11T10:03:03.700Z,COLH-DEMO-01,true,-22.66738640,-47.80303371,3d,1.5,0.000,90.00,81.969,0.986,0.000,1880,64.51,85.50,419.52,18.423,14.18,27.27,58.89,false,true,false,true
2026-09-11T10:03:03.800Z,COLH-DEMO-01,true,-22.66738640,-47.80303371,3d,1.5,0.000,90.00,81.964,0.983,0.000,1880,64.49,85.50,419.53,18.425,14.18,27.27,58.89,false,true,false,true
2026-09-11T10:03:03.900Z,COLH-DEMO-01,true,-22.66738640,-47.80303371,3d,1.5,0.000,90.00,81.958,0.980,0.000,1880,64.48,85.50,419.54,18.426,14.18,27.27,58.89,false,true,false,true
2026-09-11T10:03:04.000Z,COLH-DEMO-01,true,-22.66738640,-47.80303371,3d,1.5,0.000,90.00,81.952,0.978,0.000,1880,64.46,85.50,419.55,18.428,14.18,27.27,58.89,false,true,false,true
2026-09-11T10:03:04.100Z,COLH-DEMO-01,true,-22.66738640,-47.80303371,3d,1.5,0.000,90.00,81.947,0.975,0.000,1880,64.45,85.50,419.56,18.429,14.18,27.27,58.89,false,true,false,true
2026-09-11T10:03:04.200Z,COLH-DEMO-01,true,-22.66738640,-47.80303371,3d,1.5,0.000,90.00,81.941,0.971,0.000,1880,64.43,85.50,419.57,18.431,14.18,27.27,58.89,false,true,false,true
2026-09-11T10:03:04.300Z,COLH-DEMO-01,true,-22.66738640,-47.80303371,3d,1.5,0.000,90.00,81.936,0.968,0.000,1880,64.42,85.50,419.58,18.433,14.18,27.27,58.89,false,true,false,true
2026-09-11T10:03:04.400Z,COLH-DEMO-01,true,-22.66738640,-47.80303371,3d,1.5,0.000,90.00,81.930,0.964,0.000,1880,64.40,85.50,419.59,18.434,14.18,27.27,58.89,false,true,false,true
2026-09-11T10:03:04.500Z,COLH-DEMO-01,true,-22.66738640,-47.80303371,3d,1.5,0.000,90.00,81.925,0.960,0.000,1880,64.39,85.50,419.60,18.436,14.18,27.27,58.89,false,true,false,true
2026-09-11T10:03:04.600Z,COLH-DEMO-01,true,-22.66738640,-47.80303371,3d,1.5,0.000,90.00,81.919,0.956,0.000,1880,64.37,85.50,419.61,18.437,14.18,27.27,58.89,false,true,false,true
2026-09-11T10:03:04.700Z,COLH-DEMO-01,true,-22.66738640,-47.80303371,3d,1.5,0.000,90.00,81.914,0.952,0.000,1880,64.36,85.50,419.62,18.439,14.18,27.27,58.89,false,true,false,true
2026-09-11T10:03:04.800Z,COLH-DEMO-01,true,-22.66738640,-47.80303371,3d,1.5,0.000,90.00,81.908,0.948,0.000,1880,64.34,85.50,419.63,18.441,14.18,27.27,58.89,false,true,false,true
2026-09-11T10:03:04.900Z,COLH-DEMO-01,true,-22.66738640,-47.80303371,3d,1.5,0.000,90.00,81.903,0.943,0.000,1880,64.32,85.50,419.64,18.442,14.18,27.27,58.89,false,true,false,true
2026-09-11T10:03:05.000Z,COLH-DEMO-01,true,-22.66738640,-47.80303371,3d,1.5,0.000,90.00,81.898,0.938,0.000,1880,64.31,85.50,419.65,18.444,14.18,27.27,58.88,false,true,false,true
2026-09-11T10:03:05.100Z,COLH-DEMO-01,true,-22.66738640,-47.80303371,3d,1.5,0.000,90.00,81.892,0.933,0.000,1880,64.29,85.50,419.66,18.445,14.18,27.27,58.88,false,true,false,true
2026-09-11T10:03:05.200Z,COLH-DEMO-01,true,-22.66738640,-47.80303371,3d,1.5,0.000,90.00,81.887,0.928,0.000,1880,64.28,85.50,419.67,18.447,14.18,27.27,58.88,false,true,false,true
2026-09-11T10:03:05.300Z,COLH-DEMO-01,true,-22.66738640,-47.80303371,3d,1.5,0.000,90.00,81.882,0.923,0.000,1880,64.26,85.50,419.68,18.448,14.18,27.26,58.88,false,true,false,true
2026-09-11T10:03:05.400Z,COLH-DEMO-01,true,-22.66738640,-47.80303371,3d,1.5,0.000,90.00,81.877,0.917,0.000,1880,64.25,85.50,419.69,18.450,14.18,27.26,58.88,false,true,false,true
2026-09-11T10:03:05.500Z,COLH-DEMO-01,true,-22.66738640,-47.80303371,3d,1.5,0.000,90.00,81.872,0.912,0.000,1880,64.23,85.50,419.70,18.451,14.18,27.26,58.88,false,true,false,true
2026-09-11T10:03:05.600Z,COLH-DEMO-01,true,-22.66738640,-47.80303371,3d,1.5,0.000,90.00,81.866,0.906,0.000,1880,64.21,85.50,419.71,18.453,14.18,27.26,58.88,false,true,false,true
2026-09-11T10:03:05.700Z,COLH-DEMO-01,true,-22.66738640,-47.80303371,3d,1.5,0.000,90.00,81.861,0.900,0.000,1880,64.20,85.50,419.72,18.454,14.18,27.26,58.88,false,true,false,true
2026-09-11T10:03:05.800Z,COLH-DEMO-01,true,-22.66738640,-47.80303371,3d,1.5,0.000,90.00,81.856,0.894,0.000,1880,64.18,85.50,419.73,18.456,14.18,27.26,58.88,false,true,false,true
2026-09-11T10:03:05.900Z,COLH-DEMO-01,true,-22.66738640,-47.80303371,3d,1.5,0.000,90.00,81.851,0.887,0.000,1880,64.17,85.50,419.74,18.457,14.18,27.26,58.88,false,true,false,true
2026-09-11T10:03:06.000Z,COLH-DEMO-01,true,-22.66738640,-47.80303371,3d,1.5,0.000,90.00,81.847,0.881,0.000,1880,64.15,85.50,419.75,18.459,14.18,27.26,58.88,false,true,false,true
2026-09-11T10:03:06.100Z,COLH-DEMO-01,true,-22.66738640,-47.80303371,3d,1.5,0.000,90.00,81.842,0.874,0.000,1880,64.13,85.50,419.76,18.460,14.18,27.26,58.88,false,true,false,true
2026-09-11T10:03:06.200Z,COLH-DEMO-01,true,-22.66738640,-47.80303371,3d,1.5,0.000,90.00,81.837,0.867,0.000,1879,64.12,85.50,419.77,18.462,14.18,27.26,58.88,false,true,false,true
2026-09-11T10:03:06.300Z,COLH-DEMO-01,true,-22.66738640,-47.80303371,3d,1.5,0.000,90.00,81.832,0.860,0.000,1879,64.10,85.50,419.78,18.463,14.18,27.26,58.88,false,true,false,true
2026-09-11T10:03:06.400Z,COLH-DEMO-01,true,-22.66738640,-47.80303371,3d,1.5,0.000,90.00,81.828,0.853,0.000,1879,64.09,85.50,419.79,18.465,14.18,27.26,58.88,false,true,false,true
2026-09-11T10:03:06.500Z,COLH-DEMO-01,true,-22.66738640,-47.80303371,3d,1.5,0.000,90.00,81.823,0.845,0.000,1879,64.07,85.50,419.80,18.466,14.18,27.26,58.88,false,true,false,true
2026-09-11T10:03:06.600Z,COLH-DEMO-01,true,-22.66738640,-47.80303371,3d,1.5,0.000,90.00,81.818,0.837,0.000,1879,64.05,85.50,419.81,18.468,14.18,27.26,58.88,false,true,false,true
2026-09-11T10:03:06.700Z,COLH-DEMO-01,true,-22.66738640,-47.80303371,3d,1.5,0.000,90.00,81.814,0.830,0.000,1879,64.04,85.50,419.82,18.469,14.18,27.26,58.88,false,true,false,true
2026-09-11T10:03:06.800Z,COLH-DEMO-01,true,-22.66738640,-47.80303371,3d,1.5,0.000,90.00,81.810,0.822,0.000,1879,64.02,85.50,419.83,18.471,14.18,27.26,58.88,false,true,false,true
2026-09-11T10:03:06.900Z,COLH-DEMO-01,true,-22.66738640,-47.80303371,3d,1.5,0.000,90.00,81.805,0.814,0.000,1879,64.00,85.50,419.84,18.472,14.18,27.26,58.87,false,true,false,true
2026-09-11T10:03:07.000Z,COLH-DEMO-01,true,-22.66738640,-47.80303371,3d,1.5,0.000,90.00,81.801,0.805,0.000,1879,63.99,85.50,419.85,18.473,14.18,27.26,58.87,false,true,false,true
2026-09-11T10:03:07.100Z,COLH-DEMO-01,true,-22.66738640,-47.80303371,3d,1.5,0.000,90.00,81.797,0.797,0.000,1879,63.97,85.50,419.86,18.475,14.18,27.26,58.87,false,true,false,true
2026-09-11T10:03:07.200Z,COLH-DEMO-01,true,-22.66738640,-47.80303371,3d,1.5,0.000,90.00,81.793,0.788,0.000,1879,63.95,85.50,419.87,18.476,14.18,27.26,58.87,false,true,false,true
2026-09-11T10:03:07.300Z,COLH-DEMO-01,true,-22.66738640,-47.80303371,3d,1.5,0.000,90.00,81.789,0.780,0.000,1879,63.94,85.50,419.88,18.478,14.18,27.26,58.87,false,true,false,true
2026-09-11T10:03:07.400Z,COLH-DEMO-01,true,-22.66738640,-47.80303371,3d,1.5,0.000,90.00,81.785,0.771,0.000,1879,63.92,85.50,419.89,18.479,14.18,27.26,58.87,false,true,false,true
2026-09-11T10:03:07.500Z,COLH-DEMO-01,true,-22.66738640,-47.80303371,3d,1.5,0.000,90.00,81.781,0.762,0.000,1879,63.90,85.50,419.90,18.480,14.18,27.26,58.87,false,true,false,true
2026-09-11T10:03:07.600Z,COLH-DEMO-01,true,-22.66738640,-47.80303371,3d,1.5,0.000,90.00,81.777,0.752,0.000,1879,63.89,85.50,419.91,18.482,14.18,27.26,58.87,false,true,false,true
2026-09-11T10:03:07.700Z,COLH-DEMO-01,true,-22.66738640,-47.80303371,3d,1.5,0.000,90.00,81.773,0.743,0.000,1879,63.87,85.50,419.92,18.483,14.18,27.26,58.87,false,true,false,true
2026-09-11T10:03:07.800Z,COLH-DEMO-01,true,-22.66738640,-47.80303371,3d,1.5,0.000,90.00,81.769,0.734,0.000,1879,63.85,85.50,419.93,18.484,14.18,27.26,58.87,false,true,false,true
2026-09-11T10:03:07.900Z,COLH-DEMO-01,true,-22.66738640,-47.80303371,3d,1.5,0.000,90.00,81.766,0.724,0.000,1879,63.84,85.50,419.94,18.486,14.18,27.26,58.87,false,true,false,true
2026-09-11T10:03:08.000Z,COLH-DEMO-01,true,-22.66738640,-47.80303371,3d,1.5,0.000,90.00,81.762,0.714,0.000,1878,63.82,85.50,419.95,18.487,14.18,27.26,58.87,false,true,false,true
2026-09-11T10:03:08.100Z,COLH-DEMO-01,true,-22.66738640,-47.80303371,3d,1.5,0.000,90.00,81.759,0.704,0.000,1878,63.80,85.50,419.96,18.489,14.18,27.26,58.87,false,true,false,true
2026-09-11T10:03:08.200Z,COLH-DEMO-01,true,-22.66738640,-47.80303371,3d,1.5,0.000,90.00,81.756,0.694,0.000,1878,63.79,85.50,419.97,18.490,14.18,27.26,58.87,false,true,false,true
2026-09-11T10:03:08.300Z,COLH-DEMO-01,true,-22.66738640,-47.80303371,3d,1.5,0.000,90.00,81.752,0.684,0.000,1878,63.77,85.50,419.98,18.491,14.18,27.26,58.87,false,true,false,true
2026-09-11T10:03:08.400Z,COLH-DEMO-01,true,-22.66738640,-47.80303371,3d,1.5,0.000,90.00,81.749,0.674,0.000,1878,63.75,85.50,419.99,18.493,14.18,27.26,58.87,false,true,false,true
2026-09-11T10:03:08.500Z,COLH-DEMO-01,true,-22.66738640,-47.80303371,3d,1.5,0.000,90.00,81.746,0.663,0.000,1878,63.73,85.50,420.00,18.494,14.18,27.26,58.87,false,true,false,true
2026-09-11T10:03:08.600Z,COLH-DEMO-01,true,-22.66738640,-47.80303371,3d,1.5,0.000,90.00,81.743,0.653,0.000,1878,63.72,85.50,420.01,18.495,14.18,27.26,58.87,false,true,false,true
2026-09-11T10:03:08.700Z,COLH-DEMO-01,true,-22.66738640,-47.80303371,3d,1.5,0.000,90.00,81.740,0.642,0.000,1878,63.70,85.50,420.02,18.496,14.18,27.26,58.86,false,true,false,true
2026-09-11T10:03:08.800Z,COLH-DEMO-01,true,-22.66738640,-47.80303371,3d,1.5,0.000,90.00,81.738,0.631,0.000,1878,63.68,85.50,420.03,18.498,14.18,27.26,58.86,false,true,false,true
2026-09-11T10:03:08.900Z,COLH-DEMO-01,true,-22.66738640,-47.80303371,3d,1.5,0.000,90.00,81.735,0.620,0.000,1878,63.67,85.50,420.04,18.499,14.18,27.26,58.86,false,true,false,true
2026-09-11T10:03:09.000Z,COLH-DEMO-01,true,-22.66738640,-47.80303371,3d,1.5,0.000,90.00,81.732,0.609,0.000,1878,63.65,85.50,420.05,18.500,14.18,27.26,58.86,false,true,false,true
2026-09-11T10:03:09.100Z,COLH-DEMO-01,true,-22.66738640,-47.80303371,3d,1.5,0.000,90.00,81.730,0.598,0.000,1878,63.63,85.50,420.06,18.502,14.18,27.26,58.86,false,true,false,true
2026-09-11T10:03:09.200Z,COLH-DEMO-01,true,-22.66738640,-47.80303371,3d,1.5,0.000,90.00,81.727,0.586,0.000,1877,63.61,85.50,420.07,18.503,14.18,27.26,58.86,false,true,false,true
2026-09-11T10:03:09.300Z,COLH-DEMO-01,true,-22.66738640,-47.80303371,3d,1.5,0.000,90.00,81.725,0.575,0.000,1877,63.60,85.50,420.08,18.504,14.18,27.26,58.86,false,true,false,true
2026-09-11T10:03:09.400Z,COLH-DEMO-01,true,-22.66738640,-47.80303371,3d,1.5,0.000,90.00,81.723,0.563,0.000,1877,63.58,85.50,420.09,18.505,14.18,27.26,58.86,false,true,false,true
2026-09-11T10:03:09.500Z,COLH-DEMO-01,true,-22.66738640,-47.80303371,3d,1.5,0.000,90.00,81.721,0.552,0.000,1877,63.56,85.50,420.10,18.507,14.18,27.26,58.86,false,true,false,true
2026-09-11T10:03:09.600Z,COLH-DEMO-01,true,-22.66738640,-47.80303371,3d,1.5,0.000,90.00,81.719,0.540,0.000,1877,63.54,85.50,420.11,18.508,14.18,27.26,58.86,false,true,false,true
2026-09-11T10:03:09.700Z,COLH-DEMO-01,true,-22.66738640,-47.80303371,3d,1.5,0.000,90.00,81.717,0.528,0.000,1877,63.53,85.50,420.12,18.509,14.18,27.26,58.86,false,true,false,true
2026-09-11T10:03:09.800Z,COLH-DEMO-01,true,-22.66738640,-47.80303371,3d,1.5,0.000,90.00,81.715,0.516,0.000,1877,63.51,85.50,420.13,18.510,14.18,27.26,58.86,false,true,false,true
2026-09-11T10:03:09.900Z,COLH-DEMO-01,true,-22.66738640,-47.80303371,3d,1.5,0.000,90.00,81.713,0.504,0.000,1877,63.49,85.50,420.14,18.511,14.18,27.26,58.86,false,true,false,true
2026-09-11T10:03:10.000Z,COLH-DEMO-01,true,-22.66738640,-47.80303371,3d,1.5,0.000,90.00,81.712,0.491,0.000,1877,63.47,85.50,420.15,18.513,14.18,27.26,58.86,false,true,false,true
2026-09-11T10:03:10.100Z,COLH-DEMO-01,true,-22.66738640,-47.80303371,3d,1.5,0.000,90.00,81.710,0.479,0.000,1877,63.46,85.50,420.16,18.514,14.18,27.26,58.86,false,true,false,true
2026-09-11T10:03:10.200Z,COLH-DEMO-01,true,-22.66738640,-47.80303371,3d,1.5,0.000,90.00,81.709,0.467,0.000,1876,63.44,85.50,420.17,18.515,14.18,27.26,58.86,false,true,false,true
2026-09-11T10:03:10.300Z,COLH-DEMO-01,true,-22.66738640,-47.80303371,3d,1.5,0.000,90.00,81.707,0.454,0.000,1876,63.42,85.50,420.18,18.516,14.18,27.26,58.86,false,true,false,true
2026-09-11T10:03:10.400Z,COLH-DEMO-01,true,-22.66738640,-47.80303371,3d,1.5,0.000,90.00,81.706,0.442,0.000,1876,63.40,85.50,420.19,18.517,14.18,27.26,58.86,false,true,false,true
2026-09-11T10:03:10.500Z,COLH-DEMO-01,true,-22.66738640,-47.80303371,3d,1.5,0.000,90.00,81.705,0.429,0.000,1876,63.38,85.50,420.20,18.519,14.18,27.26,58.85,false,true,false,true
2026-09-11T10:03:10.600Z,COLH-DEMO-01,true,-22.66738640,-47.80303371,3d,1.5,0.000,90.00,81.704,0.416,0.000,1876,63.37,85.50,420.21,18.520,14.18,27.26,58.85,false,true,false,true
2026-09-11T10:03:10.700Z,COLH-DEMO-01,true,-22.66738640,-47.80303371,3d,1.5,0.000,90.00,81.703,0.403,0.000,1876,63.35,85.50,420.22,18.521,14.18,27.26,58.85,false,true,false,true
2026-09-11T10:03:10.800Z,COLH-DEMO-01,true,-22.66738640,-47.80303371,3d,1.5,0.000,90.00,81.702,0.390,0.000,1876,63.33,85.50,420.23,18.522,14.18,27.26,58.85,false,true,false,true
2026-09-11T10:03:10.900Z,COLH-DEMO-01,true,-22.66738640,-47.80303371,3d,1.5,0.000,90.00,81.702,0.377,0.000,1876,63.31,85.50,420.24,18.523,14.18,27.26,58.85,false,true,false,true
2026-09-11T10:03:11.000Z,COLH-DEMO-01,true,-22.66738640,-47.80303371,3d,1.5,0.000,90.00,81.701,0.364,0.000,1875,63.29,85.50,420.25,18.524,14.18,27.26,58.85,false,true,false,true
2026-09-11T10:03:11.100Z,COLH-DEMO-01,true,-22.66738640,-47.80303371,3d,1.5,0.000,90.00,81.701,0.351,0.000,1875,63.28,85.50,420.26,18.525,14.18,27.26,58.85,false,true,false,true
2026-09-11T10:03:11.200Z,COLH-DEMO-01,true,-22.66738640,-47.80303371,3d,1.5,0.000,90.00,81.700,0.338,0.000,1875,63.26,85.50,420.27,18.527,14.18,27.26,58.85,false,true,false,true
2026-09-11T10:03:11.300Z,COLH-DEMO-01,true,-22.66738640,-47.80303371,3d,1.5,0.000,90.00,81.700,0.325,0.000,1875,63.24,85.50,420.28,18.528,14.18,27.26,58.85,false,true,false,true
2026-09-11T10:03:11.400Z,COLH-DEMO-01,true,-22.66738640,-47.80303371,3d,1.5,0.000,90.00,81.700,0.311,0.000,1875,63.22,85.50,420.29,18.529,14.18,27.25,58.85,false,true,false,true
2026-09-11T10:03:11.500Z,COLH-DEMO-01,true,-22.66738640,-47.80303371,3d,1.5,0.000,90.00,81.700,0.298,0.000,1875,63.20,85.50,420.30,18.530,14.18,27.25,58.85,false,true,false,true
2026-09-11T10:03:11.600Z,COLH-DEMO-01,true,-22.66738640,-47.80303371,3d,1.5,0.000,90.00,81.700,0.284,0.000,1875,63.19,85.50,420.31,18.531,14.18,27.25,58.85,false,true,false,true
2026-09-11T10:03:11.700Z,COLH-DEMO-01,true,-22.66738640,-47.80303371,3d,1.5,0.000,90.00,81.700,0.271,0.000,1875,63.17,85.50,420.32,18.532,14.18,27.25,58.85,false,true,false,true
2026-09-11T10:03:11.800Z,COLH-DEMO-01,true,-22.66738640,-47.80303371,3d,1.5,0.000,90.00,81.701,0.257,0.000,1874,63.15,85.50,420.33,18.533,14.18,27.25,58.85,false,true,false,true
2026-09-11T10:03:11.900Z,COLH-DEMO-01,true,-22.66738640,-47.80303371,3d,1.5,0.000,90.00,81.701,0.244,0.000,1874,63.13,85.50,420.34,18.534,14.18,27.25,58.85,false,true,false,true
2026-09-11T10:03:12.000Z,COLH-DEMO-01,true,-22.66738640,-47.80303371,3d,1.5,0.000,90.00,81.701,0.230,0.000,1874,63.11,85.50,420.35,18.535,14.18,27.25,58.85,false,true,false,true
2026-09-11T10:03:12.100Z,COLH-DEMO-01,true,-22.66738640,-47.80303371,3d,1.5,0.000,90.00,81.702,0.216,0.000,1874,63.09,85.50,420.36,18.536,14.18,27.25,58.85,false,true,false,true
2026-09-11T10:03:12.200Z,COLH-DEMO-01,true,-22.66738640,-47.80303371,3d,1.5,0.000,90.00,81.703,0.203,0.000,1874,63.08,85.50,420.37,18.537,14.18,27.25,58.84,false,true,false,true
2026-09-11T10:03:12.300Z,COLH-DEMO-01,true,-22.66738640,-47.80303371,3d,1.5,0.000,90.00,81.704,0.189,0.000,1874,63.06,85.50,420.38,18.538,14.18,27.25,58.84,false,true,false,true
2026-09-11T10:03:12.400Z,COLH-DEMO-01,true,-22.66738640,-47.80303371,3d,1.5,0.000,90.00,81.705,0.175,0.000,1874,63.04,85.50,420.39,18.539,14.18,27.25,58.84,false,true,false,true
2026-09-11T10:03:12.500Z,COLH-DEMO-01,true,-22.66738640,-47.80303371,3d,1.5,0.000,90.00,81.706,0.161,0.000,1874,63.02,85.50,420.40,18.540,14.18,27.25,58.84,false,true,false,true
2026-09-11T10:03:12.600Z,COLH-DEMO-01,true,-22.66738640,-47.80303371,3d,1.5,0.000,90.00,81.707,0.147,0.000,1873,63.00,85.50,420.41,18.541,14.18,27.25,58.84,false,true,false,true
2026-09-11T10:03:12.700Z,COLH-DEMO-01,true,-22.66738640,-47.80303371,3d,1.5,0.000,90.00,81.708,0.133,0.000,1873,62.98,85.50,420.42,18.542,14.18,27.25,58.84,false,true,false,true
2026-09-11T10:03:12.800Z,COLH-DEMO-01,true,-22.66738640,-47.80303371,3d,1.5,0.000,90.00,81.709,0.119,0.000,1873,62.97,85.50,420.43,18.543,14.18,27.25,58.84,false,true,false,true
2026-09-11T10:03:12.900Z,COLH-DEMO-01,true,-22.66738640,-47.80303371,3d,1.5,0.000,90.00,81.711,0.105,0.000,1873,62.95,85.50,420.44,18.544,14.18,27.25,58.84,false,true,false,true
2026-09-11T10:03:13.000Z,COLH-DEMO-01,true,-22.66738640,-47.80303371,3d,1.5,0.000,90.00,81.712,0.091,0.000,1873,62.93,85.50,420.45,18.545,14.18,27.25,58.84,false,true,false,true
2026-09-11T10:03:13.100Z,COLH-DEMO-01,true,-22.66738640,-47.80303371,3d,1.5,0.000,90.00,81.714,0.077,0.000,1873,62.91,85.50,420.46,18.546,14.18,27.25,58.84,false,true,false,true
2026-09-11T10:03:13.200Z,COLH-DEMO-01,true,-22.66738640,-47.80303371,3d,1.5,0.000,90.00,81.716,0.063,0.000,1872,62.89,85.50,420.47,18.547,14.18,27.25,58.84,false,true,false,true
2026-09-11T10:03:13.300Z,COLH-DEMO-01,true,-22.66738640,-47.80303371,3d,1.5,0.000,90.00,81.718,0.049,0.000,1872,62.87,85.50,420.48,18.548,14.18,27.25,58.84,false,true,false,true
2026-09-11T10:03:13.400Z,COLH-DEMO-01,true,-22.66738640,-47.80303371,3d,1.5,0.000,90.00,81.719,0.035,0.000,1872,62.85,85.50,420.49,18.549,14.18,27.25,58.84,false,true,false,true
2026-09-11T10:03:13.500Z,COLH-DEMO-01,true,-22.66738640,-47.80303371,3d,1.5,0.000,90.00,81.722,0.021,0.000,1872,62.84,85.50,420.50,18.550,14.18,27.25,58.84,false,true,false,true
2026-09-11T10:03:13.600Z,COLH-DEMO-01,true,-22.66738640,-47.80303371,3d,1.5,0.000,90.00,81.724,0.007,0.000,1872,62.82,85.50,420.51,18.551,14.18,27.25,58.84,false,true,false,true
2026-09-11T10:03:13.700Z,COLH-DEMO-01,true,-22.66738640,-47.80303371,3d,1.5,0.000,90.00,81.726,-0.007,0.000,1872,62.80,85.50,420.52,18.552,14.18,27.25,58.84,false,true,false,true
2026-09-11T10:03:13.800Z,COLH-DEMO-01,true,-22.66738640,-47.80303371,3d,1.5,0.000,90.00,81.728,-0.021,0.000,1872,62.78,85.50,420.53,18.553,14.18,27.25,58.84,false,true,false,true
2026-09-11T10:03:13.900Z,COLH-DEMO-01,true,-22.66738640,-47.80303371,3d,1.5,0.000,90.00,81.731,-0.036,0.000,1871,62.76,85.50,420.54,18.553,14.18,27.25,58.83,false,true,false,true
2026-09-11T10:03:14.000Z,COLH-DEMO-01,true,-22.66738640,-47.80303371,3d,1.5,0.000,90.00,81.733,-0.050,0.000,1871,62.74,85.50,420.55,18.554,14.18,27.25,58.83,false,true,false,true
2026-09-11T10:03:14.100Z,COLH-DEMO-01,true,-22.66738640,-47.80303371,3d,1.5,0.000,90.00,81.736,-0.064,0.000,1871,62.72,85.50,420.56,18.555,14.18,27.25,58.83,false,true,false,true
2026-09-11T10:03:14.200Z,COLH-DEMO-01,true,-22.66738640,-47.80303371,3d,1.5,0.000,90.00,81.739,-0.078,0.000,1871,62.70,85.51,420.57,18.556,14.18,27.25,58.83,false,true,false,true
2026-09-11T10:03:14.300Z,COLH-DEMO-01,true,-22.66738640,-47.80303371,3d,1.5,0.000,90.00,81.741,-0.092,0.000,1871,62.69,85.51,420.58,18.557,14.18,27.25,58.83,false,true,false,true
2026-09-11T10:03:14.400Z,COLH-DEMO-01,true,-22.66738640,-47.80303371,3d,1.5,0.000,90.00,81.744,-0.106,0.000,1871,62.67,85.51,420.59,18.558,14.18,27.25,58.83,false,true,false,true
2026-09-11T10:03:14.500Z,COLH-DEMO-01,true,-22.66738640,-47.80303371,3d,1.5,0.000,90.00,81.747,-0.120,0.000,1870,62.65,85.51,420.60,18.559,14.18,27.25,58.83,false,true,false,true
2026-09-11T10:03:14.600Z,COLH-DEMO-01,true,-22.66738640,-47.80303371,3d,1.5,0.000,90.00,81.750,-0.134,0.000,1870,62.63,85.51,420.61,18.560,14.18,27.25,58.83,false,true,false,true
2026-09-11T10:03:14.700Z,COLH-DEMO-01,true,-22.66738640,-47.80303371,3d,1.5,0.000,90.00,81.754,-0.148,0.000,1870,62.61,85.51,420.62,18.560,14.18,27.25,58.83,false,true,false,true
2026-09-11T10:03:14.800Z,COLH-DEMO-01,true,-22.66738640,-47.80303371,3d,1.5,0.000,90.00,81.757,-0.162,0.000,1870,62.59,85.51,420.63,18.561,14.18,27.25,58.83,false,true,false,true
2026-09-11T10:03:14.900Z,COLH-DEMO-01,true,-22.66738640,-47.80303371,3d,1.5,0.000,90.00,81.760,-0.175,0.000,1870,62.57,85.51,420.64,18.562,14.18,27.25,58.83,false,true,false,true
2026-09-11T10:03:15.000Z,COLH-DEMO-01,true,-22.66738640,-47.80303371,3d,1.5,0.000,90.00,81.764,-0.189,0.000,1870,62.55,85.51,420.65,18.563,14.18,27.25,58.83,false,true,false,true
2026-09-11T10:03:15.100Z,COLH-DEMO-01,true,-22.66738640,-47.80303371,3d,1.5,0.000,90.00,81.767,-0.203,0.000,1869,62.54,85.51,420.66,18.564,14.18,27.25,58.83,false,true,false,true
2026-09-11T10:03:15.200Z,COLH-DEMO-01,true,-22.66738640,-47.80303371,3d,1.5,0.000,90.00,81.771,-0.217,0.000,1869,62.52,85.51,420.66,18.564,14.18,27.25,58.83,false,true,false,true
2026-09-11T10:03:15.300Z,COLH-DEMO-01,true,-22.66738640,-47.80303371,3d,1.5,0.000,90.00,81.775,-0.231,0.000,1869,62.50,85.51,420.67,18.565,14.18,27.25,58.83,false,true,false,true
2026-09-11T10:03:15.400Z,COLH-DEMO-01,true,-22.66738640,-47.80303371,3d,1.5,0.000,90.00,81.778,-0.244,0.000,1869,62.48,85.51,420.68,18.566,14.18,27.25,58.83,false,true,false,true
2026-09-11T10:03:15.500Z,COLH-DEMO-01,true,-22.66738640,-47.80303371,3d,1.5,0.000,90.00,81.782,-0.258,0.000,1869,62.46,85.51,420.69,18.567,14.18,27.25,58.82,false,true,false,true
2026-09-11T10:03:15.600Z,COLH-DEMO-01,true,-22.66738640,-47.80303371,3d,1.5,0.000,90.00,81.786,-0.272,0.000,1868,62.44,85.51,420.70,18.567,14.18,27.25,58.82,false,true,false,true
2026-09-11T10:03:15.700Z,COLH-DEMO-01,true,-22.66738640,-47.80303371,3d,1.5,0.000,90.00,81.790,-0.285,0.000,1868,62.42,85.51,420.71,18.568,14.18,27.25,58.82,false,true,false,true
2026-09-11T10:03:15.800Z,COLH-DEMO-01,true,-22.66738640,-47.80303371,3d,1.5,0.000,90.00,81.794,-0.299,0.000,1868,62.40,85.51,420.72,18.569,14.18,27.25,58.82,false,true,false,true
2026-09-11T10:03:15.900Z,COLH-DEMO-01,true,-22.66738640,-47.80303371,3d,1.5,0.000,90.00,81.798,-0.312,0.000,1868,62.38,85.51,420.73,18.570,14.18,27.25,58.82,false,true,false,true
2026-09-11T10:03:16.000Z,COLH-DEMO-01,true,-22.66738640,-47.80303371,3d,1.5,0.000,90.00,81.803,-0.325,0.000,1868,62.37,85.51,420.74,18.570,14.18,27.25,58.82,false,true,false,true
2026-09-11T10:03:16.100Z,COLH-DEMO-01,true,-22.66738640,-47.80303371,3d,1.5,0.000,90.00,81.807,-0.339,0.000,1868,62.35,85.51,420.75,18.571,14.18,27.25,58.82,false,true,false,true
2026-09-11T10:03:16.200Z,COLH-DEMO-01,true,-22.66738640,-47.80303371,3d,1.5,0.000,90.00,81.811,-0.352,0.000,1867,62.33,85.51,420.76,18.572,14.18,27.25,58.82,false,true,false,true
2026-09-11T10:03:16.300Z,COLH-DEMO-01,true,-22.66738640,-47.80303371,3d,1.5,0.000,90.00,81.816,-0.365,0.000,1867,62.31,85.51,420.77,18.572,14.18,27.25,58.82,false,true,false,true
2026-09-11T10:03:16.400Z,COLH-DEMO-01,true,-22.66738640,-47.80303371,3d,1.5,0.000,90.00,81.820,-0.378,0.000,1867,62.29,85.51,420.78,18.573,14.18,27.25,58.82,false,true,false,true
2026-09-11T10:03:16.500Z,COLH-DEMO-01,true,-22.66738640,-47.80303371,3d,1.5,0.000,90.00,81.825,-0.391,0.000,1867,62.27,85.51,420.79,18.574,14.18,27.25,58.82,false,true,false,true
2026-09-11T10:03:16.600Z,COLH-DEMO-01,true,-22.66738640,-47.80303371,3d,1.5,0.000,90.00,81.829,-0.404,0.000,1867,62.25,85.51,420.80,18.575,14.18,27.25,58.82,false,true,false,true
2026-09-11T10:03:16.700Z,COLH-DEMO-01,true,-22.66738640,-47.80303371,3d,1.5,0.000,90.00,81.834,-0.417,0.000,1866,62.23,85.51,420.81,18.575,14.18,27.25,58.82,false,true,false,true
2026-09-11T10:03:16.800Z,COLH-DEMO-01,true,-22.66738640,-47.80303371,3d,1.5,0.000,90.00,81.839,-0.430,0.000,1866,62.21,85.51,420.82,18.576,14.18,27.24,58.82,false,true,false,true
2026-09-11T10:03:16.900Z,COLH-DEMO-01,true,-22.66738640,-47.80303371,3d,1.5,0.000,90.00,81.844,-0.442,0.000,1866,62.19,85.51,420.83,18.576,14.18,27.24,58.82,false,true,false,true
2026-09-11T10:03:17.000Z,COLH-DEMO-01,true,-22.66738640,-47.80303371,3d,1.5,0.000,90.00,81.849,-0.455,0.000,1866,62.18,85.51,420.84,18.577,14.18,27.24,58.81,false,true,false,true
2026-09-11T10:03:17.100Z,COLH-DEMO-01,true,-22.66738640,-47.80303371,3d,1.5,0.000,90.00,81.853,-0.467,0.000,1866,62.16,85.51,420.85,18.578,14.18,27.24,58.81,false,true,false,true
2026-09-11T10:03:17.200Z,COLH-DEMO-01,true,-22.66738640,-47.80303371,3d,1.5,0.000,90.00,81.858,-0.480,0.000,1865,62.14,85.51,420.86,18.578,14.18,27.24,58.81,false,true,false,true
2026-09-11T10:03:17.300Z,COLH-DEMO-01,true,-22.66738640,-47.80303371,3d,1.5,0.000,90.00,81.863,-0.492,0.000,1865,62.12,85.51,420.87,18.579,14.18,27.24,58.81,false,true,false,true
2026-09-11T10:03:17.400Z,COLH-DEMO-01,true,-22.66738640,-47.80303371,3d,1.5,0.000,90.00,81.868,-0.504,0.000,1865,62.10,85.51,420.88,18.580,14.18,27.24,58.81,false,true,false,true
2026-09-11T10:03:17.500Z,COLH-DEMO-01,true,-22.66738640,-47.80303371,3d,1.5,0.000,90.00,81.874,-0.516,0.000,1865,62.08,85.51,420.89,18.580,14.18,27.24,58.81,false,true,false,true
2026-09-11T10:03:17.600Z,COLH-DEMO-01,true,-22.66738640,-47.80303371,3d,1.5,0.000,90.00,81.879,-0.528,0.000,1865,62.06,85.51,420.90,18.581,14.18,27.24,58.81,false,true,false,true
2026-09-11T10:03:17.700Z,COLH-DEMO-01,true,-22.66738640,-47.80303371,3d,1.5,0.000,90.00,81.884,-0.540,0.000,1864,62.04,85.51,420.91,18.581,14.18,27.24,58.81,false,true,false,true
2026-09-11T10:03:17.800Z,COLH-DEMO-01,true,-22.66738640,-47.80303371,3d,1.5,0.000,90.00,81.889,-0.552,0.000,1864,62.02,85.51,420.92,18.582,14.18,27.24,58.81,false,true,false,true
2026-09-11T10:03:17.900Z,COLH-DEMO-01,true,-22.66738640,-47.80303371,3d,1.5,0.000,90.00,81.894,-0.564,0.000,1864,62.00,85.51,420.93,18.582,14.18,27.24,58.81,false,true,false,true
2026-09-11T10:03:18.000Z,COLH-DEMO-01,true,-22.66738640,-47.80303371,3d,1.5,0.000,90.00,81.900,-0.575,0.000,1864,61.98,85.51,420.93,18.583,14.18,27.24,58.81,false,true,false,true
2026-09-11T10:03:18.100Z,COLH-DEMO-01,true,-22.66738640,-47.80303371,3d,1.5,0.000,90.00,81.905,-0.587,0.000,1864,61.97,85.51,420.94,18.584,14.18,27.24,58.81,false,true,false,true
2026-09-11T10:03:18.200Z,COLH-DEMO-01,true,-22.66738640,-47.80303371,3d,1.5,0.000,90.00,81.911,-0.598,0.000,1863,61.95,85.51,420.95,18.584,14.18,27.24,58.81,false,true,false,true
2026-09-11T10:03:18.300Z,COLH-DEMO-01,true,-22.66738640,-47.80303371,3d,1.5,0.000,90.00,81.916,-0.609,0.000,1863,61.93,85.51,420.96,18.585,14.18,27.24,58.81,false,true,false,true
2026-09-11T10:03:18.400Z,COLH-DEMO-01,true,-22.66738640,-47.80303371,3d,1.5,0.000,90.00,81.921,-0.620,0.000,1863,61.91,85.52,420.97,18.585,14.18,27.24,58.81,false,true,false,true
2026-09-11T10:03:18.500Z,COLH-DEMO-01,true,-22.66738640,-47.80303371,3d,1.5,0.000,90.00,81.927,-0.631,0.000,1863,61.89,85.52,420.98,18.586,14.18,27.24,58.81,false,true,false,true
2026-09-11T10:03:18.600Z,COLH-DEMO-01,true,-22.66738640,-47.80303371,3d,1.5,0.000,90.00,81.932,-0.642,0.000,1863,61.87,85.52,420.99,18.586,14.18,27.24,58.80,false,true,false,true
2026-09-11T10:03:18.700Z,COLH-DEMO-01,true,-22.66738640,-47.80303371,3d,1.5,0.000,90.00,81.938,-0.653,0.000,1862,61.85,85.52,421.00,18.587,14.18,27.24,58.80,false,true,false,true
2026-09-11T10:03:18.800Z,COLH-DEMO-01,true,-22.66738640,-47.80303371,3d,1.5,0.000,90.00,81.943,-0.664,0.000,1862,61.83,85.52,421.01,18.587,14.18,27.24,58.80,false,true,false,true
2026-09-11T10:03:18.900Z,COLH-DEMO-01,true,-22.66738640,-47.80303371,3d,1.5,0.000,90.00,81.949,-0.674,0.000,1862,61.81,85.52,421.02,18.588,14.18,27.24,58.80,false,true,false,true
2026-09-11T10:03:19.000Z,COLH-DEMO-01,true,-22.66738640,-47.80303371,3d,1.5,0.000,90.00,81.955,-0.684,0.000,1862,61.79,85.52,421.03,18.588,14.18,27.24,58.80,false,true,false,true
2026-09-11T10:03:19.100Z,COLH-DEMO-01,true,-22.66738640,-47.80303371,3d,1.5,0.000,90.00,81.960,-0.695,0.000,1861,61.78,85.52,421.04,18.588,14.18,27.24,58.80,false,true,false,true
2026-09-11T10:03:19.200Z,COLH-DEMO-01,true,-22.66738640,-47.80303371,3d,1.5,0.000,90.00,81.966,-0.705,0.000,1861,61.76,85.52,421.05,18.589,14.18,27.24,58.80,false,true,false,true
2026-09-11T10:03:19.300Z,COLH-DEMO-01,true,-22.66738640,-47.80303371,3d,1.5,0.000,90.00,81.971,-0.715,0.000,1861,61.74,85.52,421.06,18.589,14.18,27.24,58.80,false,true,false,true
2026-09-11T10:03:19.400Z,COLH-DEMO-01,true,-22.66738640,-47.80303371,3d,1.5,0.000,90.00,81.977,-0.724,0.000,1861,61.72,85.52,421.07,18.590,14.18,27.24,58.80,false,true,false,true
2026-09-11T10:03:19.500Z,COLH-DEMO-01,true,-22.66738640,-47.80303371,3d,1.5,0.000,90.00,81.983,-0.734,0.000,1861,61.70,85.52,421.08,18.590,14.18,27.24,58.80,false,true,false,true
2026-09-11T10:03:19.600Z,COLH-DEMO-01,true,-22.66738640,-47.80303371,3d,1.5,0.000,90.00,81.988,-0.744,0.000,1860,61.68,85.52,421.09,18.591,14.18,27.24,58.80,false,true,false,true
2026-09-11T10:03:19.700Z,COLH-DEMO-01,true,-22.66738640,-47.80303371,3d,1.5,0.000,90.00,81.994,-0.753,0.000,1860,61.66,85.52,421.09,18.591,14.18,27.24,58.80,false,true,false,true
2026-09-11T10:03:19.800Z,COLH-DEMO-01,true,-22.66738640,-47.80303371,3d,1.5,0.000,90.00,82.000,-0.762,0.000,1860,61.64,85.52,421.10,18.591,14.18,27.24,58.80,false,true,false,true
2026-09-11T10:03:19.900Z,COLH-DEMO-01,true,-22.66738640,-47.80303371,3d,1.5,0.000,90.00,82.005,-0.771,0.000,1860,61.62,85.52,421.11,18.592,14.18,27.24,58.80,false,true,false,true
2026-09-11T10:03:20.000Z,COLH-DEMO-01,true,-22.66738640,-47.80303371,3d,1.5,0.000,90.00,82.011,-0.780,0.000,1860,61.60,85.52,421.12,18.592,14.18,27.24,58.80,false,true,false,true
2026-09-11T10:03:20.100Z,COLH-DEMO-01,true,-22.66738640,-47.80303371,3d,1.5,0.000,90.00,82.017,-0.789,0.000,1859,61.59,85.52,421.13,18.593,14.18,27.24,58.79,false,true,false,true
2026-09-11T10:03:20.200Z,COLH-DEMO-01,true,-22.66738640,-47.80303371,3d,1.5,0.000,90.00,82.022,-0.797,0.000,1859,61.57,85.52,421.14,18.593,14.18,27.24,58.79,false,true,false,true
2026-09-11T10:03:20.300Z,COLH-DEMO-01,true,-22.66738640,-47.80303371,3d,1.5,0.000,90.00,82.028,-0.806,0.000,1859,61.55,85.52,421.15,18.593,14.18,27.24,58.79,false,true,false,true
2026-09-11T10:03:20.400Z,COLH-DEMO-01,true,-22.66738640,-47.80303371,3d,1.5,0.000,90.00,82.034,-0.814,0.000,1859,61.53,85.52,421.16,18.594,14.18,27.24,58.79,false,true,false,true
2026-09-11T10:03:20.500Z,COLH-DEMO-01,true,-22.66738640,-47.80303371,3d,1.5,0.000,90.00,82.039,-0.822,0.000,1858,61.51,85.52,421.17,18.594,14.18,27.24,58.79,false,true,false,true
2026-09-11T10:03:20.600Z,COLH-DEMO-01,true,-22.66738640,-47.80303371,3d,1.5,0.000,90.00,82.045,-0.830,0.000,1858,61.49,85.52,421.18,18.594,14.18,27.24,58.79,false,true,false,true
2026-09-11T10:03:20.700Z,COLH-DEMO-01,true,-22.66738640,-47.80303371,3d,1.5,0.000,90.00,82.050,-0.838,0.000,1858,61.47,85.52,421.19,18.595,14.18,27.24,58.79,false,true,false,true
2026-09-11T10:03:20.800Z,COLH-DEMO-01,true,-22.66738640,-47.80303371,3d,1.5,0.000,90.00,82.056,-0.845,0.000,1858,61.45,85.52,421.20,18.595,14.18,27.24,58.79,false,true,false,true
2026-09-11T10:03:20.900Z,COLH-DEMO-01,true,-22.66738640,-47.80303371,3d,1.5,0.000,90.00,82.062,-0.853,0.000,1858,61.43,85.52,421.21,18.595,14.18,27.24,58.79,false,true,false,true
2026-09-11T10:03:21.000Z,COLH-DEMO-01,true,-22.66738640,-47.80303371,3d,1.5,0.000,90.00,82.067,-0.860,0.000,1857,61.42,85.52,421.21,18.595,14.18,27.24,58.79,false,true,false,true
2026-09-11T10:03:21.100Z,COLH-DEMO-01,true,-22.66738640,-47.80303371,3d,1.5,0.000,90.00,82.073,-0.867,0.000,1857,61.40,85.52,421.22,18.596,14.18,27.24,58.79,false,true,false,true
2026-09-11T10:03:21.200Z,COLH-DEMO-01,true,-22.66738640,-47.80303371,3d,1.5,0.000,90.00,82.078,-0.874,0.000,1857,61.38,85.53,421.23,18.596,14.18,27.24,58.79,false,true,false,true
2026-09-11T10:03:21.300Z,COLH-DEMO-01,true,-22.66738640,-47.80303371,3d,1.5,0.000,90.00,82.083,-0.881,0.000,1857,61.36,85.53,421.24,18.596,14.18,27.24,58.79,false,true,false,true
2026-09-11T10:03:21.400Z,COLH-DEMO-01,true,-22.66738640,-47.80303371,3d,1.5,0.000,90.00,82.089,-0.887,0.000,1856,61.34,85.53,421.25,18.597,14.18,27.24,58.79,false,true,false,true
2026-09-11T10:03:21.500Z,COLH-DEMO-01,true,-22.66738640,-47.80303371,3d,1.5,0.000,90.00,82.094,-0.894,0.000,1856,61.32,85.53,421.26,18.597,14.18,27.24,58.79,false,true,false,true
2026-09-11T10:03:21.600Z,COLH-DEMO-01,true,-22.66738640,-47.80303371,3d,1.5,0.000,90.00,82.100,-0.900,0.000,1856,61.30,85.53,421.27,18.597,14.18,27.24,58.78,false,true,false,true
2026-09-11T10:03:21.700Z,COLH-DEMO-01,true,-22.66738640,-47.80303371,3d,1.5,0.000,90.00,82.105,-0.906,0.000,1856,61.28,85.53,421.28,18.597,14.18,27.24,58.78,false,true,false,true
2026-09-11T10:03:21.800Z,COLH-DEMO-01,true,-22.66738640,-47.80303371,3d,1.5,0.000,90.00,82.110,-0.912,0.000,1856,61.27,85.53,421.29,18.597,14.18,27.23,58.78,false,true,false,true
2026-09-11T10:03:21.900Z,COLH-DEMO-01,true,-22.66738640,-47.80303371,3d,1.5,0.000,90.00,82.116,-0.918,0.000,1855,61.25,85.53,421.30,18.598,14.18,27.23,58.78,false,true,false,true
2026-09-11T10:03:22.000Z,COLH-DEMO-01,true,-22.66738640,-47.80303371,3d,1.5,0.000,90.00,82.121,-0.923,0.000,1855,61.23,85.53,421.31,18.598,14.18,27.23,58.78,false,true,false,true
2026-09-11T10:03:22.100Z,COLH-DEMO-01,true,-22.66738640,-47.80303371,3d,1.5,0.000,90.00,82.126,-0.929,0.000,1855,61.21,85.53,421.31,18.598,14.18,27.23,58.78,false,true,false,true
2026-09-11T10:03:22.200Z,COLH-DEMO-01,true,-22.66738640,-47.80303371,3d,1.5,0.000,90.00,82.131,-0.934,0.000,1855,61.19,85.53,421.32,18.598,14.18,27.23,58.78,false,true,false,true
2026-09-11T10:03:22.300Z,COLH-DEMO-01,true,-22.66738640,-47.80303371,3d,1.5,0.000,90.00,82.136,-0.939,0.000,1854,61.17,85.53,421.33,18.598,14.18,27.23,58.78,false,true,false,true
2026-09-11T10:03:22.400Z,COLH-DEMO-01,true,-22.66738640,-47.80303371,3d,1.5,0.000,90.00,82.141,-0.943,0.000,1854,61.15,85.53,421.34,18.599,14.18,27.23,58.78,false,true,false,true
2026-09-11T10:03:22.500Z,COLH-DEMO-01,true,-22.66738640,-47.80303371,3d,1.5,0.000,90.00,82.146,-0.948,0.000,1854,61.13,85.53,421.35,18.599,14.18,27.23,58.78,false,true,false,true
2026-09-11T10:03:22.600Z,COLH-DEMO-01,true,-22.66738640,-47.80303371,3d,1.5,0.000,90.00,82.151,-0.952,0.000,1854,61.12,85.53,421.36,18.599,14.18,27.23,58.78,false,true,false,true
2026-09-11T10:03:22.700Z,COLH-DEMO-01,true,-22.66738640,-47.80303371,3d,1.5,0.000,90.00,82.156,-0.957,0.000,1853,61.10,85.53,421.37,18.599,14.18,27.23,58.78,false,true,false,true
2026-09-11T10:03:22.800Z,COLH-DEMO-01,true,-22.66738640,-47.80303371,3d,1.5,0.000,90.00,82.161,-0.961,0.000,1853,61.08,85.53,421.38,18.599,14.18,27.23,58.78,false,true,false,true
2026-09-11T10:03:22.900Z,COLH-DEMO-01,true,-22.66738640,-47.80303371,3d,1.5,0.000,90.00,82.165,-0.964,0.000,1853,61.06,85.53,421.39,18.599,14.18,27.23,58.78,false,true,false,true
2026-09-11T10:03:23.000Z,COLH-DEMO-01,true,-22.66738640,-47.80303371,3d,1.5,0.000,90.00,82.170,-0.968,0.000,1853,61.04,85.53,421.39,18.599,14.18,27.23,58.77,false,true,false,true
2026-09-11T10:03:23.100Z,COLH-DEMO-01,true,-22.66738640,-47.80303371,3d,1.5,0.000,90.00,82.175,-0.971,0.000,1853,61.02,85.53,421.40,18.599,14.18,27.23,58.77,false,true,false,true
2026-09-11T10:03:23.200Z,COLH-DEMO-01,true,-22.66738640,-47.80303371,3d,1.5,0.000,90.00,82.179,-0.975,0.000,1852,61.00,85.53,421.41,18.600,14.18,27.23,58.77,false,true,false,true
2026-09-11T10:03:23.300Z,COLH-DEMO-01,true,-22.66738640,-47.80303371,3d,1.5,0.000,90.00,82.184,-0.978,0.000,1852,60.99,85.53,421.42,18.600,14.18,27.23,58.77,false,true,false,true
2026-09-11T10:03:23.400Z,COLH-DEMO-01,true,-22.66738640,-47.80303371,3d,1.5,0.000,90.00,82.188,-0.981,0.000,1852,60.97,85.53,421.43,18.600,14.18,27.23,58.77,false,true,false,true
2026-09-11T10:03:23.500Z,COLH-DEMO-01,true,-22.66738640,-47.80303371,3d,1.5,0.000,90.00,82.193,-0.983,0.000,1852,60.95,85.53,421.44,18.600,14.18,27.23,58.77,false,true,false,true
2026-09-11T10:03:23.600Z,COLH-DEMO-01,true,-22.66738640,-47.80303371,3d,1.5,0.000,90.00,82.197,-0.986,0.000,1851,60.93,85.54,421.45,18.600,14.18,27.23,58.77,false,true,false,true
2026-09-11T10:03:23.700Z,COLH-DEMO-01,true,-22.66738640,-47.80303371,3d,1.5,0.000,90.00,82.201,-0.988,0.000,1851,60.91,85.54,421.46,18.600,14.18,27.23,58.77,false,true,false,true
2026-09-11T10:03:23.800Z,COLH-DEMO-01,true,-22.66738640,-47.80303371,3d,1.5,0.000,90.00,82.205,-0.990,0.000,1851,60.89,85.54,421.46,18.600,14.18,27.23,58.77,false,true,false,true
2026-09-11T10:03:23.900Z,COLH-DEMO-01,true,-22.66738640,-47.80303371,3d,1.5,0.000,90.00,82.209,-0.992,0.000,1851,60.88,85.54,421.47,18.600,14.18,27.23,58.77,false,true,false,true
2026-09-11T10:03:24.000Z,COLH-DEMO-01,true,-22.66738640,-47.80303371,3d,1.5,0.000,90.00,82.213,-0.994,0.000,1850,60.86,85.54,421.48,18.600,14.18,27.23,58.77,false,true,false,true
2026-09-11T10:03:24.100Z,COLH-DEMO-01,true,-22.66738640,-47.80303371,3d,1.5,0.000,90.00,82.217,-0.995,0.000,1850,60.84,85.54,421.49,18.600,14.18,27.23,58.77,false,true,false,true
2026-09-11T10:03:24.200Z,COLH-DEMO-01,true,-22.66738640,-47.80303371,3d,1.5,0.000,90.00,82.221,-0.996,0.000,1850,60.82,85.54,421.50,18.600,14.18,27.23,58.77,false,true,false,true
2026-09-11T10:03:24.300Z,COLH-DEMO-01,true,-22.66738640,-47.80303371,3d,1.5,0.000,90.00,82.225,-0.998,0.000,1850,60.80,85.54,421.51,18.600,14.18,27.23,58.77,false,true,false,true
2026-09-11T10:03:24.400Z,COLH-DEMO-01,true,-22.66738640,-47.80303371,3d,1.5,0.000,90.00,82.229,-0.998,0.000,1850,60.79,85.54,421.52,18.600,14.18,27.23,58.76,false,true,false,true
2026-09-11T10:03:24.500Z,COLH-DEMO-01,true,-22.66738640,-47.80303371,3d,1.5,0.000,90.00,82.232,-0.999,0.000,1849,60.77,85.54,421.53,18.600,14.18,27.23,58.76,false,true,false,true
2026-09-11T10:03:24.600Z,COLH-DEMO-01,true,-22.66738640,-47.80303371,3d,1.5,0.000,90.00,82.236,-1.000,0.000,1849,60.75,85.54,421.53,18.600,14.18,27.23,58.76,false,true,false,true
2026-09-11T10:03:24.700Z,COLH-DEMO-01,true,-22.66738640,-47.80303371,3d,1.5,0.000,90.00,82.239,-1.000,0.000,1849,60.73,85.54,421.54,18.600,14.18,27.23,58.76,false,true,false,true
2026-09-11T10:03:24.800Z,COLH-DEMO-01,true,-22.66738640,-47.80303371,3d,1.5,0.000,90.00,82.243,-1.000,0.000,1849,60.71,85.54,421.55,18.600,14.18,27.23,58.76,false,true,false,true
2026-09-11T10:03:24.900Z,COLH-DEMO-01,true,-22.66738640,-47.80303371,3d,1.5,0.000,90.00,82.246,-1.000,0.000,1848,60.69,85.54,421.56,18.600,14.18,27.23,58.76,false,true,false,true
2026-09-11T10:03:25.000Z,COLH-DEMO-01,true,-22.66738640,-47.80303371,3d,1.5,0.000,90.00,82.249,-1.000,0.000,1848,60.68,85.54,421.57,18.600,14.18,27.23,58.76,false,true,false,true
2026-09-11T10:03:25.100Z,COLH-DEMO-01,true,-22.66738640,-47.80303371,3d,1.5,0.000,90.00,82.252,-0.999,0.000,1848,60.66,85.54,421.58,18.600,14.18,27.23,58.76,false,true,false,true
2026-09-11T10:03:25.200Z,COLH-DEMO-01,true,-22.66738640,-47.80303371,3d,1.5,0.000,90.00,82.255,-0.998,0.000,1848,60.64,85.54,421.59,18.600,14.18,27.23,58.76,false,true,false,true
2026-09-11T10:03:25.300Z,COLH-DEMO-01,true,-22.66738640,-47.80303371,3d,1.5,0.000,90.00,82.258,-0.998,0.000,1847,60.62,85.54,421.59,18.599,14.18,27.23,58.76,false,true,false,true
2026-09-11T10:03:25.400Z,COLH-DEMO-01,true,-22.66738640,-47.80303371,3d,1.5,0.000,90.00,82.261,-0.996,0.000,1847,60.61,85.54,421.60,18.599,14.18,27.23,58.76,false,true,false,true
2026-09-11T10:03:25.500Z,COLH-DEMO-01,true,-22.66738640,-47.80303371,3d,1.5,0.000,90.00,82.264,-0.995,0.000,1847,60.59,85.54,421.61,18.599,14.18,27.23,58.76,false,true,false,true
2026-09-11T10:03:25.600Z,COLH-DEMO-01,true,-22.66738640,-47.80303371,3d,1.5,0.000,90.00,82.266,-0.994,0.000,1847,60.57,85.55,421.62,18.599,14.18,27.23,58.76,false,true,false,true
2026-09-11T10:03:25.700Z,COLH-DEMO-01,true,-22.66738640,-47.80303371,3d,1.5,0.000,90.00,82.269,-0.992,0.000,1847,60.55,85.55,421.63,18.599,14.18,27.23,58.76,false,true,false,true
2026-09-11T10:03:25.800Z,COLH-DEMO-01,true,-22.66738640,-47.80303371,3d,1.5,0.000,90.00,82.271,-0.990,0.000,1846,60.53,85.55,421.64,18.599,14.18,27.23,58.75,false,true,false,true
2026-09-11T10:03:25.900Z,COLH-DEMO-01,true,-22.66738640,-47.80303371,3d,1.5,0.000,90.00,82.274,-0.988,0.000,1846,60.52,85.55,421.64,18.599,14.18,27.23,58.75,false,true,false,true
2026-09-11T10:03:26.000Z,COLH-DEMO-01,true,-22.66738640,-47.80303371,3d,1.5,0.000,90.00,82.276,-0.986,0.000,1846,60.50,85.55,421.65,18.599,14.18,27.23,58.75,false,true,false,true
2026-09-11T10:03:26.100Z,COLH-DEMO-01,true,-22.66738640,-47.80303371,3d,1.5,0.000,90.00,82.278,-0.983,0.000,1846,60.48,85.55,421.66,18.598,14.18,27.23,58.75,false,true,false,true
2026-09-11T10:03:26.200Z,COLH-DEMO-01,true,-22.66738640,-47.80303371,3d,1.5,0.000,90.00,82.280,-0.981,0.000,1845,60.46,85.55,421.67,18.598,14.18,27.23,58.75,false,true,false,true
2026-09-11T10:03:26.300Z,COLH-DEMO-01,true,-22.66738640,-47.80303371,3d,1.5,0.000,90.00,82.282,-0.978,0.000,1845,60.45,85.55,421.68,18.598,14.18,27.23,58.75,false,true,false,true
2026-09-11T10:03:26.400Z,COLH-DEMO-01,true,-22.66738640,-47.80303371,3d,1.5,0.000,90.00,82.284,-0.975,0.000,1845,60.43,85.55,421.69,18.598,14.17,27.23,58.75,false,true,false,true
2026-09-11T10:03:26.500Z,COLH-DEMO-01,true,-22.66738640,-47.80303371,3d,1.5,0.000,90.00,82.286,-0.971,0.000,1845,60.41,85.55,421.69,18.598,14.17,27.22,58.75,false,true,false,true
2026-09-11T10:03:26.600Z,COLH-DEMO-01,true,-22.66738640,-47.80303371,3d,1.5,0.000,90.00,82.288,-0.968,0.000,1845,60.39,85.55,421.70,18.597,14.17,27.22,58.75,false,true,false,true
2026-09-11T10:03:26.700Z,COLH-DEMO-01,true,-22.66738640,-47.80303371,3d,1.5,0.000,90.00,82.289,-0.964,0.000,1844,60.38,85.55,421.71,18.597,14.17,27.22,58.75,false,true,false,true
2026-09-11T10:03:26.800Z,COLH-DEMO-01,true,-22.66738640,-47.80303371,3d,1.5,0.000,90.00,82.291,-0.961,0.000,1844,60.36,85.55,421.72,18.597,14.17,27.22,58.75,false,true,false,true
2026-09-11T10:03:26.900Z,COLH-DEMO-01,true,-22.66738640,-47.80303371,3d,1.5,0.000,90.00,82.292,-0.957,0.000,1844,60.34,85.55,421.73,18.597,14.17,27.22,58.75,false,true,false,true
2026-09-11T10:03:27.000Z,COLH-DEMO-01,true,-22.66738640,-47.80303371,3d,1.5,0.000,90.00,82.293,-0.952,0.000,1844,60.32,85.55,421.74,18.597,14.17,27.22,58.75,false,true,false,true
2026-09-11T10:03:27.100Z,COLH-DEMO-01,true,-22.66738640,-47.80303371,3d,1.5,0.000,90.00,82.294,-0.948,0.000,1843,60.31,85.55,421.74,18.596,14.17,27.22,58.74,false,true,false,true
2026-09-11T10:03:27.200Z,COLH-DEMO-01,true,-22.66738640,-47.80303371,3d,1.5,0.000,90.00,82.295,-0.943,0.000,1843,60.29,85.55,421.75,18.596,14.17,27.22,58.74,false,true,false,true
2026-09-11T10:03:27.300Z,COLH-DEMO-01,true,-22.66738640,-47.80303371,3d,1.5,0.000,90.00,82.296,-0.939,0.000,1843,60.27,85.55,421.76,18.596,14.17,27.22,58.74,false,true,false,true
2026-09-11T10:03:27.400Z,COLH-DEMO-01,true,-22.66738640,-47.80303371,3d,1.5,0.000,90.00,82.297,-0.934,0.000,1843,60.26,85.55,421.77,18.595,14.17,27.22,58.74,false,true,false,true
2026-09-11T10:03:27.500Z,COLH-DEMO-01,true,-22.66738640,-47.80303371,3d,1.5,0.000,90.00,82.298,-0.929,0.000,1842,60.24,85.56,421.78,18.595,14.17,27.22,58.74,false,true,false,true
2026-09-11T10:03:27.600Z,COLH-DEMO-01,true,-22.66738640,-47.80303371,3d,1.5,0.000,90.00,82.298,-0.923,0.000,1842,60.22,85.56,421.78,18.595,14.17,27.22,58.74,false,true,false,true
2026-09-11T10:03:27.700Z,COLH-DEMO-01,true,-22.66738640,-47.80303371,3d,1.5,0.000,90.00,82.299,-0.918,0.000,1842,60.20,85.56,421.79,18.595,14.17,27.22,58.74,false,true,false,true
2026-09-11T10:03:27.800Z,COLH-DEMO-01,true,-22.66738640,-47.80303371,3d,1.5,0.000,90.00,82.299,-0.912,0.000,1842,60.19,85.56,421.80,18.594,14.17,27.22,58.74,false,true,false,true
2026-09-11T10:03:27.900Z,COLH-DEMO-01,true,-22.66738640,-47.80303371,3d,1.5,0.000,90.00,82.300,-0.906,0.000,1842,60.17,85.56,421.81,18.594,14.17,27.22,58.74,false,true,false,true
2026-09-11T10:03:28.000Z,COLH-DEMO-01,true,-22.66738640,-47.80303371,3d,1.5,0.000,90.00,82.300,-0.900,0.000,1841,60.15,85.56,421.82,18.594,14.17,27.22,58.74,false,true,false,true
2026-09-11T10:03:28.100Z,COLH-DEMO-01,true,-22.66738640,-47.80303371,3d,1.5,0.000,90.00,82.300,-0.894,0.000,1841,60.14,85.56,421.82,18.593,14.17,27.22,58.74,false,true,false,true
2026-09-11T10:03:28.200Z,COLH-DEMO-01,true,-22.66738640,-47.80303371,3d,1.5,0.000,90.00,82.300,-0.888,0.000,1841,60.12,85.56,421.83,18.593,14.17,27.22,58.74,false,true,false,true
2026-09-11T10:03:28.300Z,COLH-DEMO-01,true,-22.66738640,-47.80303371,3d,1.5,0.000,90.00,82.300,-0.881,0.000,1841,60.10,85.56,421.84,18.593,14.17,27.22,58.74,false,true,false,true
2026-09-11T10:03:28.400Z,COLH-DEMO-01,true,-22.66738640,-47.80303371,3d,1.5,0.000,90.00,82.300,-0.874,0.000,1840,60.09,85.56,421.85,18.592,14.17,27.22,58.74,false,true,false,true
2026-09-11T10:03:28.500Z,COLH-DEMO-01,true,-22.66738640,-47.80303371,3d,1.5,0.000,90.00,82.299,-0.867,0.000,1840,60.07,85.56,421.86,18.592,14.17,27.22,58.73,false,true,false,true
2026-09-11T10:03:28.600Z,COLH-DEMO-01,true,-22.66738640,-47.80303371,3d,1.5,0.000,90.00,82.299,-0.860,0.000,1840,60.05,85.56,421.86,18.591,14.17,27.22,58.73,false,true,false,true
2026-09-11T10:03:28.700Z,COLH-DEMO-01,true,-22.66738640,-47.80303371,3d,1.5,0.000,90.00,82.298,-0.853,0.000,1840,60.04,85.56,421.87,18.591,14.17,27.22,58.73,false,true,false,true
2026-09-11T10:03:28.800Z,COLH-DEMO-01,true,-22.66738640,-47.80303371,3d,1.5,0.000,90.00,82.298,-0.845,0.000,1840,60.02,85.56,421.88,18.591,14.17,27.22,58.73,false,true,false,true
2026-09-11T10:03:28.900Z,COLH-DEMO-01,true,-22.66738640,-47.80303371,3d,1.5,0.000,90.00,82.297,-0.838,0.000,1839,60.00,85.56,421.89,18.590,14.17,27.22,58.73,false,true,false,true
2026-09-11T10:03:29.000Z,COLH-DEMO-01,true,-22.66738640,-47.80303371,3d,1.5,0.000,90.00,82.296,-0.830,0.000,1839,59.99,85.56,421.89,18.590,14.17,27.22,58.73,false,true,false,true
2026-09-11T10:03:29.100Z,COLH-DEMO-01,true,-22.66738640,-47.80303371,3d,1.5,0.000,90.00,82.295,-0.822,0.000,1839,59.97,85.56,421.90,18.589,14.17,27.22,58.73,false,true,false,true
2026-09-11T10:03:29.200Z,COLH-DEMO-01,true,-22.66738640,-47.80303371,3d,1.5,0.000,90.00,82.294,-0.814,0.000,1839,59.95,85.57,421.91,18.589,14.17,27.22,58.73,false,true,false,true
2026-09-11T10:03:29.300Z,COLH-DEMO-01,true,-22.66738640,-47.80303371,3d,1.5,0.000,90.00,82.293,-0.806,0.000,1839,59.94,85.57,421.92,18.589,14.17,27.22,58.73,false,true,false,true
2026-09-11T10:03:29.400Z,COLH-DEMO-01,true,-22.66738640,-47.80303371,3d,1.5,0.000,90.00,82.291,-0.797,0.000,1838,59.92,85.57,421.93,18.588,14.17,27.22,58.73,false,true,false,true
2026-09-11T10:03:29.500Z,COLH-DEMO-01,true,-22.66738640,-47.80303371,3d,1.5,0.000,90.00,82.290,-0.789,0.000,1838,59.90,85.57,421.93,18.588,14.17,27.22,58.73,false,true,false,true
2026-09-11T10:03:29.600Z,COLH-DEMO-01,true,-22.66738640,-47.80303371,3d,1.5,0.000,90.00,82.289,-0.780,0.000,1838,59.89,85.57,421.94,18.587,14.17,27.22,58.73,false,true,false,true
2026-09-11T10:03:29.700Z,COLH-DEMO-01,true,-22.66738640,-47.80303371,3d,1.5,0.000,90.00,82.287,-0.771,0.000,1838,59.87,85.57,421.95,18.587,14.17,27.22,58.73,false,true,false,true
2026-09-11T10:03:29.800Z,COLH-DEMO-01,true,-22.66738640,-47.80303371,3d,1.5,0.000,90.00,82.285,-0.762,0.000,1837,59.86,85.57,421.96,18.586,14.17,27.22,58.72,false,true,false,true
2026-09-11T10:03:29.900Z,COLH-DEMO-01,true,-22.66738640,-47.80303371,3d,1.5,0.000,90.00,82.283,-0.753,0.000,1837,59.84,85.57,421.96,18.586,14.17,27.22,58.72,false,true,false,true
2026-09-11T10:03:30.000Z,COLH-DEMO-01,true,-22.66738640,-47.80303371,3d,1.5,0.000,90.00,82.282,-0.744,0.000,1837,59.82,85.57,421.97,18.585,14.17,27.22,58.72,false,true,false,true
2026-09-11T10:03:30.100Z,COLH-DEMO-01,true,-22.66738640,-47.80303371,3d,1.5,0.000,90.00,82.280,-0.734,0.000,1837,59.81,85.57,421.98,18.585,14.17,27.22,58.72,false,true,false,true
2026-09-11T10:03:30.200Z,COLH-DEMO-01,true,-22.66738640,-47.80303371,3d,1.5,0.000,90.00,82.277,-0.724,0.000,1837,59.79,85.57,421.99,18.584,14.17,27.22,58.72,false,true,false,true
2026-09-11T10:03:30.300Z,COLH-DEMO-01,true,-22.66738640,-47.80303371,3d,1.5,0.000,90.00,82.275,-0.715,0.000,1836,59.78,85.57,421.99,18.584,14.17,27.22,58.72,false,true,false,true
2026-09-11T10:03:30.400Z,COLH-DEMO-01,true,-22.66738640,-47.80303371,3d,1.5,0.000,90.00,82.273,-0.705,0.000,1836,59.76,85.57,422.00,18.583,14.17,27.22,58.72,false,true,false,true
2026-09-11T10:03:30.500Z,COLH-DEMO-01,true,-22.66738640,-47.80303371,3d,1.5,0.000,90.00,82.271,-0.695,0.000,1836,59.74,85.57,422.01,18.582,14.17,27.22,58.72,false,true,false,true
2026-09-11T10:03:30.600Z,COLH-DEMO-01,true,-22.66738640,-47.80303371,3d,1.5,0.000,90.00,82.268,-0.685,0.000,1836,59.73,85.57,422.02,18.582,14.17,27.22,58.72,false,true,false,true
2026-09-11T10:03:30.700Z,COLH-DEMO-01,true,-22.66738640,-47.80303371,3d,1.5,0.000,90.00,82.265,-0.674,0.000,1836,59.71,85.58,422.02,18.581,14.17,27.22,58.72,false,true,false,true
2026-09-11T10:03:30.800Z,COLH-DEMO-01,true,-22.66738640,-47.80303371,3d,1.5,0.000,90.00,82.263,-0.664,0.000,1835,59.70,85.58,422.03,18.581,14.17,27.22,58.72,false,true,false,true
2026-09-11T10:03:30.900Z,COLH-DEMO-01,true,-22.66738640,-47.80303371,3d,1.5,0.000,90.00,82.260,-0.653,0.000,1835,59.68,85.58,422.04,18.580,14.17,27.21,58.72,false,true,false,true
2026-09-11T10:03:31.000Z,COLH-DEMO-01,true,-22.66738640,-47.80303371,3d,1.5,0.000,90.00,82.257,-0.642,0.000,1835,59.67,85.58,422.05,18.580,14.17,27.21,58.72,false,true,false,true
2026-09-11T10:03:31.100Z,COLH-DEMO-01,true,-22.66738640,-47.80303371,3d,1.5,0.000,90.00,82.254,-0.632,0.000,1835,59.65,85.58,422.05,18.579,14.17,27.21,58.71,false,true,false,true
2026-09-11T10:03:31.200Z,COLH-DEMO-01,true,-22.66738640,-47.80303371,3d,1.5,0.000,90.00,82.251,-0.621,0.000,1835,59.64,85.58,422.06,18.578,14.17,27.21,58.71,false,true,false,true
2026-09-11T10:03:31.300Z,COLH-DEMO-01,true,-22.66738640,-47.80303371,3d,1.5,0.000,90.00,82.248,-0.609,0.000,1834,59.62,85.58,422.07,18.578,14.17,27.21,58.71,false,true,false,true
2026-09-11T10:03:31.400Z,COLH-DEMO-01,true,-22.66738640,-47.80303371,3d,1.5,0.000,90.00,82.245,-0.598,0.000,1834,59.61,85.58,422.07,18.577,14.17,27.21,58.71,false,true,false,true
2026-09-11T10:03:31.500Z,COLH-DEMO-01,true,-22.66738640,-47.80303371,3d,1.5,0.000,90.00,82.241,-0.587,0.000,1834,59.59,85.58,422.08,18.577,14.17,27.21,58.71,false,true,false,true
2026-09-11T10:03:31.600Z,COLH-DEMO-01,true,-22.66738640,-47.80303371,3d,1.5,0.000,90.00,82.238,-0.575,0.000,1834,59.57,85.58,422.09,18.576,14.17,27.21,58.71,false,true,false,true
2026-09-11T10:03:31.700Z,COLH-DEMO-01,true,-22.66738640,-47.80303371,3d,1.5,0.000,90.00,82.234,-0.564,0.000,1834,59.56,85.58,422.10,18.575,14.17,27.21,58.71,false,true,false,true
2026-09-11T10:03:31.800Z,COLH-DEMO-01,true,-22.66738640,-47.80303371,3d,1.5,0.000,90.00,82.231,-0.552,0.000,1833,59.54,85.58,422.10,18.575,14.17,27.21,58.71,false,true,false,true
2026-09-11T10:03:31.900Z,COLH-DEMO-01,true,-22.66738640,-47.80303371,3d,1.5,0.000,90.00,82.227,-0.540,0.000,1833,59.53,85.58,422.11,18.574,14.17,27.21,58.71,false,true,false,true
2026-09-11T10:03:32.000Z,COLH-DEMO-01,true,-22.66738640,-47.80303371,3d,1.5,0.000,90.00,82.224,-0.528,0.000,1833,59.51,85.58,422.12,18.573,14.17,27.21,58.71,false,true,false,true
2026-09-11T10:03:32.100Z,COLH-DEMO-01,true,-22.66738640,-47.80303371,3d,1.5,0.000,90.00,82.220,-0.516,0.000,1833,59.50,85.58,422.12,18.573,14.17,27.21,58.71,false,true,false,true
2026-09-11T10:03:32.200Z,COLH-DEMO-01,true,-22.66738640,-47.80303371,3d,1.5,0.000,90.00,82.216,-0.504,0.000,1833,59.48,85.59,422.13,18.572,14.17,27.21,58.71,false,true,false,true
2026-09-11T10:03:32.300Z,COLH-DEMO-01,true,-22.66738640,-47.80303371,3d,1.5,0.000,90.00,82.212,-0.492,0.000,1833,59.47,85.59,422.14,18.571,14.17,27.21,58.71,false,true,false,true
2026-09-11T10:03:32.400Z,COLH-DEMO-01,true,-22.66738640,-47.80303371,3d,1.5,0.000,90.00,82.208,-0.480,0.000,1832,59.46,85.59,422.15,18.570,14.17,27.21,58.70,false,true,false,true
2026-09-11T10:03:32.500Z,COLH-DEMO-01,true,-22.66738640,-47.80303371,3d,1.5,0.000,90.00,82.204,-0.467,0.000,1832,59.44,85.59,422.15,18.570,14.17,27.21,58.70,false,true,false,true
2026-09-11T10:03:32.600Z,COLH-DEMO-01,true,-22.66738640,-47.80303371,3d,1.5,0.000,90.00,82.200,-0.455,0.000,1832,59.43,85.59,422.16,18.569,14.17,27.21,58.70,false,true,false,true
2026-09-11T10:03:32.700Z,COLH-DEMO-01,true,-22.66738640,-47.80303371,3d,1.5,0.000,90.00,82.195,-0.442,0.000,1832,59.41,85.59,422.17,18.568,14.17,27.21,58.70,false,true,false,true
2026-09-11T10:03:32.800Z,COLH-DEMO-01,true,-22.66738640,-47.80303371,3d,1.5,0.000,90.00,82.191,-0.430,0.000,1832,59.40,85.59,422.17,18.568,14.17,27.21,58.70,false,true,false,true
2026-09-11T10:03:32.900Z,COLH-DEMO-01,true,-22.66738640,-47.80303371,3d,1.5,0.000,90.00,82.187,-0.417,0.000,1831,59.38,85.59,422.18,18.567,14.17,27.21,58.70,false,true,false,true
2026-09-11T10:03:33.000Z,COLH-DEMO-01,true,-22.66738640,-47.80303371,3d,1.5,0.000,90.00,82.182,-0.404,0.000,1831,59.37,85.59,422.19,18.566,14.17,27.21,58.70,false,true,false,true
2026-09-11T10:03:33.100Z,COLH-DEMO-01,true,-22.66738640,-47.80303371,3d,1.5,0.000,90.00,82.178,-0.391,0.000,1831,59.35,85.59,422.19,18.565,14.17,27.21,58.70,false,true,false,true
2026-09-11T10:03:33.200Z,COLH-DEMO-01,true,-22.66738640,-47.80303371,3d,1.5,0.000,90.00,82.173,-0.378,0.000,1831,59.34,85.59,422.20,18.564,14.17,27.21,58.70,false,true,false,true
2026-09-11T10:03:33.300Z,COLH-DEMO-01,true,-22.66738640,-47.80303371,3d,1.5,0.000,90.00,82.168,-0.365,0.000,1831,59.33,85.59,422.21,18.564,14.17,27.21,58.70,false,true,false,true
2026-09-11T10:03:33.400Z,COLH-DEMO-01,true,-22.66738640,-47.80303371,3d,1.5,0.000,90.00,82.164,-0.352,0.000,1831,59.31,85.59,422.21,18.563,14.17,27.21,58.70,false,true,false,true
2026-09-11T10:03:33.500Z,COLH-DEMO-01,true,-22.66738640,-47.80303371,3d,1.5,0.000,90.00,82.159,-0.339,0.000,1830,59.30,85.59,422.22,18.562,14.17,27.21,58.70,false,true,false,true
2026-09-11T10:03:33.600Z,COLH-DEMO-01,true,-22.66738640,-47.80303371,3d,1.5,0.000,90.00,82.154,-0.325,0.000,1830,59.28,85.60,422.23,18.561,14.17,27.21,58.69,false,true,false,true
2026-09-11T10:03:33.700Z,COLH-DEMO-01,true,-22.66738640,-47.80303371,3d,1.5,0.000,90.00,82.149,-0.312,0.000,1830,59.27,85.60,422.23,18.560,14.17,27.21,58.69,false,true,false,true
2026-09-11T10:03:33.800Z,COLH-DEMO-01,true,-22.66738640,-47.80303371,3d,1.5,0.000,90.00,82.144,-0.299,0.000,1830,59.26,85.60,422.24,18.560,14.17,27.21,58.69,false,true,false,true
2026-09-11T10:03:33.900Z,COLH-DEMO-01,true,-22.66738640,-47.80303371,3d,1.5,0.000,90.00,82.139,-0.285,0.000,1830,59.24,85.60,422.25,18.559,14.17,27.21,58.69,false,true,false,true
2026-09-11T10:03:34.000Z,COLH-DEMO-01,true,-22.66738640,-47.80303371,3d,1.5,0.000,90.00,82.134,-0.272,0.000,1829,59.23,85.60,422.25,18.558,14.17,27.21,58.69,false,true,false,true
2026-09-11T10:03:34.100Z,COLH-DEMO-01,true,-22.66738640,-47.80303371,3d,1.5,0.000,90.00,82.129,-0.258,0.000,1829,59.21,85.60,422.26,18.557,14.17,27.21,58.69,false,true,false,true
2026-09-11T10:03:34.200Z,COLH-DEMO-01,true,-22.66738640,-47.80303371,3d,1.5,0.000,90.00,82.124,-0.244,0.000,1829,59.20,85.60,422.27,18.556,14.17,27.21,58.69,false,true,false,true
2026-09-11T10:03:34.300Z,COLH-DEMO-01,true,-22.66738640,-47.80303371,3d,1.5,0.000,90.00,82.119,-0.231,0.000,1829,59.19,85.60,422.27,18.555,14.17,27.21,58.69,false,true,false,true
2026-09-11T10:03:34.400Z,COLH-DEMO-01,true,-22.66738640,-47.80303371,3d,1.5,0.000,90.00,82.113,-0.217,0.000,1829,59.17,85.60,422.28,18.554,14.17,27.21,58.69,false,true,false,true
2026-09-11T10:03:34.500Z,COLH-DEMO-01,true,-22.66738640,-47.80303371,3d,1.5,0.000,90.00,82.108,-0.203,0.000,1829,59.16,85.60,422.29,18.554,14.17,27.21,58.69,false,true,false,true
2026-09-11T10:03:34.600Z,COLH-DEMO-01,true,-22.66738640,-47.80303371,3d,1.5,0.000,90.00,82.103,-0.189,0.000,1828,59.15,85.60,422.29,18.553,14.17,27.21,58.69,false,true,false,true
2026-09-11T10:03:34.700Z,COLH-DEMO-01,true,-22.66738640,-47.80303371,3d,1.5,0.000,90.00,82.098,-0.176,0.000,1828,59.13,85.60,422.30,18.552,14.17,27.21,58.69,false,true,false,true
2026-09-11T10:03:34.800Z,COLH-DEMO-01,true,-22.66738640,-47.80303371,3d,1.5,0.000,90.00,82.092,-0.162,0.000,1828,59.12,85.60,422.31,18.551,14.17,27.21,58.69,false,true,false,true
2026-09-11T10:03:34.900Z,COLH-DEMO-01,true,-22.66738640,-47.80303371,3d,1.5,0.000,90.00,82.087,-0.148,0.000,1828,59.11,85.61,422.31,18.550,14.17,27.21,58.68,false,true,false,true
2026-09-11T10:03:35.000Z,COLH-DEMO-01,true,-22.66738640,-47.80303371,3d,1.5,0.000,90.00,82.081,-0.134,0.000,1828,59.09,85.61,422.32,18.549,14.17,27.21,58.68,false,true,false,true
2026-09-11T10:03:35.100Z,COLH-DEMO-01,true,-22.66738640,-47.80303371,3d,1.5,0.000,90.00,82.076,-0.120,0.000,1828,59.08,85.61,422.33,18.548,14.17,27.20,58.68,false,true,false,true
2026-09-11T10:03:35.200Z,COLH-DEMO-01,true,-22.66738640,-47.80303371,3d,1.5,0.000,90.00,82.070,-0.106,0.000,1828,59.07,85.61,422.33,18.547,14.17,27.20,58.68,false,true,false,true
2026-09-11T10:03:35.300Z,COLH-DEMO-01,true,-22.66738640,-47.80303371,3d,1.5,0.000,90.00,82.065,-0.092,0.000,1827,59.05,85.61,422.34,18.546,14.17,27.20,58.68,false,true,false,true
2026-09-11T10:03:35.400Z,COLH-DEMO-01,true,-22.66738640,-47.80303371,3d,1.5,0.000,90.00,82.059,-0.078,0.000,1827,59.04,85.61,422.34,18.545,14.17,27.20,58.68,false,true,false,true
2026-09-11T10:03:35.500Z,COLH-DEMO-01,true,-22.66738640,-47.80303371,3d,1.5,0.000,90.00,82.054,-0.064,0.000,1827,59.03,85.61,422.35,18.544,14.17,27.20,58.68,false,true,false,true
2026-09-11T10:03:35.600Z,COLH-DEMO-01,true,-22.66738640,-47.80303371,3d,1.5,0.000,90.00,82.048,-0.050,0.000,1827,59.02,85.61,422.36,18.543,14.17,27.20,58.68,false,true,false,true
2026-09-11T10:03:35.700Z,COLH-DEMO-01,true,-22.66738640,-47.80303371,3d,1.5,0.000,90.00,82.043,-0.036,0.000,1827,59.00,85.61,422.36,18.542,14.17,27.20,58.68,false,true,false,true
2026-09-11T10:03:35.800Z,COLH-DEMO-01,true,-22.66738640,-47.80303371,3d,1.5,0.000,90.00,82.037,-0.022,0.000,1827,58.99,85.61,422.37,18.541,14.17,27.20,58.68,false,true,false,true
2026-09-11T10:03:35.900Z,COLH-DEMO-01,true,-22.66738640,-47.80303371,3d,1.5,0.000,90.00,82.031,-0.007,0.000,1827,58.98,85.61,422.37,18.540,14.17,27.20,58.68,false,true,false,true
2026-09-11T10:03:36.000Z,COLH-DEMO-01,true,-22.66738640,-47.80303371,3d,1.5,0.000,90.00,82.026,0.007,0.000,1826,58.97,85.61,422.38,18.539,14.17,27.20,58.68,false,true,false,true
2026-09-11T10:03:36.100Z,COLH-DEMO-01,true,-22.66738640,-47.80303371,3d,1.5,0.000,90.00,82.020,0.021,0.000,1826,58.95,85.61,422.39,18.538,14.17,27.20,58.67,false,true,false,true
2026-09-11T10:03:36.200Z,COLH-DEMO-01,true,-22.66738640,-47.80303371,3d,1.5,0.000,90.00,82.014,0.035,0.000,1826,58.94,85.62,422.39,18.537,14.17,27.20,58.67,false,true,false,true
2026-09-11T10:03:36.300Z,COLH-DEMO-01,true,-22.66738640,-47.80303371,3d,1.5,0.000,90.00,82.009,0.049,0.000,1826,58.93,85.62,422.40,18.536,14.17,27.20,58.67,false,true,false,true
2026-09-11T10:03:36.400Z,COLH-DEMO-01,true,-22.66738640,-47.80303371,3d,1.5,0.000,90.00,82.003,0.063,0.000,1826,58.92,85.62,422.41,18.535,14.17,27.20,58.67,false,true,false,true
2026-09-11T10:03:36.500Z,COLH-DEMO-01,true,-22.66738640,-47.80303371,3d,1.5,0.000,90.00,81.997,0.077,0.000,1826,58.90,85.62,422.41,18.534,14.17,27.20,58.67,false,true,false,true
2026-09-11T10:03:36.600Z,COLH-DEMO-01,true,-22.66738640,-47.80303371,3d,1.5,0.000,90.00,81.992,0.091,0.000,1826,58.89,85.62,422.42,18.533,14.17,27.20,58.67,false,true,false,true
2026-09-11T10:03:36.700Z,COLH-DEMO-01,true,-22.66738640,-47.80303371,3d,1.5,0.000,90.00,81.986,0.105,0.000,1825,58.88,85.62,422.42,18.532,14.17,27.20,58.67,false,true,false,true
2026-09-11T10:03:36.800Z,COLH-DEMO-01,true,-22.66738640,-47.80303371,3d,1.5,0.000,90.00,81.981,0.119,0.000,1825,58.87,85.62,422.43,18.531,14.17,27.20,58.67,false,true,false,true
2026-09-11T10:03:36.900Z,COLH-DEMO-01,true,-22.66738640,-47.80303371,3d,1.5,0.000,90.00,81.975,0.133,0.000,1825,58.86,85.62,422.43,18.530,14.17,27.20,58.67,false,true,false,true
2026-09-11T10:03:37.000Z,COLH-DEMO-01,true,-22.66738640,-47.80303371,3d,1.5,0.000,90.00,81.969,0.147,0.000,1825,58.85,85.62,422.44,18.529,14.17,27.20,58.67,false,true,false,true
2026-09-11T10:03:37.100Z,COLH-DEMO-01,true,-22.66738640,-47.80303371,3d,1.5,0.000,90.00,81.964,0.161,0.000,1825,58.83,85.62,422.45,18.528,14.17,27.20,58.67,false,true,false,true
2026-09-11T10:03:37.200Z,COLH-DEMO-01,true,-22.66738640,-47.80303371,3d,1.5,0.000,90.00,81.958,0.175,0.000,1825,58.82,85.62,422.45,18.527,14.17,27.20,58.67,false,true,false,true
2026-09-11T10:03:37.300Z,COLH-DEMO-01,true,-22.66738640,-47.80303371,3d,1.5,0.000,90.00,81.952,0.189,0.000,1825,58.81,85.62,422.46,18.525,14.17,27.20,58.66,false,true,false,true
2026-09-11T10:03:37.400Z,COLH-DEMO-01,true,-22.66738640,-47.80303371,3d,1.5,0.000,90.00,81.947,0.202,0.000,1825,58.80,85.62,422.46,18.524,14.17,27.20,58.66,false,true,false,true
2026-09-11T10:03:37.500Z,COLH-DEMO-01,true,-22.66738640,-47.80303371,3d,1.5,0.000,90.00,81.941,0.216,0.000,1824,58.79,85.63,422.47,18.523,14.17,27.20,58.66,false,true,false,true
2026-09-11T10:03:37.600Z,COLH-DEMO-01,true,-22.66738640,-47.80303371,3d,1.5,0.000,90.00,81.936,0.230,0.000,1824,58.78,85.63,422.47,18.522,14.17,27.20,58.66,false,true,false,true
2026-09-11T10:03:37.700Z,COLH-DEMO-01,true,-22.66738640,-47.80303371,3d,1.5,0.000,90.00,81.930,0.244,0.000,1824,58.77,85.63,422.48,18.521,14.17,27.20,58.66,false,true,false,true
2026-09-11T10:03:37.800Z,COLH-DEMO-01,true,-22.66738640,-47.80303371,3d,1.5,0.000,90.00,81.925,0.257,0.000,1824,58.75,85.63,422.49,18.520,14.17,27.20,58.66,false,true,false,true
2026-09-11T10:03:37.900Z,COLH-DEMO-01,true,-22.66738640,-47.80303371,3d,1.5,0.000,90.00,81.919,0.271,0.000,1824,58.74,85.63,422.49,18.519,14.17,27.20,58.66,false,true,false,true
2026-09-11T10:03:38.000Z,COLH-DEMO-01,true,-22.66738640,-47.80303371,3d,1.5,0.000,90.00,81.914,0.284,0.000,1824,58.73,85.63,422.50,18.517,14.17,27.20,58.66,false,true,false,true
2026-09-11T10:03:38.100Z,COLH-DEMO-01,true,-22.66738640,-47.80303371,3d,1.5,0.000,90.00,81.908,0.298,0.000,1824,58.72,85.63,422.50,18.516,14.17,27.20,58.66,false,true,false,true
2026-09-11T10:03:38.200Z,COLH-DEMO-01,true,-22.66738640,-47.80303371,3d,1.5,0.000,90.00,81.903,0.311,0.000,1824,58.71,85.63,422.51,18.515,14.17,27.20,58.66,false,true,false,true
2026-09-11T10:03:38.300Z,COLH-DEMO-01,true,-22.66738640,-47.80303371,3d,1.5,0.000,90.00,81.898,0.325,0.000,1823,58.70,85.63,422.51,18.514,14.17,27.20,58.66,false,true,false,true
2026-09-11T10:03:38.400Z,COLH-DEMO-01,true,-22.66738640,-47.80303371,3d,1.5,0.000,90.00,81.892,0.338,0.000,1823,58.69,85.63,422.52,18.513,14.17,27.20,58.66,false,true,false,true
2026-09-11T10:03:38.500Z,COLH-DEMO-01,true,-22.66738640,-47.80303371,3d,1.5,0.000,90.00,81.887,0.351,0.000,1823,58.68,85.63,422.52,18.512,14.17,27.20,58.65,false,true,false,true
2026-09-11T10:03:38.600Z,COLH-DEMO-01,true,-22.66738640,-47.80303371,3d,1.5,0.000,90.00,81.882,0.364,0.000,1823,58.67,85.64,422.53,18.510,14.17,27.20,58.65,false,true,false,true
2026-09-11T10:03:38.700Z,COLH-DEMO-01,true,-22.66738640,-47.80303371,3d,1.5,0.000,90.00,81.877,0.377,0.000,1823,58.66,85.64,422.54,18.509,14.17,27.20,58.65,false,true,false,true
2026-09-11T10:03:38.800Z,COLH-DEMO-01,true,-22.66738640,-47.80303371,3d,1.5,0.000,90.00,81.872,0.390,0.000,1823,58.65,85.64,422.54,18.508,14.17,27.20,58.65,false,true,false,true
2026-09-11T10:03:38.900Z,COLH-DEMO-01,true,-22.66738640,-47.80303371,3d,1.5,0.000,90.00,81.866,0.403,0.000,1823,58.64,85.64,422.55,18.507,14.17,27.20,58.65,false,true,false,true
2026-09-11T10:03:39.000Z,COLH-DEMO-01,true,-22.66738640,-47.80303371,3d,1.5,0.000,90.00,81.861,0.416,0.000,1823,58.63,85.64,422.55,18.505,14.17,27.20,58.65,false,true,false,true
2026-09-11T10:03:39.100Z,COLH-DEMO-01,true,-22.66738640,-47.80303371,3d,1.5,0.000,90.00,81.856,0.429,0.000,1823,58.62,85.64,422.56,18.504,14.17,27.19,58.65,false,true,false,true
2026-09-11T10:03:39.200Z,COLH-DEMO-01,true,-22.66738640,-47.80303371,3d,1.5,0.000,90.00,81.852,0.442,0.000,1823,58.61,85.64,422.56,18.503,14.17,27.19,58.65,false,true,false,true
2026-09-11T10:03:39.300Z,COLH-DEMO-01,true,-22.66738640,-47.80303371,3d,1.5,0.000,90.00,81.847,0.454,0.000,1822,58.60,85.64,422.57,18.502,14.17,27.19,58.65,false,true,false,true
2026-09-11T10:03:39.400Z,COLH-DEMO-01,true,-22.66738640,-47.80303371,3d,1.5,0.000,90.00,81.842,0.467,0.000,1822,58.59,85.64,422.57,18.500,14.17,27.19,58.65,false,true,false,true
2026-09-11T10:03:39.500Z,COLH-DEMO-01,true,-22.66738640,-47.80303371,3d,1.5,0.000,90.00,81.837,0.479,0.000,1822,58.58,85.64,422.58,18.499,14.17,27.19,58.65,false,true,false,true
2026-09-11T10:03:39.600Z,COLH-DEMO-01,true,-22.66738640,-47.80303371,3d,1.5,0.000,90.00,81.832,0.491,0.000,1822,58.57,85.64,422.58,18.498,14.17,27.19,58.65,false,true,false,true
2026-09-11T10:03:39.700Z,COLH-DEMO-01,true,-22.66738640,-47.80303371,3d,1.5,0.000,90.00,81.828,0.504,0.000,1822,58.56,85.64,422.59,18.497,14.17,27.19,58.64,false,true,false,true
2026-09-11T10:03:39.800Z,COLH-DEMO-01,true,-22.66738640,-47.80303371,3d,1.5,0.000,90.00,81.823,0.516,0.000,1822,58.55,85.65,422.59,18.495,14.17,27.19,58.64,false,true,false,true
2026-09-11T10:03:39.900Z,COLH-DEMO-01,true,-22.66738640,-47.80303371,3d,1.5,0.000,90.00,81.818,0.528,0.000,1822,58.54,85.65,422.60,18.494,14.17,27.19,58.64,false,true,false,true
2026-09-11T10:03:40.000Z,COLH-DEMO-01,true,-22.66738640,-47.80303371,3d,1.5,0.000,90.00,81.814,0.540,0.000,1822,58.53,85.65,422.60,18.493,14.17,27.19,58.64,false,true,false,true
2026-09-11T10:03:40.100Z,COLH-DEMO-01,true,-22.66738640,-47.80303371,3d,1.5,0.000,90.00,81.810,0.551,0.000,1822,58.52,85.65,422.61,18.491,14.17,27.19,58.64,false,true,false,true
2026-09-11T10:03:40.200Z,COLH-DEMO-01,true,-22.66738640,-47.80303371,3d,1.5,0.000,90.00,81.805,0.563,0.000,1822,58.51,85.65,422.61,18.490,14.17,27.19,58.64,false,true,false,true
2026-09-11T10:03:40.300Z,COLH-DEMO-01,true,-22.66738640,-47.80303371,3d,1.5,0.000,90.00,81.801,0.575,0.000,1822,58.50,85.65,422.62,18.489,14.17,27.19,58.64,false,true,false,true
2026-09-11T10:03:40.400Z,COLH-DEMO-01,true,-22.66738640,-47.80303371,3d,1.5,0.000,90.00,81.797,0.586,0.000,1822,58.49,85.65,422.62,18.487,14.17,27.19,58.64,false,true,false,true
2026-09-11T10:03:40.500Z,COLH-DEMO-01,true,-22.66738640,-47.80303371,3d,1.5,0.000,90.00,81.793,0.598,0.000,1821,58.48,85.65,422.63,18.486,14.17,27.19,58.64,false,true,false,true
2026-09-11T10:03:40.600Z,COLH-DEMO-01,true,-22.66738640,-47.80303371,3d,1.5,0.000,90.00,81.789,0.609,0.000,1821,58.47,85.65,422.63,18.485,14.17,27.19,58.64,false,true,false,true
2026-09-11T10:03:40.700Z,COLH-DEMO-01,true,-22.66738640,-47.80303371,3d,1.5,0.000,90.00,81.785,0.620,0.000,1821,58.46,85.65,422.64,18.483,14.17,27.19,58.64,false,true,false,true
2026-09-11T10:03:40.800Z,COLH-DEMO-01,true,-22.66738640,-47.80303371,3d,1.5,0.000,90.00,81.781,0.631,0.000,1821,58.45,85.65,422.64,18.482,14.17,27.19,58.64,false,true,false,true
2026-09-11T10:03:40.900Z,COLH-DEMO-01,true,-22.66738640,-47.80303371,3d,1.5,0.000,90.00,81.777,0.642,0.000,1821,58.45,85.66,422.65,18.480,14.17,27.19,58.63,false,true,false,true
2026-09-11T10:03:41.000Z,COLH-DEMO-01,true,-22.66738640,-47.80303371,3d,1.5,0.000,90.00,81.773,0.652,0.000,1821,58.44,85.66,422.65,18.479,14.17,27.19,58.63,false,true,false,true
2026-09-11T10:03:41.100Z,COLH-DEMO-01,true,-22.66738640,-47.80303371,3d,1.5,0.000,90.00,81.769,0.663,0.000,1821,58.43,85.66,422.66,18.478,14.17,27.19,58.63,false,true,false,true
2026-09-11T10:03:41.200Z,COLH-DEMO-01,true,-22.66738640,-47.80303371,3d,1.5,0.000,90.00,81.766,0.674,0.000,1821,58.42,85.66,422.66,18.476,14.17,27.19,58.63,false,true,false,true
2026-09-11T10:03:41.300Z,COLH-DEMO-01,true,-22.66738640,-47.80303371,3d,1.5,0.000,90.00,81.762,0.684,0.000,1821,58.41,85.66,422.66,18.475,14.17,27.19,58.63,false,true,false,true
2026-09-11T10:03:41.400Z,COLH-DEMO-01,true,-22.66738640,-47.80303371,3d,1.5,0.000,90.00,81.759,0.694,0.000,1821,58.40,85.66,422.67,18.473,14.17,27.19,58.63,false,true,false,true
2026-09-11T10:03:41.500Z,COLH-DEMO-01,true,-22.66738640,-47.80303371,3d,1.5,0.000,90.00,81.756,0.704,0.000,1821,58.39,85.66,422.67,18.472,14.17,27.19,58.63,false,true,false,true
2026-09-11T10:03:41.600Z,COLH-DEMO-01,true,-22.66738640,-47.80303371,3d,1.5,0.000,90.00,81.752,0.714,0.000,1821,58.39,85.66,422.68,18.471,14.17,27.19,58.63,false,true,false,true
2026-09-11T10:03:41.700Z,COLH-DEMO-01,true,-22.66738640,-47.80303371,3d,1.5,0.000,90.00,81.749,0.724,0.000,1821,58.38,85.66,422.68,18.469,14.17,27.19,58.63,false,true,false,true
2026-09-11T10:03:41.800Z,COLH-DEMO-01,true,-22.66738640,-47.80303371,3d,1.5,0.000,90.00,81.746,0.734,0.000,1821,58.37,85.66,422.69,18.468,14.17,27.19,58.63,false,true,false,true
2026-09-11T10:03:41.900Z,COLH-DEMO-01,true,-22.66738640,-47.80303371,3d,1.5,0.000,90.00,81.743,0.743,0.000,1821,58.36,85.66,422.69,18.466,14.17,27.19,58.63,false,true,false,true
2026-09-11T10:03:42.000Z,COLH-DEMO-01,true,-22.66738640,-47.80303371,3d,1.5,0.000,90.00,81.740,0.752,0.000,1821,58.35,85.67,422.70,18.465,14.17,27.19,58.62,false,true,false,true
2026-09-11T10:03:42.100Z,COLH-DEMO-01,true,-22.66738640,-47.80303371,3d,1.5,0.000,90.00,81.738,0.762,0.000,1821,58.35,85.67,422.70,18.463,14.17,27.19,58.62,false,true,false,true
2026-09-11T10:03:42.200Z,COLH-DEMO-01,true,-22.66738640,-47.80303371,3d,1.5,0.000,90.00,81.735,0.771,0.000,1821,58.34,85.67,422.70,18.462,14.17,27.19,58.62,false,true,false,true
2026-09-11T10:03:42.300Z,COLH-DEMO-01,true,-22.66738640,-47.80303371,3d,1.5,0.000,90.00,81.732,0.780,0.000,1820,58.33,85.67,422.71,18.460,14.17,27.19,58.62,false,true,false,true
2026-09-11T10:03:42.400Z,COLH-DEMO-01,true,-22.66738640,-47.80303371,3d,1.5,0.000,90.00,81.730,0.788,0.000,1820,58.32,85.67,422.71,18.459,14.17,27.19,58.62,false,true,false,true
2026-09-11T10:03:42.500Z,COLH-DEMO-01,true,-22.66738640,-47.80303371,3d,1.5,0.000,90.00,81.727,0.797,0.000,1820,58.32,85.67,422.72,18.457,14.17,27.19,58.62,false,true,false,true
2026-09-11T10:03:42.600Z,COLH-DEMO-01,true,-22.66738640,-47.80303371,3d,1.5,0.000,90.00,81.725,0.805,0.000,1820,58.31,85.67,422.72,18.456,14.17,27.19,58.62,false,true,false,true
2026-09-11T10:03:42.700Z,COLH-DEMO-01,true,-22.66738640,-47.80303371,3d,1.5,0.000,90.00,81.723,0.814,0.000,1820,58.30,85.67,422.73,18.454,14.17,27.19,58.62,false,true,false,true
2026-09-11T10:03:42.800Z,COLH-DEMO-01,true,-22.66738640,-47.80303371,3d,1.5,0.000,90.00,81.721,0.822,0.000,1820,58.29,85.67,422.73,18.453,14.17,27.19,58.62,false,true,false,true
2026-09-11T10:03:42.900Z,COLH-DEMO-01,true,-22.66738640,-47.80303371,3d,1.5,0.000,90.00,81.719,0.830,0.000,1820,58.29,85.67,422.73,18.451,14.17,27.19,58.62,false,true,false,true
2026-09-11T10:03:43.000Z,COLH-DEMO-01,true,-22.66738640,-47.80303371,3d,1.5,0.000,90.00,81.717,0.837,0.000,1820,58.28,85.67,422.74,18.450,14.17,27.18,58.62,false,true,false,true
2026-09-11T10:03:43.100Z,COLH-DEMO-01,true,-22.66738640,-47.80303371,3d,1.5,0.000,90.00,81.715,0.845,0.000,1820,58.27,85.68,422.74,18.448,14.17,27.18,58.62,false,true,false,true
2026-09-11T10:03:43.200Z,COLH-DEMO-01,true,-22.66738640,-47.80303371,3d,1.5,0.000,90.00,81.713,0.852,0.000,1820,58.27,85.68,422.75,18.447,14.17,27.18,58.61,false,true,false,true
2026-09-11T10:03:43.300Z,COLH-DEMO-01,true,-22.66738640,-47.80303371,3d,1.5,0.000,90.00,81.712,0.860,0.000,1820,58.26,85.68,422.75,18.445,14.17,27.18,58.61,false,true,false,true
2026-09-11T10:03:43.400Z,COLH-DEMO-01,true,-22.66738640,-47.80303371,3d,1.5,0.000,90.00,81.710,0.867,0.000,1820,58.25,85.68,422.75,18.444,14.17,27.18,58.61,false,true,false,true
2026-09-11T10:03:43.500Z,COLH-DEMO-01,true,-22.66738640,-47.80303371,3d,1.5,0.000,90.00,81.709,0.874,0.000,1820,58.25,85.68,422.76,18.442,14.17,27.18,58.61,false,true,false,true
2026-09-11T10:03:43.600Z,COLH-DEMO-01,true,-22.66738640,-47.80303371,3d,1.5,0.000,90.00,81.707,0.881,0.000,1820,58.24,85.68,422.76,18.441,14.17,27.18,58.61,false,true,false,true
2026-09-11T10:03:43.700Z,COLH-DEMO-01,true,-22.66738640,-47.80303371,3d,1.5,0.000,90.00,81.706,0.887,0.000,1820,58.23,85.68,422.77,18.439,14.17,27.18,58.61,false,true,false,true
2026-09-11T10:03:43.800Z,COLH-DEMO-01,true,-22.66738640,-47.80303371,3d,1.5,0.000,90.00,81.705,0.894,0.000,1820,58.23,85.68,422.77,18.437,14.17,27.18,58.61,false,true,false,true
2026-09-11T10:03:43.900Z,COLH-DEMO-01,true,-22.66738640,-47.80303371,3d,1.5,0.000,90.00,81.704,0.900,0.000,1820,58.22,85.68,422.77,18.436,14.17,27.18,58.61,false,true,false,true
2026-09-11T10:03:44.000Z,COLH-DEMO-01,true,-22.66738640,-47.80303371,3d,1.5,0.000,90.00,81.703,0.906,0.000,1820,58.21,85.68,422.78,18.434,14.17,27.18,58.61,false,true,false,true
2026-09-11T10:03:44.100Z,COLH-DEMO-01,true,-22.66738640,-47.80303371,3d,1.5,0.000,90.00,81.702,0.912,0.000,1820,58.21,85.69,422.78,18.433,14.17,27.18,58.61,false,true,false,true
2026-09-11T10:03:44.200Z,COLH-DEMO-01,true,-22.66738640,-47.80303371,3d,1.5,0.000,90.00,81.702,0.917,0.000,1820,58.20,85.69,422.79,18.431,14.17,27.18,58.61,false,true,false,true
2026-09-11T10:03:44.300Z,COLH-DEMO-01,true,-22.66738640,-47.80303371,3d,1.5,0.000,90.00,81.701,0.923,0.000,1820,58.20,85.69,422.79,18.430,14.17,27.18,58.60,false,true,false,true
2026-09-11T10:03:44.400Z,COLH-DEMO-01,true,-22.66738640,-47.80303371,3d,1.5,0.000,90.00,81.701,0.928,0.000,1820,58.19,85.69,422.79,18.428,14.17,27.18,58.60,false,true,false,true
2026-09-11T10:03:44.500Z,COLH-DEMO-01,true,-22.66738640,-47.80303371,3d,1.5,0.000,90.00,81.700,0.933,0.000,1820,58.18,85.69,422.80,18.426,14.17,27.18,58.60,false,true,false,true
2026-09-11T10:03:44.600Z,COLH-DEMO-01,true,-22.66738640,-47.80303371,3d,1.5,0.000,90.00,81.700,0.938,0.000,1820,58.18,85.69,422.80,18.425,14.17,27.18,58.60,false,true,false,true
2026-09-11T10:03:44.700Z,COLH-DEMO-01,true,-22.66738640,-47.80303371,3d,1.5,0.000,90.00,81.700,0.943,0.000,1820,58.17,85.69,422.80,18.423,14.17,27.18,58.60,false,true,false,true
2026-09-11T10:03:44.800Z,COLH-DEMO-01,true,-22.66738640,-47.80303371,3d,1.5,0.000,90.00,81.700,0.948,0.000,1820,58.17,85.69,422.81,18.421,14.17,27.18,58.60,false,true,false,true
2026-09-11T10:03:44.900Z,COLH-DEMO-01,true,-22.66738640,-47.80303371,3d,1.5,0.000,90.00,81.700,0.952,0.000,1820,58.16,85.69,422.81,18.420,14.17,27.18,58.60,false,true,false,true
2026-09-11T10:03:45.000Z,COLH-DEMO-01,true,-22.66738640,-47.80303371,3d,1.5,0.000,90.00,81.700,0.956,0.000,1820,58.16,85.69,422.81,18.418,14.17,27.18,58.60,false,true,false,true
2026-09-11T10:03:45.100Z,COLH-DEMO-01,true,-22.66738640,-47.80303371,3d,1.5,0.000,90.00,81.701,0.960,0.000,1820,58.15,85.70,422.82,18.416,14.17,27.18,58.60,false,true,false,true
2026-09-11T10:03:45.200Z,COLH-DEMO-01,true,-22.66738640,-47.80303371,3d,1.5,0.000,90.00,81.701,0.964,0.000,1820,58.15,85.70,422.82,18.415,14.17,27.18,58.60,false,true,false,true
2026-09-11T10:03:45.300Z,COLH-DEMO-01,true,-22.66738640,-47.80303371,3d,1.5,0.000,90.00,81.701,0.968,0.000,1820,58.14,85.70,422.82,18.413,14.17,27.18,58.60,false,true,false,true
2026-09-11T10:03:45.400Z,COLH-DEMO-01,true,-22.66738640,-47.80303371,3d,1.5,0.000,90.00,81.702,0.971,0.000,1820,58.14,85.70,422.83,18.411,14.17,27.18,58.59,false,true,false,true
2026-09-11T10:03:45.500Z,COLH-DEMO-01,true,-22.66738640,-47.80303371,3d,1.5,0.000,90.00,81.703,0.975,0.000,1820,58.13,85.70,422.83,18.410,14.17,27.18,58.59,false,true,false,true
2026-09-11T10:03:45.600Z,COLH-DEMO-01,true,-22.66738640,-47.80303371,3d,1.5,0.000,90.00,81.704,0.978,0.000,1820,58.13,85.70,422.83,18.408,14.17,27.18,58.59,false,true,false,true
2026-09-11T10:03:45.700Z,COLH-DEMO-01,true,-22.66738640,-47.80303371,3d,1.5,0.000,90.00,81.704,0.980,0.000,1820,58.12,85.70,422.84,18.406,14.17,27.18,58.59,false,true,false,true
2026-09-11T10:03:45.800Z,COLH-DEMO-01,true,-22.66738640,-47.80303371,3d,1.5,0.000,90.00,81.706,0.983,0.000,1820,58.12,85.70,422.84,18.405,14.17,27.18,58.59,false,true,false,true
2026-09-11T10:03:45.900Z,COLH-DEMO-01,true,-22.66738640,-47.80303371,3d,1.5,0.000,90.00,81.707,0.986,0.000,1820,58.11,85.70,422.84,18.403,14.17,27.18,58.59,false,true,false,true
2026-09-11T10:03:46.000Z,COLH-DEMO-01,true,-22.66738640,-47.80303371,3d,1.5,0.000,90.00,81.708,0.988,0.000,1820,58.11,85.70,422.85,18.401,14.17,27.18,58.59,false,true,false,true
2026-09-11T10:03:46.100Z,COLH-DEMO-01,true,-22.66738640,-47.80303371,3d,1.5,0.000,90.00,81.709,0.990,0.000,1820,58.10,85.71,422.85,18.400,14.17,27.18,58.59,false,true,false,true
2026-09-11T10:03:46.200Z,COLH-DEMO-01,true,-22.66738640,-47.80303371,3d,1.5,0.000,90.00,81.711,0.992,0.000,1820,58.10,85.71,422.85,18.398,14.17,27.18,58.59,false,true,false,true
2026-09-11T10:03:46.300Z,COLH-DEMO-01,true,-22.66738640,-47.80303371,3d,1.5,0.000,90.00,81.712,0.994,0.000,1820,58.10,85.71,422.86,18.396,14.17,27.18,58.59,false,true,false,true
2026-09-11T10:03:46.400Z,COLH-DEMO-01,true,-22.66738640,-47.80303371,3d,1.5,0.000,90.00,81.714,0.995,0.000,1820,58.09,85.71,422.86,18.394,14.17,27.18,58.59,false,true,false,true
2026-09-11T10:03:46.500Z,COLH-DEMO-01,true,-22.66738640,-47.80303371,3d,1.5,0.000,90.00,81.716,0.996,0.000,1820,58.09,85.71,422.86,18.393,14.17,27.18,58.59,false,true,false,true
2026-09-11T10:03:46.600Z,COLH-DEMO-01,true,-22.66738640,-47.80303371,3d,1.5,0.000,90.00,81.717,0.997,0.000,1820,58.08,85.71,422.87,18.391,14.17,27.18,58.58,false,true,false,true
2026-09-11T10:03:46.700Z,COLH-DEMO-01,true,-22.66738640,-47.80303371,3d,1.5,0.000,90.00,81.719,0.998,0.000,1820,58.08,85.71,422.87,18.389,14.17,27.17,58.58,false,true,false,true
2026-09-11T10:03:46.800Z,COLH-DEMO-01,true,-22.66738640,-47.80303371,3d,1.5,0.000,90.00,81.722,0.999,0.000,1820,58.08,85.71,422.87,18.387,14.17,27.17,58.58,false,true,false,true
2026-09-11T10:03:46.900Z,COLH-DEMO-01,true,-22.66738640,-47.80303371,3d,1.5,0.000,90.00,81.724,1.000,0.000,1820,58.07,85.71,422.87,18.386,14.17,27.17,58.58,false,true,false,true
2026-09-11T10:03:47.000Z,COLH-DEMO-01,true,-22.66738640,-47.80303371,3d,1.5,0.000,90.00,81.726,1.000,0.000,1820,58.07,85.71,422.88,18.384,14.17,27.17,58.58,false,true,false,true
2026-09-11T10:03:47.100Z,COLH-DEMO-01,true,-22.66738640,-47.80303371,3d,1.5,0.000,90.00,81.728,1.000,0.000,1821,58.07,85.72,422.88,18.382,14.17,27.17,58.58,false,true,false,true
2026-09-11T10:03:47.200Z,COLH-DEMO-01,true,-22.66738640,-47.80303371,3d,1.5,0.000,90.00,81.731,1.000,0.000,1821,58.06,85.72,422.88,18.380,14.17,27.17,58.58,false,true,false,true
2026-09-11T10:03:47.300Z,COLH-DEMO-01,true,-22.66738640,-47.80303371,3d,1.5,0.000,90.00,81.733,1.000,0.000,1821,58.06,85.72,422.89,18.378,14.17,27.17,58.58,false,true,false,true
2026-09-11T10:03:47.400Z,COLH-DEMO-01,true,-22.66738640,-47.80303371,3d,1.5,0.000,90.00,81.736,0.999,0.000,1821,58.06,85.72,422.89,18.377,14.17,27.17,58.58,false,true,false,true
2026-09-11T10:03:47.500Z,COLH-DEMO-01,true,-22.66738640,-47.80303371,3d,1.5,0.000,90.00,81.739,0.998,0.000,1821,58.05,85.72,422.89,18.375,14.17,27.17,58.58,false,true,false,true
2026-09-11T10:03:47.600Z,COLH-DEMO-01,true,-22.66738640,-47.80303371,3d,1.5,0.000,90.00,81.741,0.998,0.000,1821,58.05,85.72,422.89,18.373,14.17,27.17,58.58,false,true,false,true
2026-09-11T10:03:47.700Z,COLH-DEMO-01,true,-22.66738640,-47.80303371,3d,1.5,0.000,90.00,81.744,0.996,0.000,1821,58.05,85.72,422.90,18.371,14.17,27.17,58.57,false,true,false,true
2026-09-11T10:03:47.800Z,COLH-DEMO-01,true,-22.66738640,-47.80303371,3d,1.5,0.000,90.00,81.747,0.995,0.000,1821,58.04,85.72,422.90,18.369,14.17,27.17,58.57,false,true,false,true
2026-09-11T10:03:47.900Z,COLH-DEMO-01,true,-22.66738640,-47.80303371,3d,1.5,0.000,90.00,81.750,0.994,0.000,1821,58.04,85.72,422.90,18.368,14.17,27.17,58.57,false,true,false,true
2026-09-11T10:03:48.000Z,COLH-DEMO-01,true,-22.66738640,-47.80303371,3d,1.5,0.000,90.00,81.754,0.992,0.000,1821,58.04,85.72,422.90,18.366,14.17,27.17,58.57,false,true,false,true
2026-09-11T10:03:48.100Z,COLH-DEMO-01,true,-22.66738640,-47.80303371,3d,1.5,0.000,90.00,81.757,0.990,0.000,1821,58.04,85.73,422.91,18.364,14.17,27.17,58.57,false,true,false,true
2026-09-11T10:03:48.200Z,COLH-DEMO-01,true,-22.66738640,-47.80303371,3d,1.5,0.000,90.00,81.760,0.988,0.000,1821,58.03,85.73,422.91,18.362,14.17,27.17,58.57,false,true,false,true
2026-09-11T10:03:48.300Z,COLH-DEMO-01,true,-22.66738640,-47.80303371,3d,1.5,0.000,90.00,81.764,0.986,0.000,1821,58.03,85.73,422.91,18.360,14.17,27.17,58.57,false,true,false,true
2026-09-11T10:03:48.400Z,COLH-DEMO-01,true,-22.66738640,-47.80303371,3d,1.5,0.000,90.00,81.767,0.983,0.000,1821,58.03,85.73,422.91,18.358,14.17,27.17,58.57,false,true,false,true
2026-09-11T10:03:48.500Z,COLH-DEMO-01,true,-22.66738640,-47.80303371,3d,1.5,0.000,90.00,81.771,0.981,0.000,1821,58.03,85.73,422.92,18.357,14.17,27.17,58.57,false,true,false,true
2026-09-11T10:03:48.600Z,COLH-DEMO-01,true,-22.66738640,-47.80303371,3d,1.5,0.000,90.00,81.775,0.978,0.000,1821,58.02,85.73,422.92,18.355,14.17,27.17,58.57,false,true,false,true
2026-09-11T10:03:48.700Z,COLH-DEMO-01,true,-22.66738640,-47.80303371,3d,1.5,0.000,90.00,81.778,0.975,0.000,1821,58.02,85.73,422.92,18.353,14.17,27.17,58.57,false,true,false,true
2026-09-11T10:03:48.800Z,COLH-DEMO-01,true,-22.66738640,-47.80303371,3d,1.5,0.000,90.00,81.782,0.972,0.000,1822,58.02,85.73,422.92,18.351,14.17,27.17,58.56,false,true,false,true
2026-09-11T10:03:48.900Z,COLH-DEMO-01,true,-22.66738640,-47.80303371,3d,1.5,0.000,90.00,81.786,0.968,0.000,1822,58.02,85.73,422.93,18.349,14.17,27.17,58.56,false,true,false,true
2026-09-11T10:03:49.000Z,COLH-DEMO-01,true,-22.66738640,-47.80303371,3d,1.5,0.000,90.00,81.790,0.965,0.000,1822,58.02,85.74,422.93,18.347,14.17,27.17,58.56,false,true,false,true
2026-09-11T10:03:49.100Z,COLH-DEMO-01,true,-22.66738640,-47.80303371,3d,1.5,0.000,90.00,81.794,0.961,0.000,1822,58.01,85.74,422.93,18.345,14.17,27.17,58.56,false,true,false,true
2026-09-11T10:03:49.200Z,COLH-DEMO-01,true,-22.66738640,-47.80303371,3d,1.5,0.000,90.00,81.798,0.957,0.000,1822,58.01,85.74,422.93,18.343,14.17,27.17,58.56,false,true,false,true
2026-09-11T10:03:49.300Z,COLH-DEMO-01,true,-22.66738640,-47.80303371,3d,1.5,0.000,90.00,81.803,0.953,0.000,1822,58.01,85.74,422.93,18.342,14.17,27.17,58.56,false,true,false,true
2026-09-11T10:03:49.400Z,COLH-DEMO-01,true,-22.66738640,-47.80303371,3d,1.5,0.000,90.00,81.807,0.948,0.000,1822,58.01,85.74,422.94,18.340,14.17,27.17,58.56,false,true,false,true
2026-09-11T10:03:49.500Z,COLH-DEMO-01,true,-22.66738640,-47.80303371,3d,1.5,0.000,90.00,81.811,0.944,0.000,1822,58.01,85.74,422.94,18.338,14.17,27.17,58.56,false,true,false,true
2026-09-11T10:03:49.600Z,COLH-DEMO-01,true,-22.66738640,-47.80303371,3d,1.5,0.000,90.00,81.816,0.939,0.000,1822,58.01,85.74,422.94,18.336,14.17,27.17,58.56,false,true,false,true
2026-09-11T10:03:49.700Z,COLH-DEMO-01,true,-22.66738640,-47.80303371,3d,1.5,0.000,90.00,81.820,0.934,0.000,1822,58.01,85.74,422.94,18.334,14.17,27.17,58.56,false,true,false,true
2026-09-11T10:03:49.800Z,COLH-DEMO-01,true,-22.66738640,-47.80303371,3d,1.5,0.000,90.00,81.825,0.929,0.000,1822,58.01,85.74,422.94,18.332,14.17,27.17,58.55,false,true,false,true
2026-09-11T10:03:49.900Z,COLH-DEMO-01,true,-22.66738640,-47.80303371,3d,1.5,0.000,90.00,81.829,0.924,0.000,1822,58.00,85.74,422.95,18.330,14.17,27.17,58.55,false,true,false,true
2026-09-11T10:03:50.000Z,COLH-DEMO-01,true,-22.66738640,-47.80303371,3d,1.5,0.000,90.00,81.834,0.918,0.000,1823,58.00,85.75,422.95,18.328,14.17,27.17,58.55,false,true,false,true
2026-09-11T10:03:50.100Z,COLH-DEMO-01,true,-22.66738640,-47.80303371,3d,1.5,0.000,90.00,81.839,0.912,0.000,1823,58.00,85.75,422.95,18.326,14.17,27.17,58.55,false,true,false,true
2026-09-11T10:03:50.200Z,COLH-DEMO-01,true,-22.66738640,-47.80303371,3d,1.5,0.000,90.00,81.844,0.907,0.000,1823,58.00,85.75,422.95,18.324,14.17,27.17,58.55,false,true,false,true
2026-09-11T10:03:50.300Z,COLH-DEMO-01,true,-22.66738640,-47.80303371,3d,1.5,0.000,90.00,81.848,0.900,0.000,1823,58.00,85.75,422.95,18.322,14.17,27.17,58.55,false,true,false,true
2026-09-11T10:03:50.400Z,COLH-DEMO-01,true,-22.66738640,-47.80303371,3d,1.5,0.000,90.00,81.853,0.894,0.000,1823,58.00,85.75,422.95,18.320,14.17,27.16,58.55,false,true,false,true
2026-09-11T10:03:50.500Z,COLH-DEMO-01,true,-22.66738640,-47.80303371,3d,1.5,0.000,90.00,81.858,0.888,0.000,1823,58.00,85.75,422.96,18.318,14.17,27.16,58.55,false,true,false,true
2026-09-11T10:03:50.600Z,COLH-DEMO-01,true,-22.66738640,-47.80303371,3d,1.5,0.000,90.00,81.863,0.881,0.000,1823,58.00,85.75,422.96,18.316,14.17,27.16,58.55,false,true,false,true
2026-09-11T10:03:50.700Z,COLH-DEMO-01,true,-22.66738640,-47.80303371,3d,1.5,0.000,90.00,81.868,0.875,0.000,1823,58.00,85.75,422.96,18.314,14.17,27.16,58.55,false,true,false,true
2026-09-11T10:03:50.800Z,COLH-DEMO-01,true,-22.66738640,-47.80303371,3d,1.5,0.000,90.00,81.874,0.868,0.000,1823,58.00,85.75,422.96,18.313,14.17,27.16,58.55,false,true,false,true
2026-09-11T10:03:50.900Z,COLH-DEMO-01,true,-22.66738640,-47.80303371,3d,1.5,0.000,90.00,81.879,0.861,0.000,1823,58.00,85.76,422.96,18.311,14.17,27.16,58.54,false,true,false,true
2026-09-11T10:03:51.000Z,COLH-DEMO-01,true,-22.66738640,-47.80303371,3d,1.5,0.000,90.00,81.884,0.853,0.000,1824,58.00,85.76,422.96,18.309,14.17,27.16,58.54,false,true,false,true
2026-09-11T10:03:51.100Z,COLH-DEMO-01,true,-22.66738640,-47.80303371,3d,1.5,0.000,90.00,81.889,0.846,0.000,1824,58.00,85.76,422.97,18.307,14.17,27.16,58.54,false,true,false,true
2026-09-11T10:03:51.200Z,COLH-DEMO-01,true,-22.66738640,-47.80303371,3d,1.5,0.000,90.00,81.894,0.838,0.000,1824,58.00,85.76,422.97,18.305,14.17,27.16,58.54,false,true,false,true
2026-09-11T10:03:51.300Z,COLH-DEMO-01,true,-22.66738640,-47.80303371,3d,1.5,0.000,90.00,81.900,0.831,0.000,1824,58.00,85.76,422.97,18.303,14.17,27.16,58.54,false,true,false,true
2026-09-11T10:03:51.400Z,COLH-DEMO-01,true,-22.66738640,-47.80303371,3d,1.5,0.000,90.00,81.905,0.823,0.000,1824,58.00,85.76,422.97,18.301,14.17,27.16,58.54,false,true,false,true
2026-09-11T10:03:51.500Z,COLH-DEMO-01,true,-22.66738640,-47.80303371,3d,1.5,0.000,90.00,81.910,0.815,0.000,1824,58.00,85.76,422.97,18.299,14.17,27.16,58.54,false,true,false,true
2026-09-11T10:03:51.600Z,COLH-DEMO-01,true,-22.66738640,-47.80303371,3d,1.5,0.000,90.00,81.916,0.806,0.000,1824,58.00,85.76,422.97,18.297,14.17,27.16,58.54,false,true,false,true
2026-09-11T10:03:51.700Z,COLH-DEMO-01,true,-22.66738640,-47.80303371,3d,1.5,0.000,90.00,81.921,0.798,0.000,1824,58.00,85.76,422.97,18.295,14.17,27.16,58.54,false,true,false,true
2026-09-11T10:03:51.800Z,COLH-DEMO-01,true,-22.66738640,-47.80303371,3d,1.5,0.000,90.00,81.927,0.789,0.000,1824,58.00,85.77,422.98,18.293,14.17,27.16,58.54,false,true,false,true
2026-09-11T10:03:51.900Z,COLH-DEMO-01,true,-22.66738640,-47.80303371,3d,1.5,0.000,90.00,81.932,0.781,0.000,1825,58.00,85.77,422.98,18.291,14.17,27.16,58.54,false,true,false,true
2026-09-11T10:03:52.000Z,COLH-DEMO-01,true,-22.66738640,-47.80303371,3d,1.5,0.000,90.00,81.938,0.772,0.000,1825,58.01,85.77,422.98,18.289,14.17,27.16,58.53,false,true,false,true
2026-09-11T10:03:52.100Z,COLH-DEMO-01,true,-22.66738640,-47.80303371,3d,1.5,0.000,90.00,81.943,0.763,0.000,1825,58.01,85.77,422.98,18.287,14.17,27.16,58.53,false,true,false,true
2026-09-11T10:03:52.200Z,COLH-DEMO-01,true,-22.66738640,-47.80303371,3d,1.5,0.000,90.00,81.949,0.753,0.000,1825,58.01,85.77,422.98,18.284,14.17,27.16,58.53,false,true,false,true
2026-09-11T10:03:52.300Z,COLH-DEMO-01,true,-22.66738640,-47.80303371,3d,1.5,0.000,90.00,81.955,0.744,0.000,1825,58.01,85.77,422.98,18.282,14.17,27.16,58.53,false,true,false,true
2026-09-11T10:03:52.400Z,COLH-DEMO-01,true,-22.66738640,-47.80303371,3d,1.5,0.000,90.00,81.960,0.735,0.000,1825,58.01,85.77,422.98,18.280,14.17,27.16,58.53,false,true,false,true
2026-09-11T10:03:52.500Z,COLH-DEMO-01,true,-22.66738640,-47.80303371,3d,1.5,0.000,90.00,81.966,0.725,0.000,1825,58.01,85.77,422.98,18.278,14.17,27.16,58.53,false,true,false,true
2026-09-11T10:03:52.600Z,COLH-DEMO-01,true,-22.66738640,-47.80303371,3d,1.5,0.000,90.00,81.971,0.715,0.000,1825,58.01,85.77,422.98,18.276,14.17,27.16,58.53,false,true,false,true
2026-09-11T10:03:52.700Z,COLH-DEMO-01,true,-22.66738640,-47.80303371,3d,1.5,0.000,90.00,81.977,0.705,0.000,1826,58.01,85.78,422.99,18.274,14.17,27.16,58.53,false,true,false,true
2026-09-11T10:03:52.800Z,COLH-DEMO-01,true,-22.66738640,-47.80303371,3d,1.5,0.000,90.00,81.983,0.695,0.000,1826,58.02,85.78,422.99,18.272,14.17,27.16,58.53,false,true,false,true
2026-09-11T10:03:52.900Z,COLH-DEMO-01,true,-22.66738640,-47.80303371,3d,1.5,0.000,90.00,81.988,0.685,0.000,1826,58.02,85.78,422.99,18.270,14.17,27.16,58.53,false,true,false,true
2026-09-11T10:03:53.000Z,COLH-DEMO-01,true,-22.66738640,-47.80303371,3d,1.5,0.000,90.00,81.994,0.675,0.000,1826,58.02,85.78,422.99,18.268,14.17,27.16,58.52,false,true,false,true
2026-09-11T10:03:53.100Z,COLH-DEMO-01,true,-22.66738640,-47.80303371,3d,1.5,0.000,90.00,82.000,0.664,0.000,1826,58.02,85.78,422.99,18.266,14.17,27.16,58.52,false,true,false,true
2026-09-11T10:03:53.200Z,COLH-DEMO-01,true,-22.66738640,-47.80303371,3d,1.5,0.000,90.00,82.005,0.654,0.000,1826,58.02,85.78,422.99,18.264,14.17,27.16,58.52,false,true,false,true
2026-09-11T10:03:53.300Z,COLH-DEMO-01,true,-22.66738640,-47.80303371,3d,1.5,0.000,90.00,82.011,0.643,0.000,1826,58.03,85.78,422.99,18.262,14.17,27.16,58.52,false,true,false,true
2026-09-11T10:03:53.400Z,COLH-DEMO-01,true,-22.66738640,-47.80303371,3d,1.5,0.000,90.00,82.017,0.632,0.000,1827,58.03,85.78,422.99,18.260,14.17,27.16,58.52,false,true,false,true
2026-09-11T10:03:53.500Z,COLH-DEMO-01,true,-22.66738640,-47.80303371,3d,1.5,0.000,90.00,82.022,0.621,0.000,1827,58.03,85.78,422.99,18.258,14.17,27.16,58.52,false,true,false,true
2026-09-11T10:03:53.600Z,COLH-DEMO-01,true,-22.66738640,-47.80303371,3d,1.5,0.000,90.00,82.028,0.610,0.000,1827,58.03,85.79,422.99,18.256,14.17,27.16,58.52,false,true,false,true
2026-09-11T10:03:53.700Z,COLH-DEMO-01,true,-22.66738640,-47.80303371,3d,1.5,0.000,90.00,82.034,0.599,0.000,1827,58.04,85.79,422.99,18.254,14.17,27.16,58.52,false,true,false,true
2026-09-11T10:03:53.800Z,COLH-DEMO-01,true,-22.66738640,-47.80303371,3d,1.5,0.000,90.00,82.039,0.587,0.000,1827,58.04,85.79,422.99,18.251,14.17,27.16,58.52,false,true,false,true
2026-09-11T10:03:53.900Z,COLH-DEMO-01,true,-22.66738640,-47.80303371,3d,1.5,0.000,90.00,82.045,0.576,0.000,1827,58.04,85.79,423.00,18.249,14.17,27.15,58.52,false,true,false,true
2026-09-11T10:03:54.000Z,COLH-DEMO-01,true,-22.66738640,-47.80303371,3d,1.5,0.000,90.00,82.050,0.564,0.000,1827,58.04,85.79,423.00,18.247,14.17,27.15,58.52,false,true,false,true
2026-09-11T10:03:54.100Z,COLH-DEMO-01,true,-22.66738640,-47.80303371,3d,1.5,0.000,90.00,82.056,0.553,0.000,1828,58.05,85.79,423.00,18.245,14.17,27.15,58.51,false,true,false,true
2026-09-11T10:03:54.200Z,COLH-DEMO-01,true,-22.66738640,-47.80303371,3d,1.5,0.000,90.00,82.061,0.541,0.000,1828,58.05,85.79,423.00,18.243,14.17,27.15,58.51,false,true,false,true
2026-09-11T10:03:54.300Z,COLH-DEMO-01,true,-22.66738640,-47.80303371,3d,1.5,0.000,90.00,82.067,0.529,0.000,1828,58.05,85.79,423.00,18.241,14.17,27.15,58.51,false,true,false,true
2026-09-11T10:03:54.400Z,COLH-DEMO-01,true,-22.66738640,-47.80303371,3d,1.5,0.000,90.00,82.073,0.517,0.000,1828,58.06,85.79,423.00,18.239,14.17,27.15,58.51,false,true,false,true
2026-09-11T10:03:54.500Z,COLH-DEMO-01,true,-22.66738640,-47.80303371,3d,1.5,0.000,90.00,82.078,0.505,0.000,1828,58.06,85.80,423.00,18.237,14.17,27.15,58.51,false,true,false,true
2026-09-11T10:03:54.600Z,COLH-DEMO-01,true,-22.66738640,-47.80303371,3d,1.5,0.000,90.00,82.083,0.493,0.000,1828,58.06,85.80,423.00,18.235,14.17,27.15,58.51,false,true,false,true
2026-09-11T10:03:54.700Z,COLH-DEMO-01,true,-22.66738640,-47.80303371,3d,1.5,0.000,90.00,82.089,0.480,0.000,1829,58.07,85.80,423.00,18.232,14.17,27.15,58.51,false,true,false,true
2026-09-11T10:03:54.800Z,COLH-DEMO-01,true,-22.66738640,-47.80303371,3d,1.5,0.000,90.00,82.094,0.468,0.000,1829,58.07,85.80,423.00,18.230,14.17,27.15,58.51,false,true,false,true
2026-09-11T10:03:54.900Z,COLH-DEMO-01,true,-22.66738640,-47.80303371,3d,1.5,0.000,90.00,82.100,0.456,0.000,1829,58.07,85.80,423.00,18.228,14.17,27.15,58.51,false,true,false,true
2026-09-11T10:03:55.000Z,COLH-DEMO-01,true,-22.66738640,-47.80303371,3d,1.5,0.000,90.00,82.105,0.443,0.000,1829,58.08,85.80,423.00,18.226,14.17,27.15,58.51,false,true,false,true
2026-09-11T10:03:55.100Z,COLH-DEMO-01,true,-22.66738640,-47.80303371,3d,1.5,0.000,90.00,82.110,0.430,0.000,1829,58.08,85.80,423.00,18.224,14.17,27.15,58.50,false,true,false,true
2026-09-11T10:03:55.200Z,COLH-DEMO-01,true,-22.66738640,-47.80303371,3d,1.5,0.000,90.00,82.115,0.418,0.000,1829,58.08,85.80,423.00,18.222,14.17,27.15,58.50,false,true,false,true
2026-09-11T10:03:55.300Z,COLH-DEMO-01,true,-22.66738640,-47.80303371,3d,1.5,0.000,90.00,82.121,0.405,0.000,1830,58.09,85.80,423.00,18.220,14.17,27.15,58.50,false,true,false,true
2026-09-11T10:03:55.400Z,COLH-DEMO-01,true,-22.66738640,-47.80303371,3d,1.5,0.000,90.00,82.126,0.392,0.000,1830,58.09,85.81,423.00,18.217,14.17,27.15,58.50,false,true,false,true
2026-09-11T10:03:55.500Z,COLH-DEMO-01,true,-22.66738640,-47.80303371,3d,1.5,0.000,90.00,82.131,0.379,0.000,1830,58.10,85.81,423.00,18.215,14.17,27.15,58.50,false,true,false,true
2026-09-11T10:03:55.600Z,COLH-DEMO-01,true,-22.66738640,-47.80303371,3d,1.5,0.000,90.00,82.136,0.366,0.000,1830,58.10,85.81,423.00,18.213,14.17,27.15,58.50,false,true,false,true
2026-09-11T10:03:55.700Z,COLH-DEMO-01,true,-22.66738640,-47.80303371,3d,1.5,0.000,90.00,82.141,0.353,0.000,1830,58.10,85.81,423.00,18.211,14.17,27.15,58.50,false,true,false,true
2026-09-11T10:03:55.800Z,COLH-DEMO-01,true,-22.66738640,-47.80303371,3d,1.5,0.000,90.00,82.146,0.339,0.000,1830,58.11,85.81,423.00,18.209,14.17,27.15,58.50,false,true,false,true
2026-09-11T10:03:55.900Z,COLH-DEMO-01,true,-22.66738640,-47.80303371,3d,1.5,0.000,90.00,82.151,0.326,0.000,1831,58.11,85.81,423.00,18.207,14.17,27.15,58.50,false,true,false,true
2026-09-11T10:03:56.000Z,COLH-DEMO-01,true,-22.66738640,-47.80303371,3d,1.5,0.000,90.00,82.156,0.313,0.000,1831,58.12,85.81,423.00,18.205,14.17,27.15,58.50,false,true,false,true
2026-09-11T10:03:56.100Z,COLH-DEMO-01,true,-22.66738640,-47.80303371,3d,1.5,0.000,90.00,82.161,0.299,0.000,1831,58.12,85.81,423.00,18.202,14.17,27.15,58.50,false,true,false,true
2026-09-11T10:03:56.200Z,COLH-DEMO-01,true,-22.66738640,-47.80303371,3d,1.5,0.000,90.00,82.165,0.286,0.000,1831,58.13,85.82,423.00,18.200,14.17,27.15,58.49,false,true,false,true
2026-09-11T10:03:56.300Z,COLH-DEMO-01,true,-22.66738640,-47.80303371,3d,1.5,0.000,90.00,82.170,0.272,0.000,1831,58.13,85.82,423.00,18.198,14.17,27.15,58.49,false,true,false,true
2026-09-11T10:03:56.400Z,COLH-DEMO-01,true,-22.66738640,-47.80303371,3d,1.5,0.000,90.00,82.175,0.259,0.000,1831,58.14,85.82,423.00,18.196,14.17,27.15,58.49,false,true,false,true
2026-09-11T10:03:56.500Z,COLH-DEMO-01,true,-22.66738640,-47.80303371,3d,1.5,0.000,90.00,82.179,0.245,0.000,1832,58.14,85.82,423.00,18.194,14.17,27.15,58.49,false,true,false,true
2026-09-11T10:03:56.600Z,COLH-DEMO-01,true,-22.66738640,-47.80303371,3d,1.5,0.000,90.00,82.184,0.231,0.000,1832,58.15,85.82,423.00,18.191,14.17,27.15,58.49,false,true,false,true
2026-09-11T10:03:56.700Z,COLH-DEMO-01,true,-22.66738640,-47.80303371,3d,1.5,0.000,90.00,82.188,0.218,0.000,1832,58.15,85.82,423.00,18.189,14.17,27.15,58.49,false,true,false,true
2026-09-11T10:03:56.800Z,COLH-DEMO-01,true,-22.66738640,-47.80303371,3d,1.5,0.000,90.00,82.193,0.204,0.000,1832,58.16,85.82,423.00,18.187,14.17,27.15,58.49,false,true,false,true
2026-09-11T10:03:56.900Z,COLH-DEMO-01,true,-22.66738640,-47.80303371,3d,1.5,0.000,90.00,82.197,0.190,0.000,1832,58.16,85.82,423.00,18.185,14.17,27.15,58.49,false,true,false,true
2026-09-11T10:03:57.000Z,COLH-DEMO-01,true,-22.66738640,-47.80303371,3d,1.5,0.000,90.00,82.201,0.176,0.000,1833,58.17,85.82,423.00,18.183,14.17,27.15,58.49,false,true,false,true
2026-09-11T10:03:57.100Z,COLH-DEMO-01,true,-22.66738640,-47.80303371,3d,1.5,0.000,90.00,82.205,0.162,0.000,1833,58.17,85.83,423.00,18.180,14.17,27.15,58.49,false,true,false,true
2026-09-11T10:03:57.200Z,COLH-DEMO-01,true,-22.66738640,-47.80303371,3d,1.5,0.000,90.00,82.209,0.149,0.000,1833,58.18,85.83,423.00,18.178,14.17,27.15,58.48,false,true,false,true
2026-09-11T10:03:57.300Z,COLH-DEMO-01,true,-22.66738640,-47.80303371,3d,1.5,0.000,90.00,82.213,0.135,0.000,1833,58.18,85.83,423.00,18.176,14.17,27.15,58.48,false,true,false,true
2026-09-11T10:03:57.400Z,COLH-DEMO-01,true,-22.66738640,-47.80303371,3d,1.5,0.000,90.00,82.217,0.121,0.000,1833,58.19,85.83,422.99,18.174,14.17,27.14,58.48,false,true,false,true
2026-09-11T10:03:57.500Z,COLH-DEMO-01,true,-22.66738640,-47.80303371,3d,1.5,0.000,90.00,82.221,0.107,0.000,1834,58.20,85.83,422.99,18.172,14.17,27.14,58.48,false,true,false,true
2026-09-11T10:03:57.600Z,COLH-DEMO-01,true,-22.66738640,-47.80303371,3d,1.5,0.000,90.00,82.225,0.093,0.000,1834,58.20,85.83,422.99,18.169,14.17,27.14,58.48,false,true,false,true
2026-09-11T10:03:57.700Z,COLH-DEMO-01,true,-22.66738640,-47.80303371,3d,1.5,0.000,90.00,82.229,0.079,0.000,1834,58.21,85.83,422.99,18.167,14.17,27.14,58.48,false,true,false,true
2026-09-11T10:03:57.800Z,COLH-DEMO-01,true,-22.66738640,-47.80303371,3d,1.5,0.000,90.00,82.232,0.065,0.000,1834,58.21,85.83,422.99,18.165,14.17,27.14,58.48,false,true,false,true
2026-09-11T10:03:57.900Z,COLH-DEMO-01,true,-22.66738640,-47.80303371,3d,1.5,0.000,90.00,82.236,0.050,0.000,1834,58.22,85.84,422.99,18.163,14.17,27.14,58.48,false,true,false,true
2026-09-11T10:03:58.000Z,COLH-DEMO-01,true,-22.66738640,-47.80303371,3d,1.5,0.000,90.00,82.239,0.036,0.000,1835,58.23,85.84,422.99,18.161,14.17,27.14,58.48,false,true,false,true
2026-09-11T10:03:58.100Z,COLH-DEMO-01,true,-22.66738640,-47.80303371,3d,1.5,0.000,90.00,82.243,0.022,0.000,1835,58.23,85.84,422.99,18.158,14.17,27.14,58.48,false,true,false,true
2026-09-11T10:03:58.200Z,COLH-DEMO-01,true,-22.66738640,-47.80303371,3d,1.5,0.000,90.00,82.246,0.008,0.000,1835,58.24,85.84,422.99,18.156,14.17,27.14,58.47,false,true,false,true
2026-09-11T10:03:58.300Z,COLH-DEMO-01,true,-22.66738640,-47.80303371,3d,1.5,0.000,90.00,82.249,-0.006,0.000,1835,58.25,85.84,422.99,18.154,14.17,27.14,58.47,false,true,false,true
2026-09-11T10:03:58.400Z,COLH-DEMO-01,true,-22.66738640,-47.80303371,3d,1.5,0.000,90.00,82.252,-0.020,0.000,1835,58.25,85.84,422.99,18.152,14.17,27.14,58.47,false,true,false,true
2026-09-11T10:03:58.500Z,COLH-DEMO-01,true,-22.66738640,-47.80303371,3d,1.5,0.000,90.00,82.255,-0.034,0.000,1836,58.26,85.84,422.99,18.149,14.17,27.14,58.47,false,true,false,true
2026-09-11T10:03:58.600Z,COLH-DEMO-01,true,-22.66738640,-47.80303371,3d,1.5,0.000,90.00,82.258,-0.048,0.000,1836,58.27,85.84,422.99,18.147,14.17,27.14,58.47,false,true,false,true
2026-09-11T10:03:58.700Z,COLH-DEMO-01,true,-22.66738640,-47.80303371,3d,1.5,0.000,90.00,82.261,-0.062,0.000,1836,58.27,85.84,422.98,18.145,14.17,27.14,58.47,false,true,false,true
2026-09-11T10:03:58.800Z,COLH-DEMO-01,true,-22.66738640,-47.80303371,3d,1.5,0.000,90.00,82.264,-0.076,0.000,1836,58.28,85.85,422.98,18.143,14.17,27.14,58.47,false,true,false,true
2026-09-11T10:03:58.900Z,COLH-DEMO-01,true,-22.66738640,-47.80303371,3d,1.5,0.000,90.00,82.266,-0.090,0.000,1836,58.29,85.85,422.98,18.140,14.17,27.14,58.47,false,true,false,true
2026-09-11T10:03:59.000Z,COLH-DEMO-01,true,-22.66738640,-47.80303371,3d,1.5,0.000,90.00,82.269,-0.104,0.000,1837,58.29,85.85,422.98,18.138,14.17,27.14,58.47,false,true,false,true
2026-09-11T10:03:59.100Z,COLH-DEMO-01,true,-22.66738640,-47.80303371,3d,1.5,0.000,90.00,82.271,-0.118,0.000,1837,58.30,85.85,422.98,18.136,14.17,27.14,58.47,false,true,false,true
2026-09-11T10:03:59.200Z,COLH-DEMO-01,true,-22.66738640,-47.80303371,3d,1.5,0.000,90.00,82.274,-0.132,0.000,1837,58.31,85.85,422.98,18.134,14.17,27.14,58.47,false,true,false,true
2026-09-11T10:03:59.300Z,COLH-DEMO-01,true,-22.66738640,-47.80303371,3d,1.5,0.000,90.00,82.276,-0.146,0.000,1837,58.32,85.85,422.98,18.131,14.17,27.14,58.46,false,true,false,true
2026-09-11T10:03:59.400Z,COLH-DEMO-01,true,-22.66738640,-47.80303371,3d,1.5,0.000,90.00,82.278,-0.160,0.000,1837,58.32,85.85,422.98,18.129,14.17,27.14,58.46,false,true,false,true
2026-09-11T10:03:59.500Z,COLH-DEMO-01,true,-22.66738640,-47.80303371,3d,1.5,0.000,90.00,82.280,-0.174,0.000,1838,58.33,85.85,422.97,18.127,14.17,27.14,58.46,false,true,false,true
2026-09-11T10:03:59.600Z,COLH-DEMO-01,true,-22.66738640,-47.80303371,3d,1.5,0.000,90.00,82.282,-0.188,0.000,1838,58.34,85.86,422.97,18.125,14.17,27.14,58.46,false,true,false,true
2026-09-11T10:03:59.700Z,COLH-DEMO-01,true,-22.66738640,-47.80303371,3d,1.5,0.000,90.00,82.284,-0.202,0.000,1838,58.35,85.86,422.97,18.122,14.17,27.14,58.46,false,true,false,true
2026-09-11T10:03:59.800Z,COLH-DEMO-01,true,-22.66738640,-47.80303371,3d,1.5,0.000,90.00,82.286,-0.215,0.000,1838,58.35,85.86,422.97,18.120,14.17,27.14,58.46,false,true,false,true
2026-09-11T10:03:59.900Z,COLH-DEMO-01,true,-22.66738640,-47.80303371,3d,1.5,0.000,90.00,82.288,-0.229,0.000,1838,58.36,85.86,422.97,18.118,14.17,27.14,58.46,false,true,false,true
2026-09-11T10:04:00.000Z,COLH-DEMO-01,true,-22.66738640,-47.80303371,3d,1.5,0.000,90.00,82.289,-0.243,0.000,1839,58.37,85.86,422.97,18.116,14.17,27.14,58.46,false,true,false,true
