{
  "type": "FeatureCollection",
  "features": [
    {
      "type": "Feature",
      "properties": {
        "id": "rio-piracicaba",
        "role": "water",
        "source": "OpenStreetMap relation 2708872, ODbL, consulta 2026-09-11"
      },
      "geometry": {
        "type": "Polygon",
        "coordinates": [
          [
            [
              -48.0131303,
              -22.6688201
            ],
            [
              -48.0125168,
              -22.6692432
            ],
            [
              -48.0121547,
              -22.6695922
            ],
            [
              -48.0114085,
              -22.6700989
            ],
            [
              -48.011086,
              -22.6702319
            ],
            [
              -48.0105838,
              -22.6702807
            ],
            [
              -48.0102218,
              -22.6702678
            ],
            [
              -48.0101815,
              -22.6701583
            ],
            [
              -48.0100347,
              -22.6700153
            ],
            [
              -48.0099723,
              -22.6698984
            ],
            [
              -48.0098456,
              -22.6697982
            ],
            [
              -48.0096948,
              -22.6695866
            ],
            [
              -48.0095198,
              -22.6691876
            ],
            [
              -48.0094755,
              -22.6688034
            ],
            [
              -48.0094655,
              -22.6685268
            ],
            [
              -48.0095721,
              -22.6679236
            ],
            [
              -48.0096344,
              -22.6675171
            ],
            [
              -48.0096626,
              -22.6672369
            ],
            [
              -48.0096324,
              -22.6670439
            ],
            [
              -48.0094192,
              -22.6668026
            ],
            [
              -48.0090471,
              -22.666604
            ],
            [
              -48.0085664,
              -22.6665409
            ],
            [
              -48.0081923,
              -22.6665019
            ],
            [
              -48.0076914,
              -22.6665019
            ],
            [
              -48.0072026,
              -22.6665761
            ],
            [
              -48.0063599,
              -22.6667487
            ],
            [
              -48.0054205,
              -22.666875
            ],
            [
              -48.0046602,
              -22.6668583
            ],
            [
              -48.0039985,
              -22.6667803
            ],
            [
              -48.0034614,
              -22.6666893
            ],
            [
              -48.0029264,
              -22.6665037
            ],
            [
              -48.0025945,
              -22.6663256
            ],
            [
              -48.0025201,
              -22.6662606
            ],
            [
              -48.0022023,
              -22.6660936
            ],
            [
              -48.0015908,
              -22.665856
            ],
            [
              -48.0011865,
              -22.6656592
            ],
            [
              -48.0008969,
              -22.6652936
            ],
            [
              -48.0007661,
              -22.6647015
            ],
            [
              -48.0007762,
              -22.6644639
            ],
            [
              -48.0007722,
              -22.6640203
            ],
            [
              -48.0009452,
              -22.6637308
            ],
            [
              -48.0011403,
              -22.6633558
            ],
            [
              -48.0013374,
              -22.6630719
            ],
            [
              -48.0016009,
              -22.6628992
            ],
            [
              -48.0020796,
              -22.6628009
            ],
            [
              -48.0029546,
              -22.6626709
            ],
            [
              -48.0039361,
              -22.6625744
            ],
            [
              -48.0046743,
              -22.6624445
            ],
            [
              -48.0055593,
              -22.6621067
            ],
            [
              -48.0062854,
              -22.6617318
            ],
            [
              -48.0068788,
              -22.6614218
            ],
            [
              -48.0071383,
              -22.6612399
            ],
            [
              -48.0073052,
              -22.6609188
            ],
            [
              -48.00745,
              -22.6604937
            ],
            [
              -48.0075084,
              -22.6595508
            ],
            [
              -48.0075406,
              -22.6577912
            ],
            [
              -48.0075486,
              -22.6572139
            ],
            [
              -48.0074903,
              -22.6566905
            ],
            [
              -48.0073414,
              -22.6561893
            ],
            [
              -48.0071162,
              -22.6557865
            ],
            [
              -48.006736,
              -22.6553521
            ],
            [
              -48.0063294,
              -22.6550386
            ],
            [
              -48.0059141,
              -22.6548286
            ],
            [
              -48.0054476,
              -22.6546763
            ],
            [
              -48.0047251,
              -22.654574
            ],
            [
              -48.0039912,
              -22.6546002
            ],
            [
              -48.0035731,
              -22.6546658
            ],
            [
              -48.0026742,
              -22.6550412
            ],
            [
              -48.0025234,
              -22.6551908
            ],
            [
              -48.0022447,
              -22.65575
            ],
            [
              -48.0017497,
              -22.6564824
            ],
            [
              -48.0013173,
              -22.6571255
            ],
            [
              -48.0010699,
              -22.6574143
            ],
            [
              -48.0005066,
              -22.6579891
            ],
            [
              -47.9998239,
              -22.658459
            ],
            [
              -47.9992664,
              -22.6588449
            ],
            [
              -47.9988568,
              -22.6590155
            ],
            [
              -47.9985111,
              -22.659249
            ],
            [
              -47.9982114,
              -22.6593538
            ],
            [
              -47.9978584,
              -22.6595478
            ],
            [
              -47.9975989,
              -22.6595831
            ],
            [
              -47.9974326,
              -22.6595205
            ],
            [
              -47.9972948,
              -22.6595567
            ],
            [
              -47.9970464,
              -22.6595511
            ],
            [
              -47.996796,
              -22.65963
            ],
            [
              -47.996785,
              -22.6597052
            ],
            [
              -47.9966492,
              -22.6597674
            ],
            [
              -47.9965496,
              -22.659901
            ],
            [
              -47.9962237,
              -22.6599698
            ],
            [
              -47.9959643,
              -22.6598463
            ],
            [
              -47.9956585,
              -22.6598677
            ],
            [
              -47.9953327,
              -22.6596403
            ],
            [
              -47.9951667,
              -22.6595911
            ],
            [
              -47.9948741,
              -22.6594139
            ],
            [
              -47.9946991,
              -22.6593637
            ],
            [
              -47.9945774,
              -22.6592793
            ],
            [
              -47.9942365,
              -22.6590157
            ],
            [
              -47.9939639,
              -22.6587772
            ],
            [
              -47.9937286,
              -22.6584913
            ],
            [
              -47.9934922,
              -22.6581405
            ],
            [
              -47.9933535,
              -22.6578361
            ],
            [
              -47.9931352,
              -22.657515
            ],
            [
              -47.9928597,
              -22.6572106
            ],
            [
              -47.99274,
              -22.6569043
            ],
            [
              -47.9925831,
              -22.6566807
            ],
            [
              -47.9925781,
              -22.6565813
            ],
            [
              -47.9925348,
              -22.6564319
            ],
            [
              -47.9924694,
              -22.6562287
            ],
            [
              -47.9924383,
              -22.6559818
            ],
            [
              -47.9923789,
              -22.6558287
            ],
            [
              -47.99221,
              -22.6556514
            ],
            [
              -47.9921959,
              -22.6555614
            ],
            [
              -47.9919917,
              -22.655385
            ],
            [
              -47.9917393,
              -22.6552031
            ],
            [
              -47.9916589,
              -22.6551177
            ],
            [
              -47.9910474,
              -22.6548736
            ],
            [
              -47.9906672,
              -22.6547901
            ],
            [
              -47.9902599,
              -22.6547873
            ],
            [
              -47.9896656,
              -22.6548384
            ],
            [
              -47.9893618,
              -22.654804
            ],
            [
              -47.9890973,
              -22.6548551
            ],
            [
              -47.9889475,
              -22.6548254
            ],
            [
              -47.987981,
              -22.6548439
            ],
            [
              -47.9873645,
              -22.6548588
            ],
            [
              -47.9869974,
              -22.6549061
            ],
            [
              -47.9865318,
              -22.6549952
            ],
            [
              -47.9860903,
              -22.6551651
            ],
            [
              -47.9857262,
              -22.6553544
            ],
            [
              -47.9854798,
              -22.6555929
            ],
            [
              -47.9852566,
              -22.6558602
            ],
            [
              -47.9851359,
              -22.6561006
            ],
            [
              -47.9851178,
              -22.6562816
            ],
            [
              -47.985162,
              -22.6566222
            ],
            [
              -47.9852586,
              -22.6569517
            ],
            [
              -47.9853028,
              -22.657205
            ],
            [
              -47.9853481,
              -22.6576106
            ],
            [
              -47.9854406,
              -22.6578751
            ],
            [
              -47.9854647,
              -22.6581303
            ],
            [
              -47.9855281,
              -22.6585702
            ],
            [
              -47.9854949,
              -22.6589517
            ],
            [
              -47.9854899,
              -22.6592385
            ],
            [
              -47.9853551,
              -22.6597081
            ],
            [
              -47.9853129,
              -22.6598835
            ],
            [
              -47.9853058,
              -22.6599985
            ],
            [
              -47.9852435,
              -22.6601146
            ],
            [
              -47.9853099,
              -22.660186
            ],
            [
              -47.9852113,
              -22.6602343
            ],
            [
              -47.985166,
              -22.6603169
            ],
            [
              -47.9852153,
              -22.6603716
            ],
            [
              -47.9851369,
              -22.6604152
            ],
            [
              -47.9851258,
              -22.6605266
            ],
            [
              -47.9849941,
              -22.6606556
            ],
            [
              -47.984991,
              -22.6607048
            ],
            [
              -47.9849086,
              -22.6608774
            ],
            [
              -47.9848623,
              -22.6611698
            ],
            [
              -47.984807,
              -22.6614027
            ],
            [
              -47.9847174,
              -22.661485
            ],
            [
              -47.9845233,
              -22.6617318
            ],
            [
              -47.9842701,
              -22.6618827
            ],
            [
              -47.9839558,
              -22.6619798
            ],
            [
              -47.983719,
              -22.6620376
            ],
            [
              -47.9835924,
              -22.662077
            ],
            [
              -47.9835149,
              -22.6621583
            ],
            [
              -47.9833926,
              -22.662199
            ],
            [
              -47.9830228,
              -22.6623808
            ],
            [
              -47.982776,
              -22.6624549
            ],
            [
              -47.9824233,
              -22.6626013
            ],
            [
              -47.9822598,
              -22.6626741
            ],
            [
              -47.9821282,
              -22.6627739
            ],
            [
              -47.9819719,
              -22.6628257
            ],
            [
              -47.981644,
              -22.6629705
            ],
            [
              -47.9811452,
              -22.6632749
            ],
            [
              -47.9807067,
              -22.6636702
            ],
            [
              -47.9803668,
              -22.6641064
            ],
            [
              -47.9801435,
              -22.6642902
            ],
            [
              -47.9796245,
              -22.6648396
            ],
            [
              -47.9791881,
              -22.665272
            ],
            [
              -47.9790412,
              -22.6654038
            ],
            [
              -47.9787154,
              -22.6655245
            ],
            [
              -47.9782588,
              -22.6658474
            ],
            [
              -47.9778123,
              -22.6661537
            ],
            [
              -47.9773517,
              -22.666588
            ],
            [
              -47.9766839,
              -22.6666047
            ],
            [
              -47.9763299,
              -22.6667606
            ],
            [
              -47.9750727,
              -22.6670873
            ],
            [
              -47.9742903,
              -22.6672283
            ],
            [
              -47.9736648,
              -22.6673063
            ],
            [
              -47.9729588,
              -22.6673805
            ],
            [
              -47.9724016,
              -22.6674176
            ],
            [
              -47.9722749,
              -22.6673527
            ],
            [
              -47.9716775,
              -22.6673378
            ],
            [
              -47.9710117,
              -22.6672988
            ],
            [
              -47.9701106,
              -22.6670631
            ],
            [
              -47.9694448,
              -22.6668757
            ],
            [
              -47.9687308,
              -22.6665397
            ],
            [
              -47.9683466,
              -22.6663783
            ],
            [
              -47.9677573,
              -22.6659328
            ],
            [
              -47.967176,
              -22.6654818
            ],
            [
              -47.9665625,
              -22.6648581
            ],
            [
              -47.9657479,
              -22.6641398
            ],
            [
              -47.9652028,
              -22.6636647
            ],
            [
              -47.9646456,
              -22.6632526
            ],
            [
              -47.9640388,
              -22.6629832
            ],
            [
              -47.9637432,
              -22.6629498
            ],
            [
              -47.9635802,
              -22.6627679
            ],
            [
              -47.9633349,
              -22.6627345
            ],
            [
              -47.962826,
              -22.6629331
            ],
            [
              -47.9625786,
              -22.6633173
            ],
            [
              -47.9624257,
              -22.6634138
            ],
            [
              -47.9621984,
              -22.6636978
            ],
            [
              -47.9618866,
              -22.6640393
            ],
            [
              -47.9613556,
              -22.6645256
            ],
            [
              -47.9608789,
              -22.6648634
            ],
            [
              -47.9605672,
              -22.6649692
            ],
            [
              -47.9603741,
              -22.6650175
            ],
            [
              -47.9604485,
              -22.6652569
            ],
            [
              -47.9604827,
              -22.6655186
            ],
            [
              -47.96036,
              -22.6655929
            ],
            [
              -47.9599718,
              -22.665604
            ],
            [
              -47.9596661,
              -22.6655224
            ],
            [
              -47.9595796,
              -22.6654518
            ],
            [
              -47.9592678,
              -22.6654555
            ],
            [
              -47.9591692,
              -22.6655224
            ],
            [
              -47.9585517,
              -22.6655483
            ],
            [
              -47.9581052,
              -22.6656745
            ],
            [
              -47.9578075,
              -22.6656968
            ],
            [
              -47.9572182,
              -22.6657488
            ],
            [
              -47.9567958,
              -22.665862
            ],
            [
              -47.9563251,
              -22.6658843
            ],
            [
              -47.9556955,
              -22.6659084
            ],
            [
              -47.955064,
              -22.6659771
            ],
            [
              -47.9546778,
              -22.6660068
            ],
            [
              -47.9540301,
              -22.6659455
            ],
            [
              -47.9533422,
              -22.6657432
            ],
            [
              -47.9524491,
              -22.6654722
            ],
            [
              -47.9516486,
              -22.6652105
            ],
            [
              -47.9512001,
              -22.6649878
            ],
            [
              -47.9506509,
              -22.6646481
            ],
            [
              -47.949953,
              -22.6642806
            ],
            [
              -47.9489614,
              -22.6639465
            ],
            [
              -47.9477324,
              -22.6637646
            ],
            [
              -47.9467476,
              -22.6636651
            ],
            [
              -47.9460977,
              -22.6636097
            ],
            [
              -47.9456683,
              -22.6636169
            ],
            [
              -47.9453239,
              -22.663574
            ],
            [
              -47.9450028,
              -22.6633688
            ],
            [
              -47.9446276,
              -22.6634687
            ],
            [
              -47.9443819,
              -22.6634134
            ],
            [
              -47.9439486,
              -22.6633831
            ],
            [
              -47.943554,
              -22.6632117
            ],
            [
              -47.9431497,
              -22.6628815
            ],
            [
              -47.942995,
              -22.6626244
            ],
            [
              -47.9428518,
              -22.6620889
            ],
            [
              -47.9426777,
              -22.6614517
            ],
            [
              -47.942583,
              -22.6611232
            ],
            [
              -47.9424263,
              -22.6606556
            ],
            [
              -47.9422348,
              -22.6602111
            ],
            [
              -47.9420742,
              -22.6600361
            ],
            [
              -47.9419582,
              -22.6596809
            ],
            [
              -47.9417338,
              -22.6594489
            ],
            [
              -47.94161,
              -22.6592132
            ],
            [
              -47.94149,
              -22.6591722
            ],
            [
              -47.941403,
              -22.6590758
            ],
            [
              -47.9414243,
              -22.6588348
            ],
            [
              -47.9414939,
              -22.6585938
            ],
            [
              -47.9414146,
              -22.6584849
            ],
            [
              -47.9412889,
              -22.6584225
            ],
            [
              -47.9407995,
              -22.658435
            ],
            [
              -47.9401399,
              -22.6587331
            ],
            [
              -47.9396118,
              -22.6590508
            ],
            [
              -47.9390895,
              -22.6593632
            ],
            [
              -47.9387974,
              -22.6596702
            ],
            [
              -47.9381359,
              -22.6600933
            ],
            [
              -47.937366,
              -22.6604538
            ],
            [
              -47.9368224,
              -22.6607127
            ],
            [
              -47.9362518,
              -22.6609661
            ],
            [
              -47.9356986,
              -22.6611
            ],
            [
              -47.9352072,
              -22.6612821
            ],
            [
              -47.9348919,
              -22.6613803
            ],
            [
              -47.9345766,
              -22.6614588
            ],
            [
              -47.9344393,
              -22.6615748
            ],
            [
              -47.9343503,
              -22.661466
            ],
            [
              -47.9335901,
              -22.6614981
            ],
            [
              -47.9330369,
              -22.6614106
            ],
            [
              -47.9327436,
              -22.6612901
            ],
            [
              -47.9325183,
              -22.6612883
            ],
            [
              -47.9318379,
              -22.6609276
            ],
            [
              -47.930996,
              -22.6605501
            ],
            [
              -47.9306133,
              -22.6603528
            ],
            [
              -47.9301725,
              -22.6596952
            ],
            [
              -47.9298162,
              -22.6595466
            ],
            [
              -47.9296631,
              -22.6592665
            ],
            [
              -47.9295733,
              -22.6586625
            ],
            [
              -47.929386,
              -22.6581559
            ],
            [
              -47.9293464,
              -22.6573521
            ],
            [
              -47.9294071,
              -22.656619
            ],
            [
              -47.9297053,
              -22.655216
            ],
            [
              -47.9300564,
              -22.6541735
            ],
            [
              -47.9302517,
              -22.6536279
            ],
            [
              -47.9302015,
              -22.6534403
            ],
            [
              -47.9300352,
              -22.6532114
            ],
            [
              -47.9297871,
              -22.6531213
            ],
            [
              -47.9296261,
              -22.652997
            ],
            [
              -47.9291141,
              -22.6530823
            ],
            [
              -47.9288396,
              -22.653187
            ],
            [
              -47.9284015,
              -22.6534769
            ],
            [
              -47.9279871,
              -22.6538739
            ],
            [
              -47.9276968,
              -22.6541954
            ],
            [
              -47.927417,
              -22.654724
            ],
            [
              -47.9271451,
              -22.6552184
            ],
            [
              -47.9270607,
              -22.6555229
            ],
            [
              -47.9269604,
              -22.6559223
            ],
            [
              -47.9269419,
              -22.656446
            ],
            [
              -47.9270264,
              -22.6569283
            ],
            [
              -47.9271662,
              -22.6574593
            ],
            [
              -47.9273536,
              -22.6578587
            ],
            [
              -47.9273272,
              -22.6579854
            ],
            [
              -47.9274487,
              -22.6583483
            ],
            [
              -47.9278208,
              -22.6589694
            ],
            [
              -47.9283883,
              -22.6601677
            ],
            [
              -47.9287815,
              -22.6609057
            ],
            [
              -47.9292408,
              -22.6614488
            ],
            [
              -47.9294942,
              -22.6620675
            ],
            [
              -47.9296974,
              -22.662747
            ],
            [
              -47.9298241,
              -22.6634095
            ],
            [
              -47.9299059,
              -22.6640744
            ],
            [
              -47.9299138,
              -22.6645761
            ],
            [
              -47.9298795,
              -22.6653628
            ],
            [
              -47.9298742,
              -22.6665197
            ],
            [
              -47.9298109,
              -22.6671773
            ],
            [
              -47.9297924,
              -22.6678787
            ],
            [
              -47.9298346,
              -22.6687433
            ],
            [
              -47.9299376,
              -22.6695567
            ],
            [
              -47.9300775,
              -22.6705723
            ],
            [
              -47.9301672,
              -22.6714418
            ],
            [
              -47.9302886,
              -22.6721334
            ],
            [
              -47.9302965,
              -22.67245
            ],
            [
              -47.9304338,
              -22.6727788
            ],
            [
              -47.9305605,
              -22.6729517
            ],
            [
              -47.9305842,
              -22.6732172
            ],
            [
              -47.9307215,
              -22.6735459
            ],
            [
              -47.930835,
              -22.6736945
            ],
            [
              -47.9308297,
              -22.6739453
            ],
            [
              -47.930893,
              -22.6742863
            ],
            [
              -47.9308798,
              -22.6748367
            ],
            [
              -47.9308218,
              -22.6752629
            ],
            [
              -47.9308693,
              -22.6755722
            ],
            [
              -47.9307611,
              -22.676086
            ],
            [
              -47.9306845,
              -22.6766169
            ],
            [
              -47.9305816,
              -22.6770943
            ],
            [
              -47.9305446,
              -22.6772185
            ],
            [
              -47.9301461,
              -22.6779028
            ],
            [
              -47.9298214,
              -22.678441
            ],
            [
              -47.92951,
              -22.6789719
            ],
            [
              -47.929188,
              -22.6794224
            ],
            [
              -47.9287683,
              -22.6799338
            ],
            [
              -47.9279132,
              -22.6811417
            ],
            [
              -47.9272428,
              -22.6821621
            ],
            [
              -47.9262953,
              -22.6834381
            ],
            [
              -47.9257727,
              -22.6841443
            ],
            [
              -47.9252263,
              -22.6849967
            ],
            [
              -47.9245031,
              -22.6858538
            ],
            [
              -47.9236057,
              -22.6869107
            ],
            [
              -47.922682,
              -22.6877484
            ],
            [
              -47.9218638,
              -22.6885398
            ],
            [
              -47.9212831,
              -22.689056
            ],
            [
              -47.9203936,
              -22.6896916
            ],
            [
              -47.919871,
              -22.6901202
            ],
            [
              -47.9192587,
              -22.6905731
            ],
            [
              -47.9187071,
              -22.6909359
            ],
            [
              -47.9180551,
              -22.6912525
            ],
            [
              -47.9172686,
              -22.6915106
            ],
            [
              -47.9166642,
              -22.6919051
            ],
            [
              -47.9164135,
              -22.691966
            ],
            [
              -47.9161997,
              -22.6920853
            ],
            [
              -47.916139,
              -22.6922022
            ],
            [
              -47.9159305,
              -22.6922874
            ],
            [
              -47.9155214,
              -22.6924993
            ],
            [
              -47.9151914,
              -22.6925869
            ],
            [
              -47.9146715,
              -22.6927476
            ],
            [
              -47.9140011,
              -22.6928913
            ],
            [
              -47.9131617,
              -22.6928883
            ],
            [
              -47.9124836,
              -22.6928217
            ],
            [
              -47.9116811,
              -22.6925772
            ],
            [
              -47.9105303,
              -22.692122
            ],
            [
              -47.9100376,
              -22.6918741
            ],
            [
              -47.9095897,
              -22.6915883
            ],
            [
              -47.909082,
              -22.6912628
            ],
            [
              -47.9088021,
              -22.6911681
            ],
            [
              -47.9081899,
              -22.6908117
            ],
            [
              -47.9078316,
              -22.6905087
            ],
            [
              -47.907365,
              -22.6899938
            ],
            [
              -47.9070272,
              -22.689603
            ],
            [
              -47.9065065,
              -22.6890537
            ],
            [
              -47.9062173,
              -22.6886335
            ],
            [
              -47.9059149,
              -22.6879861
            ],
            [
              -47.9056088,
              -22.6872354
            ],
            [
              -47.9054222,
              -22.6869271
            ],
            [
              -47.9053364,
              -22.6866138
            ],
            [
              -47.9051628,
              -22.6862556
            ],
            [
              -47.9050321,
              -22.6856856
            ],
            [
              -47.9047466,
              -22.6851105
            ],
            [
              -47.9045824,
              -22.6845836
            ],
            [
              -47.9044219,
              -22.6842995
            ],
            [
              -47.9043155,
              -22.6841428
            ],
            [
              -47.9043024,
              -22.684024
            ],
            [
              -47.9043435,
              -22.6837726
            ],
            [
              -47.9041027,
              -22.6830769
            ],
            [
              -47.9038862,
              -22.6825173
            ],
            [
              -47.9038564,
              -22.6822176
            ],
            [
              -47.9038508,
              -22.6818371
            ],
            [
              -47.9038078,
              -22.6812585
            ],
            [
              -47.9038788,
              -22.6811517
            ],
            [
              -47.9040393,
              -22.6805783
            ],
            [
              -47.9041736,
              -22.6801323
            ],
            [
              -47.9043341,
              -22.6796347
            ],
            [
              -47.9044816,
              -22.6793126
            ],
            [
              -47.9046272,
              -22.6790078
            ],
            [
              -47.904922,
              -22.6786807
            ],
            [
              -47.9054035,
              -22.6782657
            ],
            [
              -47.906025,
              -22.6778506
            ],
            [
              -47.9065495,
              -22.6775923
            ],
            [
              -47.9076245,
              -22.6771016
            ],
            [
              -47.9086192,
              -22.6766883
            ],
            [
              -47.9093191,
              -22.6763473
            ],
            [
              -47.9099909,
              -22.6759409
            ],
            [
              -47.9105751,
              -22.6755483
            ],
            [
              -47.9110193,
              -22.6751212
            ],
            [
              -47.9115866,
              -22.674608
            ],
            [
              -47.9120159,
              -22.6742567
            ],
            [
              -47.9124078,
              -22.6740587
            ],
            [
              -47.9131655,
              -22.6734715
            ],
            [
              -47.9135369,
              -22.6732269
            ],
            [
              -47.9136284,
              -22.6730961
            ],
            [
              -47.9140968,
              -22.6727568
            ],
            [
              -47.9145877,
              -22.6724038
            ],
            [
              -47.9153939,
              -22.6718648
            ],
            [
              -47.9161554,
              -22.6714118
            ],
            [
              -47.9169523,
              -22.6708074
            ],
            [
              -47.9173218,
              -22.6704664
            ],
            [
              -47.9179676,
              -22.6698706
            ],
            [
              -47.9183614,
              -22.6695261
            ],
            [
              -47.9185443,
              -22.6693143
            ],
            [
              -47.9189772,
              -22.669161
            ],
            [
              -47.9194364,
              -22.6688132
            ],
            [
              -47.9196995,
              -22.668529
            ],
            [
              -47.9199571,
              -22.668114
            ],
            [
              -47.9202669,
              -22.6673528
            ],
            [
              -47.920349,
              -22.6670152
            ],
            [
              -47.9203677,
              -22.666025
            ],
            [
              -47.9203527,
              -22.664649
            ],
            [
              -47.9203826,
              -22.6638964
            ],
            [
              -47.9203844,
              -22.6632454
            ],
            [
              -47.9203266,
              -22.6625083
            ],
            [
              -47.9202482,
              -22.6619606
            ],
            [
              -47.9201549,
              -22.6615387
            ],
            [
              -47.9199907,
              -22.6609738
            ],
            [
              -47.9197686,
              -22.6604519
            ],
            [
              -47.9194737,
              -22.6599249
            ],
            [
              -47.9192217,
              -22.6595736
            ],
            [
              -47.9189418,
              -22.6592274
            ],
            [
              -47.9186338,
              -22.658945
            ],
            [
              -47.9184342,
              -22.6588141
            ],
            [
              -47.9179433,
              -22.6586143
            ],
            [
              -47.9175775,
              -22.6585299
            ],
            [
              -47.9173013,
              -22.6584438
            ],
            [
              -47.9170736,
              -22.6583387
            ],
            [
              -47.9163588,
              -22.6585264
            ],
            [
              -47.9156963,
              -22.6587538
            ],
            [
              -47.9153659,
              -22.6589381
            ],
            [
              -47.9147556,
              -22.6592463
            ],
            [
              -47.9142499,
              -22.659627
            ],
            [
              -47.9132943,
              -22.6603348
            ],
            [
              -47.9129211,
              -22.6605845
            ],
            [
              -47.9125273,
              -22.6608945
            ],
            [
              -47.9121633,
              -22.6610564
            ],
            [
              -47.9114709,
              -22.6613303
            ],
            [
              -47.9109446,
              -22.6615283
            ],
            [
              -47.9107207,
              -22.6616833
            ],
            [
              -47.9105919,
              -22.6616695
            ],
            [
              -47.9100899,
              -22.6619244
            ],
            [
              -47.9095878,
              -22.6623274
            ],
            [
              -47.909278,
              -22.6626392
            ],
            [
              -47.9088469,
              -22.663006
            ],
            [
              -47.9085763,
              -22.6629957
            ],
            [
              -47.9082926,
              -22.6629629
            ],
            [
              -47.9080406,
              -22.6630094
            ],
            [
              -47.9078372,
              -22.6629991
            ],
            [
              -47.9072083,
              -22.6630353
            ],
            [
              -47.906947,
              -22.6630077
            ],
            [
              -47.9067324,
              -22.6630318
            ],
            [
              -47.9060978,
              -22.6629767
            ],
            [
              -47.9053494,
              -22.6628407
            ],
            [
              -47.9046626,
              -22.6626564
            ],
            [
              -47.9039646,
              -22.6623016
            ],
            [
              -47.9033189,
              -22.6619692
            ],
            [
              -47.902158,
              -22.6614525
            ],
            [
              -47.9010812,
              -22.6610117
            ],
            [
              -47.9000789,
              -22.6606379
            ],
            [
              -47.8989629,
              -22.6603141
            ],
            [
              -47.8986948,
              -22.6602745
            ],
            [
              -47.8984012,
              -22.6602697
            ],
            [
              -47.896985,
              -22.6599988
            ],
            [
              -47.8968005,
              -22.6600179
            ],
            [
              -47.8966732,
              -22.6599484
            ],
            [
              -47.8957949,
              -22.6597302
            ],
            [
              -47.8951816,
              -22.6595288
            ],
            [
              -47.8946255,
              -22.6594185
            ],
            [
              -47.894189,
              -22.659301
            ],
            [
              -47.8934172,
              -22.65897
            ],
            [
              -47.8924064,
              -22.6584569
            ],
            [
              -47.8912397,
              -22.6577399
            ],
            [
              -47.889995,
              -22.6568622
            ],
            [
              -47.8879655,
              -22.6554282
            ],
            [
              -47.8872951,
              -22.6549031
            ],
            [
              -47.8866559,
              -22.6544594
            ],
            [
              -47.8865416,
              -22.6543275
            ],
            [
              -47.8862453,
              -22.6541669
            ],
            [
              -47.8859517,
              -22.6539463
            ],
            [
              -47.8853021,
              -22.6534163
            ],
            [
              -47.8843172,
              -22.6524403
            ],
            [
              -47.8831869,
              -22.6512556
            ],
            [
              -47.88228,
              -22.6501885
            ],
            [
              -47.8817213,
              -22.6495386
            ],
            [
              -47.8813108,
              -22.6491885
            ],
            [
              -47.8808794,
              -22.6489223
            ],
            [
              -47.8804013,
              -22.64874
            ],
            [
              -47.8795464,
              -22.6485554
            ],
            [
              -47.8787071,
              -22.6484211
            ],
            [
              -47.8774052,
              -22.6483204
            ],
            [
              -47.8749574,
              -22.6481717
            ],
            [
              -47.8747859,
              -22.6481381
            ],
            [
              -47.87397,
              -22.6481333
            ],
            [
              -47.8724342,
              -22.6481453
            ],
            [
              -47.8717378,
              -22.6481597
            ],
            [
              -47.8711818,
              -22.6483156
            ],
            [
              -47.8707816,
              -22.648505
            ],
            [
              -47.8703452,
              -22.6488204
            ],
            [
              -47.8698206,
              -22.6493078
            ],
            [
              -47.8690609,
              -22.6502528
            ],
            [
              -47.8675666,
              -22.6525332
            ],
            [
              -47.8667598,
              -22.6537219
            ],
            [
              -47.8650992,
              -22.6558954
            ],
            [
              -47.8645022,
              -22.6566533
            ],
            [
              -47.8634241,
              -22.6578219
            ],
            [
              -47.8628199,
              -22.6583828
            ],
            [
              -47.8622663,
              -22.6586799
            ],
            [
              -47.8609168,
              -22.6590772
            ],
            [
              -47.8597808,
              -22.6593043
            ],
            [
              -47.8587352,
              -22.6594078
            ],
            [
              -47.8565174,
              -22.6593677
            ],
            [
              -47.855034,
              -22.6591741
            ],
            [
              -47.8541187,
              -22.6590739
            ],
            [
              -47.8526136,
              -22.6588202
            ],
            [
              -47.8519623,
              -22.6587801
            ],
            [
              -47.8510398,
              -22.6589737
            ],
            [
              -47.8501715,
              -22.659311
            ],
            [
              -47.8497301,
              -22.6595647
            ],
            [
              -47.8490644,
              -22.6601022
            ],
            [
              -47.8485144,
              -22.6607566
            ],
            [
              -47.8476441,
              -22.6619052
            ],
            [
              -47.8472387,
              -22.6624855
            ],
            [
              -47.8468229,
              -22.6633104
            ],
            [
              -47.846402,
              -22.6637996
            ],
            [
              -47.8456028,
              -22.6643261
            ],
            [
              -47.8445504,
              -22.66488
            ],
            [
              -47.8435136,
              -22.6652061
            ],
            [
              -47.8424014,
              -22.665338
            ],
            [
              -47.8408241,
              -22.6653955
            ],
            [
              -47.8406111,
              -22.6653643
            ],
            [
              -47.8400264,
              -22.6653548
            ],
            [
              -47.839382,
              -22.6654315
            ],
            [
              -47.8385764,
              -22.665573
            ],
            [
              -47.8377969,
              -22.6657984
            ],
            [
              -47.8370199,
              -22.6660597
            ],
            [
              -47.8363105,
              -22.6664218
            ],
            [
              -47.8356219,
              -22.6669133
            ],
            [
              -47.8349489,
              -22.6675847
            ],
            [
              -47.834346,
              -22.6680283
            ],
            [
              -47.833764,
              -22.6684048
            ],
            [
              -47.8328441,
              -22.6688172
            ],
            [
              -47.8317008,
              -22.66928
            ],
            [
              -47.8308614,
              -22.6695485
            ],
            [
              -47.8294686,
              -22.6701024
            ],
            [
              -47.8284292,
              -22.6706323
            ],
            [
              -47.827104,
              -22.6714259
            ],
            [
              -47.8261218,
              -22.6719223
            ],
            [
              -47.8252175,
              -22.6724066
            ],
            [
              -47.8244301,
              -22.6728142
            ],
            [
              -47.8228762,
              -22.6736438
            ],
            [
              -47.8221512,
              -22.6739363
            ],
            [
              -47.8216237,
              -22.6740274
            ],
            [
              -47.8210729,
              -22.6740514
            ],
            [
              -47.8200776,
              -22.6739963
            ],
            [
              -47.8191578,
              -22.673862
            ],
            [
              -47.8181547,
              -22.6736486
            ],
            [
              -47.8172998,
              -22.6734136
            ],
            [
              -47.8156628,
              -22.6729077
            ],
            [
              -47.8142362,
              -22.6724641
            ],
            [
              -47.8134644,
              -22.6722028
            ],
            [
              -47.8133969,
              -22.6721572
            ],
            [
              -47.8120378,
              -22.6715794
            ],
            [
              -47.8108451,
              -22.6710519
            ],
            [
              -47.8100786,
              -22.6707498
            ],
            [
              -47.8093302,
              -22.6705148
            ],
            [
              -47.8088754,
              -22.6704021
            ],
            [
              -47.8083869,
              -22.6703493
            ],
            [
              -47.8077945,
              -22.6703733
            ],
            [
              -47.8073449,
              -22.6704692
            ],
            [
              -47.8067862,
              -22.6704716
            ],
            [
              -47.8063861,
              -22.6705244
            ],
            [
              -47.805817,
              -22.6706659
            ],
            [
              -47.8052505,
              -22.6708529
            ],
            [
              -47.8044684,
              -22.6712221
            ],
            [
              -47.8043047,
              -22.6712989
            ],
            [
              -47.8041124,
              -22.6713324
            ],
            [
              -47.8034809,
              -22.6715075
            ],
            [
              -47.8027508,
              -22.6716321
            ],
            [
              -47.802031,
              -22.6716585
            ],
            [
              -47.8014439,
              -22.6716943
            ],
            [
              -47.801114,
              -22.6717141
            ],
            [
              -47.8009035,
              -22.671698
            ],
            [
              -47.8007133,
              -22.6716947
            ],
            [
              -47.8006078,
              -22.6717005
            ],
            [
              -47.8004871,
              -22.671703
            ],
            [
              -47.8002043,
              -22.6717121
            ],
            [
              -47.7996793,
              -22.67174
            ],
            [
              -47.7992999,
              -22.6716393
            ],
            [
              -47.7989621,
              -22.6716178
            ],
            [
              -47.7986945,
              -22.6715482
            ],
            [
              -47.7975797,
              -22.6713036
            ],
            [
              -47.7970444,
              -22.6711502
            ],
            [
              -47.7967768,
              -22.6710663
            ],
            [
              -47.7961999,
              -22.6709919
            ],
            [
              -47.7953944,
              -22.6709919
            ],
            [
              -47.7949033,
              -22.6710375
            ],
            [
              -47.7940535,
              -22.6712221
            ],
            [
              -47.7930739,
              -22.671306
            ],
            [
              -47.7920891,
              -22.6712869
            ],
            [
              -47.7908002,
              -22.6712461
            ],
            [
              -47.7895633,
              -22.6712677
            ],
            [
              -47.7887318,
              -22.6713396
            ],
            [
              -47.7883498,
              -22.6713348
            ],
            [
              -47.7865231,
              -22.6712389
            ],
            [
              -47.7850471,
              -22.6710519
            ],
            [
              -47.7838596,
              -22.6708769
            ],
            [
              -47.782342,
              -22.6707666
            ],
            [
              -47.7806972,
              -22.6705843
            ],
            [
              -47.7801463,
              -22.6706035
            ],
            [
              -47.7794083,
              -22.6706635
            ],
            [
              -47.7786989,
              -22.670769
            ],
            [
              -47.7780051,
              -22.6709776
            ],
            [
              -47.777475,
              -22.6712101
            ],
            [
              -47.7770385,
              -22.671517
            ],
            [
              -47.7765889,
              -22.672011
            ],
            [
              -47.7763265,
              -22.672457
            ],
            [
              -47.776064,
              -22.6730156
            ],
            [
              -47.7758042,
              -22.673675
            ],
            [
              -47.7754872,
              -22.6745789
            ],
            [
              -47.7751883,
              -22.6753773
            ],
            [
              -47.7749961,
              -22.6765186
            ],
            [
              -47.7750091,
              -22.6773985
            ],
            [
              -47.7752195,
              -22.6781442
            ],
            [
              -47.7755573,
              -22.6788251
            ],
            [
              -47.7761004,
              -22.6800767
            ],
            [
              -47.7763317,
              -22.6809757
            ],
            [
              -47.7765084,
              -22.682292
            ],
            [
              -47.7766591,
              -22.6832582
            ],
            [
              -47.776893,
              -22.6840374
            ],
            [
              -47.7771086,
              -22.6843874
            ],
            [
              -47.7773009,
              -22.6846368
            ],
            [
              -47.7773347,
              -22.6847399
            ],
            [
              -47.777579,
              -22.6850276
            ],
            [
              -47.778291,
              -22.6858811
            ],
            [
              -47.7787951,
              -22.686665
            ],
            [
              -47.7789952,
              -22.6872476
            ],
            [
              -47.7791719,
              -22.6881347
            ],
            [
              -47.7791771,
              -22.6884679
            ],
            [
              -47.7790471,
              -22.6890577
            ],
            [
              -47.7788315,
              -22.6902468
            ],
            [
              -47.7785612,
              -22.6908869
            ],
            [
              -47.7784989,
              -22.6912441
            ],
            [
              -47.7785015,
              -22.6915677
            ],
            [
              -47.7785248,
              -22.6920304
            ],
            [
              -47.7786937,
              -22.6924236
            ],
            [
              -47.7787749,
              -22.6927021
            ],
            [
              -47.7789182,
              -22.6929351
            ],
            [
              -47.7791009,
              -22.6931568
            ],
            [
              -47.7791555,
              -22.693303
            ],
            [
              -47.7792543,
              -22.6934708
            ],
            [
              -47.7792465,
              -22.6936003
            ],
            [
              -47.7792231,
              -22.6937465
            ],
            [
              -47.7788964,
              -22.6944206
            ],
            [
              -47.7785248,
              -22.6950127
            ],
            [
              -47.7785092,
              -22.695111
            ],
            [
              -47.7783793,
              -22.6952285
            ],
            [
              -47.7782728,
              -22.6952788
            ],
            [
              -47.7780727,
              -22.6956097
            ],
            [
              -47.7772983,
              -22.6962977
            ],
            [
              -47.7764278,
              -22.696861
            ],
            [
              -47.7756249,
              -22.697446
            ],
            [
              -47.7752299,
              -22.6978367
            ],
            [
              -47.7747544,
              -22.6981891
            ],
            [
              -47.7744868,
              -22.6982826
            ],
            [
              -47.774058,
              -22.6984984
            ],
            [
              -47.7737722,
              -22.6987141
            ],
            [
              -47.7735643,
              -22.6988244
            ],
            [
              -47.7732057,
              -22.6989011
            ],
            [
              -47.7725561,
              -22.698973
            ],
            [
              -47.7716648,
              -22.6989994
            ],
            [
              -47.7710073,
              -22.6989778
            ],
            [
              -47.7706124,
              -22.6989035
            ],
            [
              -47.7700563,
              -22.6989275
            ],
            [
              -47.769586,
              -22.6989107
            ],
            [
              -47.7686947,
              -22.698623
            ],
            [
              -47.7684062,
              -22.6985943
            ],
            [
              -47.7679775,
              -22.6984025
            ],
            [
              -47.7675435,
              -22.69811
            ],
            [
              -47.7670732,
              -22.6975586
            ],
            [
              -47.7666341,
              -22.6969018
            ],
            [
              -47.7663716,
              -22.6963288
            ],
            [
              -47.7659896,
              -22.6957847
            ],
            [
              -47.7657064,
              -22.6951302
            ],
            [
              -47.7653452,
              -22.6944182
            ],
            [
              -47.7649632,
              -22.6937685
            ],
            [
              -47.7645994,
              -22.6929942
            ],
            [
              -47.7643344,
              -22.6926657
            ],
            [
              -47.7641421,
              -22.6922989
            ],
            [
              -47.7636847,
              -22.6917499
            ],
            [
              -47.7633495,
              -22.691352
            ],
            [
              -47.762861,
              -22.6906112
            ],
            [
              -47.7625206,
              -22.6899519
            ],
            [
              -47.7622789,
              -22.6893166
            ],
            [
              -47.7621334,
              -22.6885542
            ],
            [
              -47.7620763,
              -22.6879357
            ],
            [
              -47.7620321,
              -22.6873459
            ],
            [
              -47.7620399,
              -22.6870654
            ],
            [
              -47.7620607,
              -22.6869599
            ],
            [
              -47.7621282,
              -22.6868784
            ],
            [
              -47.7621672,
              -22.6867393
            ],
            [
              -47.7621458,
              -22.6863381
            ],
            [
              -47.7621308,
              -22.6860561
            ],
            [
              -47.7621932,
              -22.6856797
            ],
            [
              -47.7621542,
              -22.6853033
            ],
            [
              -47.7620191,
              -22.6849005
            ],
            [
              -47.7618524,
              -22.6845447
            ],
            [
              -47.761754,
              -22.6843347
            ],
            [
              -47.7614474,
              -22.6839127
            ],
            [
              -47.7612785,
              -22.6836682
            ],
            [
              -47.761185,
              -22.6833229
            ],
            [
              -47.76112,
              -22.682829
            ],
            [
              -47.7608784,
              -22.682105
            ],
            [
              -47.7607276,
              -22.6816447
            ],
            [
              -47.7604808,
              -22.6811747
            ],
            [
              -47.7602287,
              -22.6808223
            ],
            [
              -47.7599871,
              -22.680513
            ],
            [
              -47.759709,
              -22.6799855
            ],
            [
              -47.7595229,
              -22.6795798
            ],
            [
              -47.7593137,
              -22.6792585
            ],
            [
              -47.759111,
              -22.6789876
            ],
            [
              -47.7587706,
              -22.6784026
            ],
            [
              -47.7583432,
              -22.6777204
            ],
            [
              -47.7580041,
              -22.6772157
            ],
            [
              -47.7579508,
              -22.6771594
            ],
            [
              -47.7579352,
              -22.6770467
            ],
            [
              -47.7576442,
              -22.6765396
            ],
            [
              -47.7574051,
              -22.6762051
            ],
            [
              -47.7570803,
              -22.6758551
            ],
            [
              -47.7568711,
              -22.6756285
            ],
            [
              -47.7565242,
              -22.675312
            ],
            [
              -47.7564826,
              -22.6752497
            ],
            [
              -47.7563163,
              -22.6751574
            ],
            [
              -47.7560383,
              -22.6750758
            ],
            [
              -47.7553354,
              -22.6749608
            ],
            [
              -47.7551314,
              -22.6749572
            ],
            [
              -47.7548196,
              -22.6749679
            ],
            [
              -47.7542258,
              -22.6750087
            ],
            [
              -47.7540504,
              -22.675071
            ],
            [
              -47.7537451,
              -22.6750962
            ],
            [
              -47.7533709,
              -22.6751897
            ],
            [
              -47.7529669,
              -22.6754583
            ],
            [
              -47.7525381,
              -22.6758874
            ],
            [
              -47.7522003,
              -22.6762819
            ],
            [
              -47.751778,
              -22.6767506
            ],
            [
              -47.7514888,
              -22.6771064
            ],
            [
              -47.7512646,
              -22.6774827
            ],
            [
              -47.7509853,
              -22.6779981
            ],
            [
              -47.7504525,
              -22.6787339
            ],
            [
              -47.7497929,
              -22.679624
            ],
            [
              -47.7494897,
              -22.6801614
            ],
            [
              -47.7487152,
              -22.6799963
            ],
            [
              -47.7490753,
              -22.6791486
            ],
            [
              -47.7494943,
              -22.6784552
            ],
            [
              -47.75013,
              -22.6775533
            ],
            [
              -47.750797,
              -22.6766157
            ],
            [
              -47.7511293,
              -22.676128
            ],
            [
              -47.7514162,
              -22.675707
            ],
            [
              -47.7520005,
              -22.6749715
            ],
            [
              -47.7525058,
              -22.6745185
            ],
            [
              -47.7526032,
              -22.6744354
            ],
            [
              -47.753182,
              -22.6741913
            ],
            [
              -47.753397,
              -22.6741336
            ],
            [
              -47.7540658,
              -22.6741828
            ],
            [
              -47.754854,
              -22.6741591
            ],
            [
              -47.7554071,
              -22.6741811
            ],
            [
              -47.7561329,
              -22.6743659
            ],
            [
              -47.7566198,
              -22.6744948
            ],
            [
              -47.7568973,
              -22.6746677
            ],
            [
              -47.7573217,
              -22.6751628
            ],
            [
              -47.7580107,
              -22.6758257
            ],
            [
              -47.7584756,
              -22.6764631
            ],
            [
              -47.7587953,
              -22.677026
            ],
            [
              -47.7592381,
              -22.6776651
            ],
            [
              -47.7596405,
              -22.678206
            ],
            [
              -47.7599658,
              -22.6786535
            ],
            [
              -47.7600723,
              -22.6788672
            ],
            [
              -47.7606548,
              -22.6796284
            ],
            [
              -47.7609561,
              -22.6800692
            ],
            [
              -47.7612722,
              -22.6807032
            ],
            [
              -47.7616672,
              -22.6816119
            ],
            [
              -47.7618381,
              -22.6821832
            ],
            [
              -47.7622184,
              -22.683292
            ],
            [
              -47.7626319,
              -22.6842702
            ],
            [
              -47.7628542,
              -22.6848042
            ],
            [
              -47.7629791,
              -22.6851788
            ],
            [
              -47.7630012,
              -22.6855603
            ],
            [
              -47.7629699,
              -22.6861824
            ],
            [
              -47.7629369,
              -22.6867978
            ],
            [
              -47.7628266,
              -22.6869707
            ],
            [
              -47.7628468,
              -22.6873047
            ],
            [
              -47.7628818,
              -22.6876115
            ],
            [
              -47.7629369,
              -22.688193
            ],
            [
              -47.7629846,
              -22.6885202
            ],
            [
              -47.7629387,
              -22.688588
            ],
            [
              -47.7629626,
              -22.6887694
            ],
            [
              -47.763049,
              -22.6888779
            ],
            [
              -47.7632051,
              -22.6894186
            ],
            [
              -47.763433,
              -22.6900408
            ],
            [
              -47.7636645,
              -22.6904561
            ],
            [
              -47.7641698,
              -22.6911901
            ],
            [
              -47.7650095,
              -22.6921479
            ],
            [
              -47.7653476,
              -22.6926531
            ],
            [
              -47.7657353,
              -22.6933668
            ],
            [
              -47.7661983,
              -22.6943534
            ],
            [
              -47.7663912,
              -22.6948382
            ],
            [
              -47.7667918,
              -22.6954281
            ],
            [
              -47.7671777,
              -22.6962994
            ],
            [
              -47.7674974,
              -22.6968249
            ],
            [
              -47.7680412,
              -22.6974826
            ],
            [
              -47.7685079,
              -22.697825
            ],
            [
              -47.7687615,
              -22.6979521
            ],
            [
              -47.7696637,
              -22.6982573
            ],
            [
              -47.7701543,
              -22.6983166
            ],
            [
              -47.7710326,
              -22.6983234
            ],
            [
              -47.7721938,
              -22.6982505
            ],
            [
              -47.7731327,
              -22.6980911
            ],
            [
              -47.7738328,
              -22.6978555
            ],
            [
              -47.774746,
              -22.6973385
            ],
            [
              -47.7754828,
              -22.6967605
            ],
            [
              -47.7763391,
              -22.6960807
            ],
            [
              -47.7775003,
              -22.6950721
            ],
            [
              -47.7778255,
              -22.6947755
            ],
            [
              -47.7781669,
              -22.6944089
            ],
            [
              -47.7783876,
              -22.6940135
            ],
            [
              -47.7785062,
              -22.6936012
            ],
            [
              -47.7784805,
              -22.693369
            ],
            [
              -47.7782989,
              -22.6929398
            ],
            [
              -47.7780505,
              -22.6926702
            ],
            [
              -47.77791,
              -22.6923039
            ],
            [
              -47.7778329,
              -22.6917818
            ],
            [
              -47.7777759,
              -22.6911952
            ],
            [
              -47.7778145,
              -22.6906697
            ],
            [
              -47.7778641,
              -22.6900713
            ],
            [
              -47.7780093,
              -22.6895695
            ],
            [
              -47.7782371,
              -22.689061
            ],
            [
              -47.7782775,
              -22.6886558
            ],
            [
              -47.7783382,
              -22.688093
            ],
            [
              -47.7783382,
              -22.6875251
            ],
            [
              -47.7782389,
              -22.687186
            ],
            [
              -47.7780479,
              -22.6868012
            ],
            [
              -47.7776877,
              -22.6862808
            ],
            [
              -47.7772927,
              -22.6858044
            ],
            [
              -47.77678,
              -22.6851788
            ],
            [
              -47.7764346,
              -22.6846279
            ],
            [
              -47.77626,
              -22.6842481
            ],
            [
              -47.7760855,
              -22.6837751
            ],
            [
              -47.7759789,
              -22.6831106
            ],
            [
              -47.7759238,
              -22.6825376
            ],
            [
              -47.7758374,
              -22.6822188
            ],
            [
              -47.7757015,
              -22.6818391
            ],
            [
              -47.7755728,
              -22.6813407
            ],
            [
              -47.7754461,
              -22.6807541
            ],
            [
              -47.7752531,
              -22.6801844
            ],
            [
              -47.7749573,
              -22.6794927
            ],
            [
              -47.7745586,
              -22.6785891
            ],
            [
              -47.7744024,
              -22.6780856
            ],
            [
              -47.7743289,
              -22.6776906
            ],
            [
              -47.7743124,
              -22.6770056
            ],
            [
              -47.7743344,
              -22.6761393
            ],
            [
              -47.7744281,
              -22.6752357
            ],
            [
              -47.7744226,
              -22.6748745
            ],
            [
              -47.77443,
              -22.6747491
            ],
            [
              -47.7746027,
              -22.6742405
            ],
            [
              -47.7746799,
              -22.6739743
            ],
            [
              -47.7751521,
              -22.6729248
            ],
            [
              -47.7754589,
              -22.6723433
            ],
            [
              -47.7756941,
              -22.6718974
            ],
            [
              -47.7760396,
              -22.6714023
            ],
            [
              -47.7763998,
              -22.6710783
            ],
            [
              -47.7765485,
              -22.6709445
            ],
            [
              -47.7771126,
              -22.6705597
            ],
            [
              -47.7776473,
              -22.6702545
            ],
            [
              -47.7779762,
              -22.6700883
            ],
            [
              -47.7785697,
              -22.6699086
            ],
            [
              -47.7789702,
              -22.6698323
            ],
            [
              -47.779549,
              -22.6698764
            ],
            [
              -47.7800874,
              -22.6698594
            ],
            [
              -47.7809363,
              -22.6699307
            ],
            [
              -47.7815224,
              -22.6700019
            ],
            [
              -47.7823309,
              -22.6700985
            ],
            [
              -47.7830851,
              -22.6701297
            ],
            [
              -47.78311,
              -22.6701307
            ],
            [
              -47.7840581,
              -22.6701612
            ],
            [
              -47.7848886,
              -22.6702764
            ],
            [
              -47.7850246,
              -22.6702952
            ],
            [
              -47.7860719,
              -22.6704478
            ],
            [
              -47.7861086,
              -22.6704481
            ],
            [
              -47.787088,
              -22.6704562
            ],
            [
              -47.7882869,
              -22.6704814
            ],
            [
              -47.789653,
              -22.670463
            ],
            [
              -47.7907169,
              -22.6705461
            ],
            [
              -47.7916338,
              -22.6705156
            ],
            [
              -47.7918503,
              -22.6705222
            ],
            [
              -47.7925837,
              -22.6705444
            ],
            [
              -47.7935116,
              -22.6704817
            ],
            [
              -47.7945828,
              -22.670307
            ],
            [
              -47.795259,
              -22.6702291
            ],
            [
              -47.7954372,
              -22.670207
            ],
            [
              -47.7961281,
              -22.670302
            ],
            [
              -47.7965783,
              -22.6703257
            ],
            [
              -47.7977028,
              -22.6705122
            ],
            [
              -47.7979876,
              -22.67068
            ],
            [
              -47.7983238,
              -22.6707377
            ],
            [
              -47.7994245,
              -22.6709666
            ],
            [
              -47.7998783,
              -22.6710005
            ],
            [
              -47.8005065,
              -22.6709781
            ],
            [
              -47.8006069,
              -22.6709748
            ],
            [
              -47.8006923,
              -22.6709801
            ],
            [
              -47.8008448,
              -22.671048
            ],
            [
              -47.8016771,
              -22.6709751
            ],
            [
              -47.802221,
              -22.6708733
            ],
            [
              -47.8030368,
              -22.6707343
            ],
            [
              -47.8035054,
              -22.6705563
            ],
            [
              -47.8037332,
              -22.6705207
            ],
            [
              -47.8044112,
              -22.6702545
            ],
            [
              -47.8049496,
              -22.670029
            ],
            [
              -47.805374,
              -22.6699951
            ],
            [
              -47.8056625,
              -22.6698561
            ],
            [
              -47.8063001,
              -22.6697577
            ],
            [
              -47.8070718,
              -22.6696509
            ],
            [
              -47.807533,
              -22.6696458
            ],
            [
              -47.8079795,
              -22.6695899
            ],
            [
              -47.8081504,
              -22.6696306
            ],
            [
              -47.8083966,
              -22.6696339
            ],
            [
              -47.8085859,
              -22.6697458
            ],
            [
              -47.8090764,
              -22.6697153
            ],
            [
              -47.8097673,
              -22.6698255
            ],
            [
              -47.8103939,
              -22.6700714
            ],
            [
              -47.8110572,
              -22.6703511
            ],
            [
              -47.8122056,
              -22.6708801
            ],
            [
              -47.8137178,
              -22.6715278
            ],
            [
              -47.8155423,
              -22.6721127
            ],
            [
              -47.8165382,
              -22.672462
            ],
            [
              -47.8177914,
              -22.6727841
            ],
            [
              -47.8182158,
              -22.6729129
            ],
            [
              -47.8188497,
              -22.6730299
            ],
            [
              -47.8194175,
              -22.6730842
            ],
            [
              -47.8197684,
              -22.6731774
            ],
            [
              -47.8204593,
              -22.6732419
            ],
            [
              -47.8214827,
              -22.6732961
            ],
            [
              -47.8220762,
              -22.6732215
            ],
            [
              -47.8226954,
              -22.6730588
            ],
            [
              -47.8229527,
              -22.6729333
            ],
            [
              -47.8231125,
              -22.6728197
            ],
            [
              -47.8234837,
              -22.6726129
            ],
            [
              -47.8238604,
              -22.6723975
            ],
            [
              -47.8245604,
              -22.6719415
            ],
            [
              -47.8250951,
              -22.6716075
            ],
            [
              -47.8254424,
              -22.671482
            ],
            [
              -47.8256096,
              -22.6713447
            ],
            [
              -47.8260928,
              -22.6711005
            ],
            [
              -47.8263942,
              -22.6708954
            ],
            [
              -47.8271732,
              -22.6703986
            ],
            [
              -47.8279891,
              -22.6699408
            ],
            [
              -47.8288453,
              -22.6695
            ],
            [
              -47.8296556,
              -22.6692016
            ],
            [
              -47.8305118,
              -22.668932
            ],
            [
              -47.8313332,
              -22.6685302
            ],
            [
              -47.8321049,
              -22.668225
            ],
            [
              -47.8332753,
              -22.6676723
            ],
            [
              -47.8340489,
              -22.6671941
            ],
            [
              -47.8346203,
              -22.6667906
            ],
            [
              -47.8352873,
              -22.666243
            ],
            [
              -47.8356842,
              -22.6659717
            ],
            [
              -47.8360296,
              -22.6657377
            ],
            [
              -47.8366856,
              -22.6653664
            ],
            [
              -47.8375069,
              -22.6649764
            ],
            [
              -47.8380839,
              -22.6649713
            ],
            [
              -47.838308,
              -22.6649052
            ],
            [
              -47.8390779,
              -22.6647679
            ],
            [
              -47.8399433,
              -22.6646543
            ],
            [
              -47.8409778,
              -22.6645847
            ],
            [
              -47.8421538,
              -22.6645254
            ],
            [
              -47.8432544,
              -22.6645271
            ],
            [
              -47.8437211,
              -22.664444
            ],
            [
              -47.8444983,
              -22.6641236
            ],
            [
              -47.8451965,
              -22.6637268
            ],
            [
              -47.8457845,
              -22.663364
            ],
            [
              -47.8461924,
              -22.6629689
            ],
            [
              -47.8465673,
              -22.6624602
            ],
            [
              -47.8469494,
              -22.6618837
            ],
            [
              -47.8472949,
              -22.6612615
            ],
            [
              -47.8478424,
              -22.6605968
            ],
            [
              -47.8482338,
              -22.6600661
            ],
            [
              -47.8486766,
              -22.6595591
            ],
            [
              -47.8490864,
              -22.6591911
            ],
            [
              -47.8491525,
              -22.6591437
            ],
            [
              -47.8495035,
              -22.658908
            ],
            [
              -47.8498213,
              -22.6587825
            ],
            [
              -47.8506463,
              -22.6584807
            ],
            [
              -47.8514842,
              -22.6582077
            ],
            [
              -47.8523423,
              -22.6581772
            ],
            [
              -47.8528898,
              -22.6583298
            ],
            [
              -47.8536707,
              -22.6584654
            ],
            [
              -47.8546262,
              -22.6585078
            ],
            [
              -47.8555706,
              -22.6585468
            ],
            [
              -47.8562229,
              -22.6585841
            ],
            [
              -47.8569175,
              -22.6586079
            ],
            [
              -47.8577186,
              -22.6585858
            ],
            [
              -47.8589699,
              -22.6585638
            ],
            [
              -47.8599014,
              -22.6584332
            ],
            [
              -47.860008,
              -22.6583976
            ],
            [
              -47.8606934,
              -22.6582857
            ],
            [
              -47.8616305,
              -22.6580653
            ],
            [
              -47.8624206,
              -22.6577651
            ],
            [
              -47.8629258,
              -22.6574057
            ],
            [
              -47.8633576,
              -22.6569055
            ],
            [
              -47.863953,
              -22.6561933
            ],
            [
              -47.8647908,
              -22.6550352
            ],
            [
              -47.8655699,
              -22.6539991
            ],
            [
              -47.8663967,
              -22.6528088
            ],
            [
              -47.8667955,
              -22.6520813
            ],
            [
              -47.8675911,
              -22.6509859
            ],
            [
              -47.8680449,
              -22.6503754
            ],
            [
              -47.8687817,
              -22.6492936
            ],
            [
              -47.8690555,
              -22.6489307
            ],
            [
              -47.8694267,
              -22.6485254
            ],
            [
              -47.8698033,
              -22.6481235
            ],
            [
              -47.8701139,
              -22.6478709
            ],
            [
              -47.8705769,
              -22.6477946
            ],
            [
              -47.8712678,
              -22.6475843
            ],
            [
              -47.8719439,
              -22.6474113
            ],
            [
              -47.8724198,
              -22.6474181
            ],
            [
              -47.8729674,
              -22.6474469
            ],
            [
              -47.8733368,
              -22.6473368
            ],
            [
              -47.873763,
              -22.6474135
            ],
            [
              -47.8743269,
              -22.6473416
            ],
            [
              -47.8751038,
              -22.6473584
            ],
            [
              -47.8754261,
              -22.6474591
            ],
            [
              -47.8756625,
              -22.6474399
            ],
            [
              -47.8760523,
              -22.647507
            ],
            [
              -47.8767929,
              -22.6475382
            ],
            [
              -47.8786404,
              -22.6476701
            ],
            [
              -47.8797032,
              -22.647778
            ],
            [
              -47.8808154,
              -22.6481641
            ],
            [
              -47.8816001,
              -22.6485502
            ],
            [
              -47.8821692,
              -22.6491665
            ],
            [
              -47.8830449,
              -22.650097
            ],
            [
              -47.8836555,
              -22.6507997
            ],
            [
              -47.8843389,
              -22.6513896
            ],
            [
              -47.8855291,
              -22.6524519
            ],
            [
              -47.8860566,
              -22.6528572
            ],
            [
              -47.8861449,
              -22.6530634
            ],
            [
              -47.886332,
              -22.653061
            ],
            [
              -47.8864359,
              -22.6531761
            ],
            [
              -47.8875585,
              -22.6540538
            ],
            [
              -47.8879821,
              -22.6543704
            ],
            [
              -47.8890708,
              -22.6551545
            ],
            [
              -47.8904506,
              -22.6562096
            ],
            [
              -47.8909106,
              -22.6565142
            ],
            [
              -47.8920903,
              -22.6572432
            ],
            [
              -47.8932077,
              -22.6579554
            ],
            [
              -47.8935481,
              -22.6581208
            ],
            [
              -47.8940054,
              -22.6583294
            ],
            [
              -47.8947876,
              -22.6586292
            ],
            [
              -47.8958529,
              -22.6590105
            ],
            [
              -47.8967234,
              -22.6592383
            ],
            [
              -47.8974432,
              -22.6593797
            ],
            [
              -47.8993038,
              -22.6595788
            ],
            [
              -47.8999725,
              -22.6597214
            ],
            [
              -47.9010214,
              -22.6601313
            ],
            [
              -47.9021915,
              -22.6606135
            ],
            [
              -47.9027056,
              -22.6608163
            ],
            [
              -47.90357,
              -22.661279
            ],
            [
              -47.9043909,
              -22.6615908
            ],
            [
              -47.9051273,
              -22.6619501
            ],
            [
              -47.9055509,
              -22.6621059
            ],
            [
              -47.9059771,
              -22.6622107
            ],
            [
              -47.9066145,
              -22.6622801
            ],
            [
              -47.9072915,
              -22.6622703
            ],
            [
              -47.9078669,
              -22.6621973
            ],
            [
              -47.9085373,
              -22.6620572
            ],
            [
              -47.9092288,
              -22.6618417
            ],
            [
              -47.9097488,
              -22.6615141
            ],
            [
              -47.9100972,
              -22.6611975
            ],
            [
              -47.9105089,
              -22.6608954
            ],
            [
              -47.910695,
              -22.6607517
            ],
            [
              -47.9108996,
              -22.6606592
            ],
            [
              -47.9111846,
              -22.6605873
            ],
            [
              -47.9116689,
              -22.6603316
            ],
            [
              -47.9120503,
              -22.6600819
            ],
            [
              -47.9126019,
              -22.6597763
            ],
            [
              -47.9132578,
              -22.6593707
            ],
            [
              -47.9134571,
              -22.6591783
            ],
            [
              -47.9140457,
              -22.6587557
            ],
            [
              -47.9147926,
              -22.6583295
            ],
            [
              -47.9149114,
              -22.6582723
            ],
            [
              -47.9156451,
              -22.6578947
            ],
            [
              -47.9162693,
              -22.6576609
            ],
            [
              -47.9165874,
              -22.6575294
            ],
            [
              -47.9167524,
              -22.6575574
            ],
            [
              -47.9172776,
              -22.6578314
            ],
            [
              -47.9175494,
              -22.657902
            ],
            [
              -47.9179203,
              -22.6579252
            ],
            [
              -47.9182951,
              -22.6579946
            ],
            [
              -47.9187609,
              -22.65812
            ],
            [
              -47.9189668,
              -22.6582321
            ],
            [
              -47.9192914,
              -22.6585268
            ],
            [
              -47.9196451,
              -22.6589762
            ],
            [
              -47.9198246,
              -22.6592161
            ],
            [
              -47.9202284,
              -22.6599541
            ],
            [
              -47.9205082,
              -22.660289
            ],
            [
              -47.9206441,
              -22.6605776
            ],
            [
              -47.9207259,
              -22.6608394
            ],
            [
              -47.9207418,
              -22.6610903
            ],
            [
              -47.9208447,
              -22.6612912
            ],
            [
              -47.9209542,
              -22.6617394
            ],
            [
              -47.9210162,
              -22.6620718
            ],
            [
              -47.9210915,
              -22.662587
            ],
            [
              -47.9211139,
              -22.6630558
            ],
            [
              -47.9211218,
              -22.6634577
            ],
            [
              -47.9211825,
              -22.6642261
            ],
            [
              -47.921201,
              -22.6648569
            ],
            [
              -47.9212221,
              -22.6656192
            ],
            [
              -47.9212234,
              -22.6663523
            ],
            [
              -47.921205,
              -22.6669234
            ],
            [
              -47.9211456,
              -22.667251
            ],
            [
              -47.9209833,
              -22.6677101
            ],
            [
              -47.9207695,
              -22.6682203
            ],
            [
              -47.9205979,
              -22.6685199
            ],
            [
              -47.920334,
              -22.6688657
            ],
            [
              -47.9199922,
              -22.6692079
            ],
            [
              -47.9195989,
              -22.6695294
            ],
            [
              -47.9192993,
              -22.6697194
            ],
            [
              -47.9188097,
              -22.6699544
            ],
            [
              -47.9186883,
              -22.6701492
            ],
            [
              -47.9185616,
              -22.6703611
            ],
            [
              -47.918233,
              -22.6706132
            ],
            [
              -47.9179361,
              -22.6709249
            ],
            [
              -47.9175508,
              -22.671289
            ],
            [
              -47.917242,
              -22.6716239
            ],
            [
              -47.9168104,
              -22.6719916
            ],
            [
              -47.9161506,
              -22.6725104
            ],
            [
              -47.9155118,
              -22.6730182
            ],
            [
              -47.9151041,
              -22.6732288
            ],
            [
              -47.9145313,
              -22.6734651
            ],
            [
              -47.9141935,
              -22.6736891
            ],
            [
              -47.9134109,
              -22.6743357
            ],
            [
              -47.9128144,
              -22.6748386
            ],
            [
              -47.9120094,
              -22.6755802
            ],
            [
              -47.9116293,
              -22.6759077
            ],
            [
              -47.9112941,
              -22.6761476
            ],
            [
              -47.9107966,
              -22.6764569
            ],
            [
              -47.9101262,
              -22.6768904
            ],
            [
              -47.9092262,
              -22.6774115
            ],
            [
              -47.9081731,
              -22.6778463
            ],
            [
              -47.9078788,
              -22.6779473
            ],
            [
              -47.9077336,
              -22.6779656
            ],
            [
              -47.9072915,
              -22.6781568
            ],
            [
              -47.906538,
              -22.6784819
            ],
            [
              -47.906348,
              -22.6785488
            ],
            [
              -47.9061329,
              -22.6786913
            ],
            [
              -47.9058834,
              -22.6788325
            ],
            [
              -47.9055693,
              -22.6790895
            ],
            [
              -47.9052421,
              -22.6794158
            ],
            [
              -47.9049715,
              -22.6797762
            ],
            [
              -47.9048343,
              -22.6800404
            ],
            [
              -47.904653,
              -22.6806954
            ],
            [
              -47.9045632,
              -22.6814089
            ],
            [
              -47.9045408,
              -22.6819012
            ],
            [
              -47.9045659,
              -22.6821459
            ],
            [
              -47.9045553,
              -22.682275
            ],
            [
              -47.904649,
              -22.6827218
            ],
            [
              -47.9047348,
              -22.6830372
            ],
            [
              -47.9048641,
              -22.6833793
            ],
            [
              -47.9050225,
              -22.6838128
            ],
            [
              -47.9052086,
              -22.6842682
            ],
            [
              -47.9055121,
              -22.6849367
            ],
            [
              -47.9057747,
              -22.6855832
            ],
            [
              -47.9058724,
              -22.6857975
            ],
            [
              -47.906197,
              -22.6864221
            ],
            [
              -47.9063778,
              -22.6868909
            ],
            [
              -47.9065692,
              -22.6874096
            ],
            [
              -47.9068898,
              -22.6880719
            ],
            [
              -47.9073979,
              -22.6889583
            ],
            [
              -47.9076671,
              -22.6893199
            ],
            [
              -47.9080564,
              -22.6897436
            ],
            [
              -47.9085408,
              -22.6901685
            ],
            [
              -47.9089459,
              -22.690462
            ],
            [
              -47.9093365,
              -22.6907274
            ],
            [
              -47.9098077,
              -22.6909624
            ],
            [
              -47.9104662,
              -22.6912607
            ],
            [
              -47.911295,
              -22.6915821
            ],
            [
              -47.9121171,
              -22.6918573
            ],
            [
              -47.9130567,
              -22.6920277
            ],
            [
              -47.9139462,
              -22.6920606
            ],
            [
              -47.9145057,
              -22.6920314
            ],
            [
              -47.9151986,
              -22.691895
            ],
            [
              -47.9158558,
              -22.6916235
            ],
            [
              -47.9163335,
              -22.6913727
            ],
            [
              -47.9165239,
              -22.6913255
            ],
            [
              -47.9166493,
              -22.6911416
            ],
            [
              -47.9172986,
              -22.6907167
            ],
            [
              -47.9173923,
              -22.690696
            ],
            [
              -47.9179188,
              -22.6902747
            ],
            [
              -47.9182593,
              -22.6900568
            ],
            [
              -47.9184823,
              -22.6898474
            ],
            [
              -47.918609,
              -22.6898547
            ],
            [
              -47.9186499,
              -22.6898194
            ],
            [
              -47.9186407,
              -22.689756
            ],
            [
              -47.9186948,
              -22.6897073
            ],
            [
              -47.9187964,
              -22.6897061
            ],
            [
              -47.9190867,
              -22.6894699
            ],
            [
              -47.9192952,
              -22.689336
            ],
            [
              -47.9200422,
              -22.6887126
            ],
            [
              -47.9212478,
              -22.6877523
            ],
            [
              -47.9222332,
              -22.6869723
            ],
            [
              -47.922976,
              -22.6863318
            ],
            [
              -47.9234762,
              -22.6857756
            ],
            [
              -47.9243832,
              -22.6847304
            ],
            [
              -47.9251036,
              -22.6837282
            ],
            [
              -47.9259733,
              -22.6824161
            ],
            [
              -47.9266433,
              -22.6814449
            ],
            [
              -47.9273357,
              -22.680391
            ],
            [
              -47.928002,
              -22.679456
            ],
            [
              -47.9287187,
              -22.6784451
            ],
            [
              -47.9292356,
              -22.677672
            ],
            [
              -47.9297153,
              -22.6767507
            ],
            [
              -47.9298683,
              -22.6762754
            ],
            [
              -47.9300232,
              -22.6756107
            ],
            [
              -47.9300624,
              -22.6751991
            ],
            [
              -47.9300717,
              -22.6747858
            ],
            [
              -47.9300064,
              -22.6741056
            ],
            [
              -47.9299,
              -22.6735063
            ],
            [
              -47.9298123,
              -22.6732342
            ],
            [
              -47.9295734,
              -22.6725023
            ],
            [
              -47.9294521,
              -22.6718944
            ],
            [
              -47.9292767,
              -22.6708474
            ],
            [
              -47.9290956,
              -22.669976
            ],
            [
              -47.9289781,
              -22.6695317
            ],
            [
              -47.9288624,
              -22.6688859
            ],
            [
              -47.9288008,
              -22.668321
            ],
            [
              -47.9288064,
              -22.6679473
            ],
            [
              -47.9288082,
              -22.6675564
            ],
            [
              -47.9288325,
              -22.6668985
            ],
            [
              -47.9289314,
              -22.6662544
            ],
            [
              -47.9289128,
              -22.6657963
            ],
            [
              -47.9289165,
              -22.665259
            ],
            [
              -47.9288829,
              -22.6647269
            ],
            [
              -47.9289519,
              -22.6640724
            ],
            [
              -47.9288848,
              -22.6637383
            ],
            [
              -47.9288269,
              -22.6631218
            ],
            [
              -47.9286832,
              -22.6625173
            ],
            [
              -47.9283846,
              -22.6617974
            ],
            [
              -47.9279777,
              -22.6610189
            ],
            [
              -47.9276306,
              -22.6605074
            ],
            [
              -47.9272032,
              -22.6597238
            ],
            [
              -47.9269494,
              -22.6591916
            ],
            [
              -47.9267142,
              -22.6586216
            ],
            [
              -47.9262887,
              -22.6575004
            ],
            [
              -47.926089,
              -22.6568941
            ],
            [
              -47.92602,
              -22.6566341
            ],
            [
              -47.926005,
              -22.6565497
            ],
            [
              -47.9259826,
              -22.6562207
            ],
            [
              -47.925992,
              -22.6559245
            ],
            [
              -47.9260554,
              -22.655599
            ],
            [
              -47.9262105,
              -22.6552979
            ],
            [
              -47.9264567,
              -22.6547632
            ],
            [
              -47.9266203,
              -22.6546097
            ],
            [
              -47.9268447,
              -22.6541689
            ],
            [
              -47.9271033,
              -22.6537426
            ],
            [
              -47.9276787,
              -22.6531605
            ],
            [
              -47.9281353,
              -22.6528341
            ],
            [
              -47.9284864,
              -22.6526563
            ],
            [
              -47.9288506,
              -22.6525345
            ],
            [
              -47.9294101,
              -22.6521813
            ],
            [
              -47.9300805,
              -22.6517891
            ],
            [
              -47.9305187,
              -22.6516966
            ],
            [
              -47.9309858,
              -22.6517039
            ],
            [
              -47.9314002,
              -22.6518232
            ],
            [
              -47.9314556,
              -22.6519742
            ],
            [
              -47.9316694,
              -22.6521935
            ],
            [
              -47.9317301,
              -22.6522592
            ],
            [
              -47.9316246,
              -22.6523274
            ],
            [
              -47.9314556,
              -22.6528487
            ],
            [
              -47.931263,
              -22.6530314
            ],
            [
              -47.9312603,
              -22.6531264
            ],
            [
              -47.9313474,
              -22.653404
            ],
            [
              -47.9312984,
              -22.6536615
            ],
            [
              -47.9311057,
              -22.6540061
            ],
            [
              -47.9309051,
              -22.6541535
            ],
            [
              -47.9307943,
              -22.6544214
            ],
            [
              -47.9307982,
              -22.6547295
            ],
            [
              -47.9308972,
              -22.6556563
            ],
            [
              -47.9308972,
              -22.6557647
            ],
            [
              -47.9308365,
              -22.6559169
            ],
            [
              -47.9307705,
              -22.6560034
            ],
            [
              -47.9305897,
              -22.6560058
            ],
            [
              -47.930496,
              -22.6560619
            ],
            [
              -47.9304155,
              -22.6562445
            ],
            [
              -47.9303535,
              -22.6565831
            ],
            [
              -47.9302835,
              -22.6567621
            ],
            [
              -47.9303073,
              -22.6571579
            ],
            [
              -47.9303376,
              -22.6575281
            ],
            [
              -47.9304393,
              -22.6580555
            ],
            [
              -47.9304986,
              -22.658254
            ],
            [
              -47.9306082,
              -22.6586571
            ],
            [
              -47.9307111,
              -22.658953
            ],
            [
              -47.930847,
              -22.6591832
            ],
            [
              -47.9311017,
              -22.6594791
            ],
            [
              -47.9314686,
              -22.6597787
            ],
            [
              -47.9318249,
              -22.6599894
            ],
            [
              -47.9323185,
              -22.6602622
            ],
            [
              -47.9329147,
              -22.6605235
            ],
            [
              -47.9334124,
              -22.6606285
            ],
            [
              -47.9338718,
              -22.6606508
            ],
            [
              -47.9343753,
              -22.6606049
            ],
            [
              -47.9348959,
              -22.6604947
            ],
            [
              -47.9356895,
              -22.6602847
            ],
            [
              -47.936587,
              -22.659925
            ],
            [
              -47.9375243,
              -22.6594762
            ],
            [
              -47.9382027,
              -22.6590693
            ],
            [
              -47.9389167,
              -22.6585627
            ],
            [
              -47.9394884,
              -22.6582017
            ],
            [
              -47.9402479,
              -22.6578001
            ],
            [
              -47.9405793,
              -22.6577043
            ],
            [
              -47.9408026,
              -22.6575849
            ],
            [
              -47.9410487,
              -22.6575127
            ],
            [
              -47.941299,
              -22.6574378
            ],
            [
              -47.9414384,
              -22.6574378
            ],
            [
              -47.9418153,
              -22.6575363
            ],
            [
              -47.9419874,
              -22.6576544
            ],
            [
              -47.942067,
              -22.6577988
            ],
            [
              -47.9420443,
              -22.6579642
            ],
            [
              -47.9421011,
              -22.65806
            ],
            [
              -47.9421737,
              -22.6583054
            ],
            [
              -47.9421694,
              -22.6586677
            ],
            [
              -47.9424581,
              -22.6590811
            ],
            [
              -47.9424667,
              -22.6592058
            ],
            [
              -47.9426587,
              -22.6595116
            ],
            [
              -47.9430043,
              -22.6598292
            ],
            [
              -47.9429943,
              -22.6599657
            ],
            [
              -47.9431949,
              -22.6600904
            ],
            [
              -47.9434566,
              -22.6603857
            ],
            [
              -47.9435675,
              -22.6605038
            ],
            [
              -47.9436912,
              -22.6607073
            ],
            [
              -47.9438505,
              -22.6609553
            ],
            [
              -47.9439643,
              -22.6612441
            ],
            [
              -47.9439885,
              -22.6615381
            ],
            [
              -47.9439103,
              -22.6617993
            ],
            [
              -47.9440226,
              -22.6621038
            ],
            [
              -47.9442502,
              -22.6626012
            ],
            [
              -47.9443611,
              -22.6627272
            ],
            [
              -47.9445844,
              -22.6627613
            ],
            [
              -47.9449628,
              -22.662777
            ],
            [
              -47.9457393,
              -22.6627731
            ],
            [
              -47.9466695,
              -22.6627364
            ],
            [
              -47.9469568,
              -22.6627206
            ],
            [
              -47.9472313,
              -22.6627784
            ],
            [
              -47.9483506,
              -22.66284
            ],
            [
              -47.9490646,
              -22.6629529
            ],
            [
              -47.949561,
              -22.6630999
            ],
            [
              -47.9499749,
              -22.6632285
            ],
            [
              -47.9504129,
              -22.6634307
            ],
            [
              -47.9510473,
              -22.6637798
            ],
            [
              -47.9515508,
              -22.6640528
            ],
            [
              -47.9522903,
              -22.6644832
            ],
            [
              -47.9526362,
              -22.6646178
            ],
            [
              -47.9528152,
              -22.6646494
            ],
            [
              -47.9530022,
              -22.6647645
            ],
            [
              -47.9533382,
              -22.6648591
            ],
            [
              -47.9540421,
              -22.6649278
            ],
            [
              -47.9545249,
              -22.6651023
            ],
            [
              -47.9553013,
              -22.6652043
            ],
            [
              -47.9563231,
              -22.6651078
            ],
            [
              -47.9575943,
              -22.6649501
            ],
            [
              -47.9586161,
              -22.6647236
            ],
            [
              -47.9594307,
              -22.6644582
            ],
            [
              -47.9601608,
              -22.6641297
            ],
            [
              -47.9607441,
              -22.663764
            ],
            [
              -47.9615246,
              -22.6631404
            ],
            [
              -47.9618041,
              -22.6628972
            ],
            [
              -47.9617619,
              -22.6627951
            ],
            [
              -47.9618363,
              -22.6626819
            ],
            [
              -47.961955,
              -22.6626504
            ],
            [
              -47.9620214,
              -22.6624165
            ],
            [
              -47.9620214,
              -22.662216
            ],
            [
              -47.9621984,
              -22.6620713
            ],
            [
              -47.9626932,
              -22.6616017
            ],
            [
              -47.9629708,
              -22.6615014
            ],
            [
              -47.9633107,
              -22.6614977
            ],
            [
              -47.9635118,
              -22.6615404
            ],
            [
              -47.963717,
              -22.6617223
            ],
            [
              -47.9639342,
              -22.6620379
            ],
            [
              -47.9641655,
              -22.662203
            ],
            [
              -47.9645256,
              -22.6622847
            ],
            [
              -47.9649017,
              -22.6624184
            ],
            [
              -47.9655454,
              -22.6628304
            ],
            [
              -47.9663298,
              -22.663352
            ],
            [
              -47.9670559,
              -22.6639218
            ],
            [
              -47.9676734,
              -22.6645324
            ],
            [
              -47.9682608,
              -22.6650299
            ],
            [
              -47.9687596,
              -22.6654623
            ],
            [
              -47.9691377,
              -22.6657333
            ],
            [
              -47.969713,
              -22.6659839
            ],
            [
              -47.9702701,
              -22.6661491
            ],
            [
              -47.971129,
              -22.666344
            ],
            [
              -47.9716548,
              -22.6664151
            ],
            [
              -47.9724544,
              -22.6664986
            ],
            [
              -47.9729683,
              -22.6664949
            ],
            [
              -47.973633,
              -22.6664596
            ],
            [
              -47.9741208,
              -22.6664086
            ],
            [
              -47.9749535,
              -22.6662851
            ],
            [
              -47.9755992,
              -22.6661357
            ],
            [
              -47.9761845,
              -22.6659678
            ],
            [
              -47.9765999,
              -22.6658156
            ],
            [
              -47.9770172,
              -22.665604
            ],
            [
              -47.9775211,
              -22.6652838
            ],
            [
              -47.978035,
              -22.6649117
            ],
            [
              -47.9784192,
              -22.6645896
            ],
            [
              -47.9788114,
              -22.6642203
            ],
            [
              -47.979618,
              -22.6633693
            ],
            [
              -47.9799871,
              -22.6630352
            ],
            [
              -47.9803914,
              -22.6627085
            ],
            [
              -47.9808469,
              -22.6624301
            ],
            [
              -47.9810783,
              -22.6623066
            ],
            [
              -47.9814363,
              -22.6620245
            ],
            [
              -47.981731,
              -22.6618296
            ],
            [
              -47.9821383,
              -22.6616858
            ],
            [
              -47.9824762,
              -22.6615475
            ],
            [
              -47.9825999,
              -22.6615382
            ],
            [
              -47.9827417,
              -22.661476
            ],
            [
              -47.982794,
              -22.6614315
            ],
            [
              -47.9830997,
              -22.6612904
            ],
            [
              -47.9833813,
              -22.6612301
            ],
            [
              -47.9836378,
              -22.6610983
            ],
            [
              -47.9839727,
              -22.660909
            ],
            [
              -47.9839948,
              -22.6608477
            ],
            [
              -47.9840984,
              -22.6608487
            ],
            [
              -47.9842462,
              -22.6606965
            ],
            [
              -47.984384,
              -22.6605081
            ],
            [
              -47.9844785,
              -22.6602287
            ],
            [
              -47.9845691,
              -22.6599308
            ],
            [
              -47.9846314,
              -22.659567
            ],
            [
              -47.9846274,
              -22.6592301
            ],
            [
              -47.984553,
              -22.6587531
            ],
            [
              -47.9844504,
              -22.658405
            ],
            [
              -47.9843126,
              -22.6580561
            ],
            [
              -47.9841386,
              -22.6571447
            ],
            [
              -47.9840923,
              -22.6568811
            ],
            [
              -47.9841034,
              -22.6567029
            ],
            [
              -47.9840682,
              -22.6565173
            ],
            [
              -47.9841396,
              -22.6561275
            ],
            [
              -47.9842362,
              -22.6558788
            ],
            [
              -47.9844112,
              -22.6555317
            ],
            [
              -47.984566,
              -22.6554027
            ],
            [
              -47.9847481,
              -22.6551827
            ],
            [
              -47.9849673,
              -22.6550017
            ],
            [
              -47.9850528,
              -22.6549767
            ],
            [
              -47.9851393,
              -22.6548634
            ],
            [
              -47.9852077,
              -22.6548365
            ],
            [
              -47.9853173,
              -22.6547066
            ],
            [
              -47.9855486,
              -22.6546797
            ],
            [
              -47.985795,
              -22.6545303
            ],
            [
              -47.9862094,
              -22.654379
            ],
            [
              -47.9865593,
              -22.6542899
            ],
            [
              -47.9868138,
              -22.6542555
            ],
            [
              -47.9871426,
              -22.6542565
            ],
            [
              -47.9872372,
              -22.6541869
            ],
            [
              -47.987734,
              -22.654211
            ],
            [
              -47.9879351,
              -22.6541841
            ],
            [
              -47.9880186,
              -22.6542193
            ],
            [
              -47.9882791,
              -22.6542175
            ],
            [
              -47.9883837,
              -22.6541395
            ],
            [
              -47.9887528,
              -22.6540746
            ],
            [
              -47.9890676,
              -22.6540319
            ],
            [
              -47.9894196,
              -22.6539799
            ],
            [
              -47.9898611,
              -22.6539585
            ],
            [
              -47.9903619,
              -22.6539688
            ],
            [
              -47.9908446,
              -22.6540746
            ],
            [
              -47.9913213,
              -22.6542017
            ],
            [
              -47.9916281,
              -22.6542741
            ],
            [
              -47.9918785,
              -22.6543864
            ],
            [
              -47.9920927,
              -22.654611
            ],
            [
              -47.9921038,
              -22.6546695
            ],
            [
              -47.9923109,
              -22.6547948
            ],
            [
              -47.9926056,
              -22.6549618
            ],
            [
              -47.9929114,
              -22.655153
            ],
            [
              -47.9930361,
              -22.6553535
            ],
            [
              -47.9930703,
              -22.6555688
            ],
            [
              -47.9930542,
              -22.655747
            ],
            [
              -47.9930753,
              -22.6559141
            ],
            [
              -47.9930471,
              -22.6560189
            ],
            [
              -47.9931839,
              -22.6561368
            ],
            [
              -47.9933669,
              -22.6562547
            ],
            [
              -47.9935771,
              -22.6565043
            ],
            [
              -47.9936314,
              -22.6566992
            ],
            [
              -47.9937411,
              -22.6568561
            ],
            [
              -47.9937944,
              -22.656986
            ],
            [
              -47.9939543,
              -22.6570872
            ],
            [
              -47.994083,
              -22.6573842
            ],
            [
              -47.9942389,
              -22.6575605
            ],
            [
              -47.9943374,
              -22.6577517
            ],
            [
              -47.9944853,
              -22.6578083
            ],
            [
              -47.9945557,
              -22.6579215
            ],
            [
              -47.9945054,
              -22.6580385
            ],
            [
              -47.9946613,
              -22.6582324
            ],
            [
              -47.9949942,
              -22.6584496
            ],
            [
              -47.9952396,
              -22.6586649
            ],
            [
              -47.995498,
              -22.6587948
            ],
            [
              -47.995843,
              -22.6588682
            ],
            [
              -47.9961336,
              -22.6589146
            ],
            [
              -47.99653,
              -22.6589537
            ],
            [
              -47.9966225,
              -22.6588646
            ],
            [
              -47.9968397,
              -22.6587866
            ],
            [
              -47.9970429,
              -22.6588256
            ],
            [
              -47.9977609,
              -22.6586233
            ],
            [
              -47.9984026,
              -22.6583486
            ],
            [
              -47.9989457,
              -22.6580423
            ],
            [
              -47.9995471,
              -22.6576061
            ],
            [
              -48.000056,
              -22.6571458
            ],
            [
              -48.0003476,
              -22.6568005
            ],
            [
              -48.0008344,
              -22.6560877
            ],
            [
              -48.0017505,
              -22.6546795
            ],
            [
              -48.0020122,
              -22.6544853
            ],
            [
              -48.0022447,
              -22.6543513
            ],
            [
              -48.0024815,
              -22.6542149
            ],
            [
              -48.0026405,
              -22.6541913
            ],
            [
              -48.0029392,
              -22.6540325
            ],
            [
              -48.0032677,
              -22.6539288
            ],
            [
              -48.0037214,
              -22.6538697
            ],
            [
              -48.0038665,
              -22.653808
            ],
            [
              -48.0039675,
              -22.6538723
            ],
            [
              -48.0041026,
              -22.6539065
            ],
            [
              -48.0042562,
              -22.6538815
            ],
            [
              -48.0043401,
              -22.6538395
            ],
            [
              -48.0045364,
              -22.6538408
            ],
            [
              -48.0048877,
              -22.6537739
            ],
            [
              -48.004956,
              -22.653724
            ],
            [
              -48.0050953,
              -22.6538015
            ],
            [
              -48.0056045,
              -22.6538802
            ],
            [
              -48.0061578,
              -22.6540837
            ],
            [
              -48.0062675,
              -22.6541695
            ],
            [
              -48.0067141,
              -22.6543663
            ],
            [
              -48.0071706,
              -22.6547171
            ],
            [
              -48.0075247,
              -22.6550289
            ],
            [
              -48.007762,
              -22.6552925
            ],
            [
              -48.0080034,
              -22.6555951
            ],
            [
              -48.00811,
              -22.655918
            ],
            [
              -48.0082286,
              -22.6564007
            ],
            [
              -48.0082347,
              -22.656744
            ],
            [
              -48.0083171,
              -22.6568888
            ],
            [
              -48.0083212,
              -22.6572062
            ],
            [
              -48.0083131,
              -22.6579097
            ],
            [
              -48.0083111,
              -22.6581417
            ],
            [
              -48.0083755,
              -22.6582141
            ],
            [
              -48.0084398,
              -22.6594837
            ],
            [
              -48.0085485,
              -22.6597343
            ],
            [
              -48.0086913,
              -22.660035
            ],
            [
              -48.0088864,
              -22.6602689
            ],
            [
              -48.0090171,
              -22.6603357
            ],
            [
              -48.0093591,
              -22.6603376
            ],
            [
              -48.0097714,
              -22.6602893
            ],
            [
              -48.0101515,
              -22.6602745
            ],
            [
              -48.0108998,
              -22.6602912
            ],
            [
              -48.0114911,
              -22.6601448
            ],
            [
              -48.0120321,
              -22.6599573
            ],
            [
              -48.012543,
              -22.6596529
            ],
            [
              -48.012885,
              -22.6592668
            ],
            [
              -48.0131967,
              -22.6587953
            ],
            [
              -48.0135286,
              -22.6582144
            ],
            [
              -48.0137197,
              -22.6576724
            ],
            [
              -48.0138363,
              -22.6572659
            ],
            [
              -48.0139349,
              -22.6566682
            ],
            [
              -48.0140134,
              -22.656128
            ],
            [
              -48.0141702,
              -22.6556435
            ],
            [
              -48.0142929,
              -22.6552612
            ],
            [
              -48.0143915,
              -22.654966
            ],
            [
              -48.0146007,
              -22.654734
            ],
            [
              -48.0148602,
              -22.6545948
            ],
            [
              -48.0153027,
              -22.6545243
            ],
            [
              -48.0158035,
              -22.6545688
            ],
            [
              -48.0161354,
              -22.654398
            ],
            [
              -48.0165799,
              -22.6545558
            ],
            [
              -48.0171974,
              -22.6545855
            ],
            [
              -48.0177244,
              -22.6545187
            ],
            [
              -48.0182373,
              -22.6543628
            ],
            [
              -48.0186919,
              -22.654166
            ],
            [
              -48.0188468,
              -22.6540008
            ],
            [
              -48.0191646,
              -22.6535256
            ],
            [
              -48.0193758,
              -22.6533084
            ],
            [
              -48.0196936,
              -22.6531599
            ],
            [
              -48.0200234,
              -22.6530894
            ],
            [
              -48.0205001,
              -22.653082
            ],
            [
              -48.0208662,
              -22.6531191
            ],
            [
              -48.0215038,
              -22.6528963
            ],
            [
              -48.0219986,
              -22.6525975
            ],
            [
              -48.022594,
              -22.652501
            ],
            [
              -48.0232397,
              -22.6525715
            ],
            [
              -48.0237687,
              -22.652668
            ],
            [
              -48.024362,
              -22.6527757
            ],
            [
              -48.0248749,
              -22.6528202
            ],
            [
              -48.0257459,
              -22.6527052
            ],
            [
              -48.0264418,
              -22.6523692
            ],
            [
              -48.0269889,
              -22.6520982
            ],
            [
              -48.0273811,
              -22.652061
            ],
            [
              -48.0279604,
              -22.652126
            ],
            [
              -48.0281353,
              -22.6521589
            ],
            [
              -48.0281353,
              -22.6526656
            ],
            [
              -48.0276773,
              -22.6526656
            ],
            [
              -48.0272393,
              -22.6527338
            ],
            [
              -48.0267841,
              -22.6529307
            ],
            [
              -48.0263461,
              -22.6532956
            ],
            [
              -48.0260799,
              -22.6535029
            ],
            [
              -48.025982,
              -22.6535791
            ],
            [
              -48.0257402,
              -22.6538679
            ],
            [
              -48.0252822,
              -22.6542879
            ],
            [
              -48.0252168,
              -22.6544559
            ],
            [
              -48.0252566,
              -22.6546817
            ],
            [
              -48.0253445,
              -22.6548125
            ],
            [
              -48.025433,
              -22.6549442
            ],
            [
              -48.0259365,
              -22.6552959
            ],
            [
              -48.0263859,
              -22.6557238
            ],
            [
              -48.0267671,
              -22.6562252
            ],
            [
              -48.0273047,
              -22.6567292
            ],
            [
              -48.0276119,
              -22.6572096
            ],
            [
              -48.0276773,
              -22.6576348
            ],
            [
              -48.0276574,
              -22.6579604
            ],
            [
              -48.0274668,
              -22.6583462
            ],
            [
              -48.0273531,
              -22.6585536
            ],
            [
              -48.0273189,
              -22.6589211
            ],
            [
              -48.0267415,
              -22.6590681
            ],
            [
              -48.0261284,
              -22.6592366
            ],
            [
              -48.0258325,
              -22.6593731
            ],
            [
              -48.0254115,
              -22.6596566
            ],
            [
              -48.0250474,
              -22.6594991
            ],
            [
              -48.0248111,
              -22.6594273
            ],
            [
              -48.0243646,
              -22.6595219
            ],
            [
              -48.0235339,
              -22.6596704
            ],
            [
              -48.0231095,
              -22.6596927
            ],
            [
              -48.0221822,
              -22.6596166
            ],
            [
              -48.0215547,
              -22.6594291
            ],
            [
              -48.0210619,
              -22.6592212
            ],
            [
              -48.0206978,
              -22.6591247
            ],
            [
              -48.0201809,
              -22.6591006
            ],
            [
              -48.0193462,
              -22.6591953
            ],
            [
              -48.0187749,
              -22.6593215
            ],
            [
              -48.0180468,
              -22.6596073
            ],
            [
              -48.0175942,
              -22.6598969
            ],
            [
              -48.0171397,
              -22.6602718
            ],
            [
              -48.0167937,
              -22.6605966
            ],
            [
              -48.0162888,
              -22.6609307
            ],
            [
              -48.0154139,
              -22.6612908
            ],
            [
              -48.0146777,
              -22.6616027
            ],
            [
              -48.0140542,
              -22.6617808
            ],
            [
              -48.0132536,
              -22.6618644
            ],
            [
              -48.0125798,
              -22.6619071
            ],
            [
              -48.0121353,
              -22.6619943
            ],
            [
              -48.0117974,
              -22.6621762
            ],
            [
              -48.011548,
              -22.6624268
            ],
            [
              -48.0113991,
              -22.6627145
            ],
            [
              -48.0113931,
              -22.6629576
            ],
            [
              -48.0114574,
              -22.6632063
            ],
            [
              -48.011729,
              -22.6635998
            ],
            [
              -48.0120609,
              -22.6639061
            ],
            [
              -48.0122318,
              -22.6639766
            ],
            [
              -48.0125899,
              -22.6641752
            ],
            [
              -48.012972,
              -22.6644295
            ],
            [
              -48.0132898,
              -22.6646986
            ],
            [
              -48.013672,
              -22.6649139
            ],
            [
              -48.0137786,
              -22.6650569
            ],
            [
              -48.014032,
              -22.6650773
            ],
            [
              -48.0143197,
              -22.6651497
            ],
            [
              -48.0146053,
              -22.6653483
            ],
            [
              -48.0146455,
              -22.6655042
            ],
            [
              -48.0148072,
              -22.6656585
            ],
            [
              -48.0149299,
              -22.665872
            ],
            [
              -48.0150285,
              -22.6659295
            ],
            [
              -48.0151713,
              -22.6664306
            ],
            [
              -48.0150285,
              -22.6665958
            ],
            [
              -48.0150607,
              -22.6667814
            ],
            [
              -48.0150023,
              -22.6668816
            ],
            [
              -48.0149443,
              -22.6670671
            ],
            [
              -48.0148636,
              -22.6673252
            ],
            [
              -48.014769,
              -22.6675108
            ],
            [
              -48.0145699,
              -22.6677781
            ],
            [
              -48.0142038,
              -22.6681363
            ],
            [
              -48.0137995,
              -22.6684184
            ],
            [
              -48.0131303,
              -22.6688201
            ]
          ],
          [
            [
              -48.0136446,
              -22.6675787
            ],
            [
              -48.0137767,
              -22.6674802
            ],
            [
              -48.0139765,
              -22.6672844
            ],
            [
              -48.0141412,
              -22.6670605
            ],
            [
              -48.0143015,
              -22.666744
            ],
            [
              -48.0144346,
              -22.6663858
            ],
            [
              -48.0144369,
              -22.6662108
            ],
            [
              -48.01435,
              -22.6659942
            ],
            [
              -48.0142101,
              -22.6658317
            ],
            [
              -48.014042,
              -22.6657047
            ],
            [
              -48.013748,
              -22.6655626
            ],
            [
              -48.0135517,
              -22.665514
            ],
            [
              -48.012899,
              -22.6651797
            ],
            [
              -48.0123547,
              -22.664866
            ],
            [
              -48.0116477,
              -22.6643844
            ],
            [
              -48.0111753,
              -22.6640103
            ],
            [
              -48.0108801,
              -22.6636466
            ],
            [
              -48.0108418,
              -22.6634345
            ],
            [
              -48.0107779,
              -22.6630501
            ],
            [
              -48.0107013,
              -22.6626628
            ],
            [
              -48.0107859,
              -22.6623712
            ],
            [
              -48.0108705,
              -22.6622003
            ],
            [
              -48.0109918,
              -22.6620604
            ],
            [
              -48.0111689,
              -22.6619544
            ],
            [
              -48.0114035,
              -22.6617571
            ],
            [
              -48.0118456,
              -22.6615052
            ],
            [
              -48.0120627,
              -22.6613903
            ],
            [
              -48.0123611,
              -22.6613403
            ],
            [
              -48.0127314,
              -22.6613447
            ],
            [
              -48.0130346,
              -22.6613727
            ],
            [
              -48.0132309,
              -22.6613226
            ],
            [
              -48.0137911,
              -22.6611267
            ],
            [
              -48.0144183,
              -22.6609279
            ],
            [
              -48.0150774,
              -22.6607055
            ],
            [
              -48.0154653,
              -22.6605155
            ],
            [
              -48.0159121,
              -22.660221
            ],
            [
              -48.0162537,
              -22.659975
            ],
            [
              -48.0168011,
              -22.6595273
            ],
            [
              -48.0171059,
              -22.6593182
            ],
            [
              -48.0176805,
              -22.6589868
            ],
            [
              -48.0184465,
              -22.6586731
            ],
            [
              -48.0188854,
              -22.6584919
            ],
            [
              -48.0192477,
              -22.6584036
            ],
            [
              -48.0195366,
              -22.6583608
            ],
            [
              -48.0198941,
              -22.6583594
            ],
            [
              -48.020175,
              -22.6584153
            ],
            [
              -48.0205197,
              -22.6584286
            ],
            [
              -48.0207527,
              -22.6584905
            ],
            [
              -48.0211373,
              -22.6586245
            ],
            [
              -48.0214581,
              -22.6587158
            ],
            [
              -48.0217196,
              -22.6588123
            ],
            [
              -48.0220803,
              -22.6589184
            ],
            [
              -48.022524,
              -22.6589066
            ],
            [
              -48.022757,
              -22.6589331
            ],
            [
              -48.0233156,
              -22.6589272
            ],
            [
              -48.0243051,
              -22.6587682
            ],
            [
              -48.0249272,
              -22.6587252
            ],
            [
              -48.0252319,
              -22.6587231
            ],
            [
              -48.0257093,
              -22.6586471
            ],
            [
              -48.0262837,
              -22.65847
            ],
            [
              -48.0265918,
              -22.6583367
            ],
            [
              -48.0268638,
              -22.6581701
            ],
            [
              -48.0269924,
              -22.6579764
            ],
            [
              -48.0270432,
              -22.6577827
            ],
            [
              -48.027041,
              -22.6575734
            ],
            [
              -48.026989,
              -22.6573901
            ],
            [
              -48.0267035,
              -22.6571714
            ],
            [
              -48.0266382,
              -22.6570281
            ],
            [
              -48.0264013,
              -22.6567074
            ],
            [
              -48.0257715,
              -22.6561242
            ],
            [
              -48.0250662,
              -22.6555399
            ],
            [
              -48.0247265,
              -22.6550036
            ],
            [
              -48.0246452,
              -22.6549359
            ],
            [
              -48.0246012,
              -22.6547911
            ],
            [
              -48.0246351,
              -22.6546693
            ],
            [
              -48.0245301,
              -22.6544485
            ],
            [
              -48.0244951,
              -22.6543131
            ],
            [
              -48.0246023,
              -22.6541287
            ],
            [
              -48.0251012,
              -22.6537153
            ],
            [
              -48.0254239,
              -22.6533737
            ],
            [
              -48.0254724,
              -22.6532966
            ],
            [
              -48.0254442,
              -22.6532258
            ],
            [
              -48.0253855,
              -22.653181
            ],
            [
              -48.025319,
              -22.6531821
            ],
            [
              -48.0251,
              -22.6532081
            ],
            [
              -48.0247355,
              -22.65323
            ],
            [
              -48.0243518,
              -22.6532039
            ],
            [
              -48.0239128,
              -22.6531092
            ],
            [
              -48.023379,
              -22.6529967
            ],
            [
              -48.0230111,
              -22.6529706
            ],
            [
              -48.0229107,
              -22.6530321
            ],
            [
              -48.0228091,
              -22.652979
            ],
            [
              -48.0223904,
              -22.6529894
            ],
            [
              -48.0220936,
              -22.6530571
            ],
            [
              -48.0220598,
              -22.6531175
            ],
            [
              -48.0219661,
              -22.6531779
            ],
            [
              -48.0217393,
              -22.6532175
            ],
            [
              -48.0215621,
              -22.6533154
            ],
            [
              -48.021377,
              -22.6534206
            ],
            [
              -48.0212868,
              -22.6535007
            ],
            [
              -48.0211378,
              -22.6535559
            ],
            [
              -48.0207898,
              -22.6535846
            ],
            [
              -48.0204039,
              -22.6535742
            ],
            [
              -48.0200202,
              -22.6535575
            ],
            [
              -48.0197922,
              -22.6536075
            ],
            [
              -48.0196816,
              -22.6536929
            ],
            [
              -48.0194947,
              -22.6539449
            ],
            [
              -48.0192848,
              -22.6542886
            ],
            [
              -48.0190647,
              -22.6545448
            ],
            [
              -48.0187555,
              -22.6547479
            ],
            [
              -48.0185027,
              -22.6548187
            ],
            [
              -48.0182533,
              -22.6548333
            ],
            [
              -48.0181055,
              -22.6549093
            ],
            [
              -48.0179892,
              -22.6550166
            ],
            [
              -48.0175468,
              -22.6550728
            ],
            [
              -48.0169262,
              -22.6551186
            ],
            [
              -48.0163351,
              -22.6550358
            ],
            [
              -48.0156963,
              -22.6549837
            ],
            [
              -48.0153938,
              -22.6549764
            ],
            [
              -48.0150959,
              -22.6550296
            ],
            [
              -48.0149165,
              -22.655166
            ],
            [
              -48.0148115,
              -22.655318
            ],
            [
              -48.0146738,
              -22.6556575
            ],
            [
              -48.0146829,
              -22.6557815
            ],
            [
              -48.0146016,
              -22.6560991
            ],
            [
              -48.014631,
              -22.6561918
            ],
            [
              -48.0145757,
              -22.6563511
            ],
            [
              -48.0145181,
              -22.6564168
            ],
            [
              -48.0145001,
              -22.6566157
            ],
            [
              -48.0144797,
              -22.65685
            ],
            [
              -48.0144256,
              -22.6571385
            ],
            [
              -48.0144369,
              -22.6573061
            ],
            [
              -48.0143421,
              -22.6574873
            ],
            [
              -48.0143093,
              -22.6577227
            ],
            [
              -48.0142066,
              -22.6580789
            ],
            [
              -48.0139996,
              -22.6586001
            ],
            [
              -48.0137953,
              -22.6588799
            ],
            [
              -48.0137027,
              -22.6591421
            ],
            [
              -48.0135559,
              -22.6594043
            ],
            [
              -48.0135655,
              -22.6595103
            ],
            [
              -48.0132782,
              -22.6598373
            ],
            [
              -48.0129271,
              -22.6601318
            ],
            [
              -48.0124994,
              -22.6604411
            ],
            [
              -48.012027,
              -22.6606561
            ],
            [
              -48.0116041,
              -22.6607768
            ],
            [
              -48.0110646,
              -22.6608298
            ],
            [
              -48.0106991,
              -22.6608313
            ],
            [
              -48.0105044,
              -22.6608696
            ],
            [
              -48.0101022,
              -22.66074
            ],
            [
              -48.0096188,
              -22.6607985
            ],
            [
              -48.0094337,
              -22.6608692
            ],
            [
              -48.0092453,
              -22.6608839
            ],
            [
              -48.0089788,
              -22.6608338
            ],
            [
              -48.0086548,
              -22.6608279
            ],
            [
              -48.0084633,
              -22.6607278
            ],
            [
              -48.0084537,
              -22.6606541
            ],
            [
              -48.008366,
              -22.6606232
            ],
            [
              -48.0082862,
              -22.6606748
            ],
            [
              -48.0082159,
              -22.6607985
            ],
            [
              -48.0082686,
              -22.660878
            ],
            [
              -48.0081489,
              -22.6610591
            ],
            [
              -48.0080164,
              -22.6611887
            ],
            [
              -48.0079223,
              -22.6613596
            ],
            [
              -48.0076829,
              -22.6615702
            ],
            [
              -48.0074451,
              -22.6618014
            ],
            [
              -48.0071275,
              -22.6618706
            ],
            [
              -48.0069551,
              -22.6620429
            ],
            [
              -48.006837,
              -22.6621711
            ],
            [
              -48.0064971,
              -22.6624509
            ],
            [
              -48.0061555,
              -22.6626703
            ],
            [
              -48.0057166,
              -22.6628736
            ],
            [
              -48.0053512,
              -22.6629443
            ],
            [
              -48.0051325,
              -22.6628912
            ],
            [
              -48.0049793,
              -22.6628971
            ],
            [
              -48.0048676,
              -22.662956
            ],
            [
              -48.0047894,
              -22.6630474
            ],
            [
              -48.004558,
              -22.6630812
            ],
            [
              -48.0043473,
              -22.663149
            ],
            [
              -48.0037488,
              -22.6633095
            ],
            [
              -48.0032397,
              -22.6633949
            ],
            [
              -48.002729,
              -22.6634524
            ],
            [
              -48.0021912,
              -22.6635289
            ],
            [
              -48.0017363,
              -22.6637351
            ],
            [
              -48.0014682,
              -22.6639899
            ],
            [
              -48.0013804,
              -22.6642138
            ],
            [
              -48.0013533,
              -22.664526
            ],
            [
              -48.0013996,
              -22.6647984
            ],
            [
              -48.0016006,
              -22.6651048
            ],
            [
              -48.0018097,
              -22.665308
            ],
            [
              -48.002255,
              -22.6655039
            ],
            [
              -48.0030562,
              -22.6658485
            ],
            [
              -48.0038861,
              -22.6660782
            ],
            [
              -48.0044893,
              -22.6661725
            ],
            [
              -48.0052379,
              -22.666199
            ],
            [
              -48.0059896,
              -22.666115
            ],
            [
              -48.0066311,
              -22.6659884
            ],
            [
              -48.0072264,
              -22.6658514
            ],
            [
              -48.0077818,
              -22.6658028
            ],
            [
              -48.0083372,
              -22.6658455
            ],
            [
              -48.0087346,
              -22.6658676
            ],
            [
              -48.009065,
              -22.6659221
            ],
            [
              -48.0094305,
              -22.6660576
            ],
            [
              -48.0097273,
              -22.6662196
            ],
            [
              -48.0099811,
              -22.666467
            ],
            [
              -48.0101822,
              -22.666738
            ],
            [
              -48.0102588,
              -22.6670634
            ],
            [
              -48.0102829,
              -22.667399
            ],
            [
              -48.0102527,
              -22.6679254
            ],
            [
              -48.0102279,
              -22.6680733
            ],
            [
              -48.010141,
              -22.6681858
            ],
            [
              -48.0101229,
              -22.6684544
            ],
            [
              -48.0101512,
              -22.6688002
            ],
            [
              -48.0101884,
              -22.6690084
            ],
            [
              -48.0102843,
              -22.6692292
            ],
            [
              -48.0104773,
              -22.6694479
            ],
            [
              -48.0106827,
              -22.6695832
            ],
            [
              -48.0109502,
              -22.669602
            ],
            [
              -48.0111251,
              -22.6695426
            ],
            [
              -48.0113209,
              -22.6694166
            ],
            [
              -48.0116113,
              -22.6691221
            ],
            [
              -48.0121859,
              -22.668589
            ],
            [
              -48.0126765,
              -22.6682598
            ],
            [
              -48.0129232,
              -22.6680942
            ],
            [
              -48.0136446,
              -22.6675787
            ]
          ]
        ]
      }
    },
    {
      "type": "Feature",
      "properties": {
        "id": "propriedade-artemis-demo",
        "role": "property_boundary",
        "synthetic": true,
        "note": "Limite de propriedade fictício, demonstração. Desenhado sobre o talhão de cana way OSM 201798960; não representa cadastro real."
      },
      "geometry": {
        "type": "Polygon",
        "coordinates": [
          [
            [
              -47.80676559664835,
              -22.669919651021562
            ],
            [
              -47.80092438134828,
              -22.669919651021562
            ],
            [
              -47.80092438134828,
              -22.666326389885086
            ],
            [
              -47.80676559664835,
              -22.666326389885086
            ],
            [
              -47.80676559664835,
              -22.669919651021562
            ]
          ]
        ]
      }
    },
    {
      "type": "Feature",
      "properties": {
        "id": "area-permitida-artemis-demo",
        "role": "allowed_area",
        "synthetic": true,
        "note": "Área permitida fictícia, demonstração. Menor que o limite de propriedade; mantém faixa de segurança operacional junto ao rio."
      },
      "geometry": {
        "type": "Polygon",
        "coordinates": [
          [
            [
              -47.80661956626585,
              -22.669784903728946
            ],
            [
              -47.801070411730784,
              -22.669784903728946
            ],
            [
              -47.801070411730784,
              -22.666461137177702
            ],
            [
              -47.80661956626585,
              -22.666461137177702
            ],
            [
              -47.80661956626585,
              -22.669784903728946
            ]
          ]
        ]
      }
    },
    {
      "type": "Feature",
      "properties": {
        "id": "declive-01",
        "role": "hazard",
        "category": "slope",
        "source": "Polígono fictício de demonstração; sem levantamento de campo.",
        "synthetic": true,
        "note": "Declive acentuado fictício, demonstração. Não representa relevo medido."
      },
      "geometry": {
        "type": "Polygon",
        "coordinates": [
          [
            [
              -47.80345557464498,
              -22.667655896505583
            ],
            [
              -47.80267674593831,
              -22.667655896505583
            ],
            [
              -47.80267674593831,
              -22.66711690733511
            ],
            [
              -47.80345557464498,
              -22.66711690733511
            ],
            [
              -47.80345557464498,
              -22.667655896505583
            ]
          ]
        ]
      }
    }
  ]
}
